block,allocation,pv_mode,statcom,x_kva_per_lot,route,status,pass,binding,vmax_v,vmax_at,vmin_v,vmin_at,vuf_pct,vuf_at,nev_pu,therm_util,therm_at,i_neutral_max_a,loss_kw,pv_p_kw,pv_pavail_kw,pv_curt_kw,pv_q_kvar,pv_q_ph1_kvar,pv_q_ph2_kvar,pv_q_ph3_kvar,droop_err_frac,sc_p1_kw,sc_p2_kw,sc_p3_kw,sc_q1_kvar,sc_q2_kvar,sc_q3_kvar,sc_util
0,3/3/3,unity,none,5.0,relaxed,LOCALLY_SOLVED,true,,239.52554450326068,endbus ph2,230.97810880001742,sourcebus ph2,1.6139319402161726e-14,mid2,7.273578028523139e-18,0.3233307514172692,line1 c2,3.541832177300803e-14,2.3459351453845683,105.00000000000105,105.0,-1.0436096431476471e-12,-1.4146899006154792e-20,-4.715611046923814e-21,-4.715616906871298e-21,-4.715671052359678e-21,1.304512053934559e-14,,,,,,,
0,3/3/3,vv,none,10.0,relaxed,LOCALLY_SOLVED,true,,247.85632789643884,endbus ph3,230.94477792960637,sourcebus ph2,1.6795272758555486e-14,mid2,2.8217745700211636e-17,0.7121664887158635,line1 c1,1.0472300012644777e-13,11.443803469543345,206.49016768524,210.0,3.5098323147599864,-29.825439613501864,-9.941813204500626,-9.94181320450061,-9.941813204500628,0.0006931471805565748,,,,,,,
1,3/3/3,unity,none,0.0,relaxed,LOCALLY_SOLVED,true,,230.8976733381301,sourcebus ph1,228.06691798458272,endbus ph2,1.5509690463795513e-14,sourcebus,6.0016244973344876e-18,0.09561615805840082,line1 c1,1.4185378289204954e-14,0.20673883136183344,0.0,0.0,0.0,0.0,0.0,0.0,0.0,0.0,,,,,,,
1,3/3/3,unity,none,20.0,relaxed,LOCALLY_SOLVED,false,therm line1 c1,269.1383970216948,endbus ph1,231.14503262009265,sourcebus ph2,1.5408690376992884e-14,sourcebus,3.651619400418457e-17,1.419562067260116,line1 c1,1.4303181189501311e-13,44.43804325982187,420.0000000000003,420.0,-2.6645352591003757e-13,-4.031150722210847e-20,-1.3437194065917437e-20,-1.3436972681587486e-20,-1.3437340474603545e-20,8.326672684688674e-16,,,,,,,
1,3/3/3,unity,none,10.0,relaxed,LOCALLY_SOLVED,true,,250.0768153350619,endbus ph3,231.04454787350912,sourcebus ph1,1.5076779767416756e-14,mid1,2.791514270396554e-17,0.7087286322338634,line1 c2,7.075817369404646e-14,11.197516700909619,210.00000000000054,210.0,-5.329070518200751e-13,-1.9836457838904416e-20,-6.61214635871713e-21,-6.612011500983567e-21,-6.612299979203719e-21,3.191891195797325e-15,,,,,,,
1,3/3/3,unity,none,15.0,relaxed,LOCALLY_SOLVED,false,therm line1 c1,259.90478893598004,endbus ph1,231.09957671293515,sourcebus ph1,1.3554576952544495e-14,mid2,3.830874719623487e-17,1.0730609145304713,line1 c1,1.0561786298394731e-13,25.521802706639296,315.0000000000003,315.0,-3.1086244689504383e-13,-2.896995080751066e-20,-9.656680417568333e-21,-9.656403346502596e-21,-9.656867043439731e-21,1.4802973661668755e-15,,,,,,,
1,3/3/3,unity,none,12.5,relaxed,LOCALLY_SOLVED,false,vmax endbus ph1,255.07216663417404,endbus ph1,231.07336020850505,sourcebus ph2,1.8610814185099497e-14,mid1,3.598506320070218e-17,0.8933158761851351,line1 c2,1.1587753085749838e-13,17.737104115832175,262.5000000000004,262.5,-3.9968028886505635e-13,-2.4068735963197545e-20,-8.02296234804944e-21,-8.02300326822835e-21,-8.022770346919755e-21,1.9984014443252818e-15,,,,,,,
1,3/3/3,unity,none,11.25,relaxed,LOCALLY_SOLVED,true,,252.59584302774337,endbus ph1,231.05929292926027,sourcebus ph1,1.4995104406498968e-14,endbus,3.991976783601824e-17,0.8016540842868596,line1 c1,7.388697232609502e-14,14.3047640881438,236.25000000000048,236.24999999999997,-4.884981308350689e-13,-2.1859948341785022e-20,-7.286603574481388e-21,-7.286739688210466e-21,-7.286605079093168e-21,2.5905203907920318e-15,,,,,,,
1,3/3/3,unity,none,11.875,relaxed,LOCALLY_SOLVED,false,vmax endbus ph1,253.8392099432528,endbus ph1,231.06640940040634,sourcebus ph1,1.46425158342563e-14,mid2,2.7467615265691583e-17,0.8476395152522207,line1 c1,8.536236096892464e-14,15.981203776454725,249.37500000000048,249.375,-4.884981308350689e-13,-2.2942356714922996e-20,-7.647483617478481e-21,-7.64741910175178e-21,-7.647453995692734e-21,2.3373116307898034e-15,,,,,,,
1,3/3/3,unity,none,11.5625,relaxed,LOCALLY_SOLVED,false,vmax endbus ph1,253.21884394127432,endbus ph1,231.0628721030964,sourcebus ph1,1.6879715421065193e-14,mid2,3.528746698872058e-17,0.8246858557306781,line1 c2,8.502440084047559e-14,15.132940913684212,242.81250000000045,242.8125,-4.440892098500626e-13,-2.239540024086823e-20,-7.465236716366493e-21,-7.465011429629342e-21,-7.465152094872395e-21,2.400482215405744e-15,,,,,,,
1,3/3/3,unity,none,11.40625,relaxed,LOCALLY_SOLVED,true,,252.90767490768616,endbus ph1,231.06108778004776,sourcebus ph2,1.6714213316365523e-14,mid1,2.6246667463231828e-17,0.8131797873131148,line1 c1,8.602921729945228e-14,14.716327699144438,239.53125000000045,239.53125000000003,-4.440892098500626e-13,-2.2126203014331256e-20,-7.375429201304934e-21,-7.37542472450583e-21,-7.375349088520492e-21,2.5550338100962506e-15,,,,,,,
1,3/3/3,unity,none,11.484375,relaxed,LOCALLY_SOLVED,false,vmax endbus ph3,253.06334202118623,endbus ph3,231.0619812538535,sourcebus ph1,1.597447619590823e-14,endbus,3.452208837602875e-17,0.8189352691609197,line1 c2,8.667095867536105e-14,14.924004872887087,241.17187500000048,241.171875,-4.884981308350689e-13,-2.2260751554191185e-20,-7.420195894541757e-21,-7.420277402131834e-21,-7.420278257517594e-21,2.4168120263948985e-15,,,,,,,
1,3/3/3,unity,none,11.4453125,relaxed,LOCALLY_SOLVED,true,,252.9855291458926,endbus ph1,231.06153484548028,sourcebus ph1,1.5094707810214834e-14,mid2,1.967879860938947e-17,0.816058140981268,line1 c1,8.410284859430165e-14,14.820008707464108,240.35156250000048,240.35156249999997,-4.884981308350689e-13,-2.2193168759663258e-20,-7.397773569208246e-21,-7.397766269538565e-21,-7.397628920916448e-21,2.5463135581846594e-15,,,,,,,
1,3/3/3,vv,none,0.0,relaxed,LOCALLY_SOLVED,true,,230.8976733381301,sourcebus ph1,228.06691798458272,endbus ph2,1.5509690463795513e-14,sourcebus,6.0016244973344876e-18,0.09561615805840082,line1 c1,1.4185378289204954e-14,0.20673883136183344,0.0,0.0,0.0,0.0,0.0,0.0,0.0,0.0,,,,,,,
1,3/3/3,vv,none,20.0,relaxed,LOCALLY_SOLVED,false,therm line1 c2,256.58879385313304,endbus ph1,230.6292756382342,sourcebus ph2,1.3833923941406455e-14,mid1,8.31185201806253e-17,1.438861859864602,line1 c2,2.1309168008415644e-13,47.341090328646835,382.9313855761298,420.0,37.068614423870194,-148.3409007616616,-49.44696692055386,-49.44696692055385,-49.44696692055388,4.702817181040375e-5,,,,,,,
1,3/3/3,vv,none,10.0,relaxed,LOCALLY_SOLVED,true,,247.85632789643884,endbus ph3,230.94477792960637,sourcebus ph2,1.6795272758555486e-14,mid2,2.8217745700211636e-17,0.7121664887158635,line1 c1,1.0472300012644777e-13,11.443803469543345,206.49016768524,210.0,3.5098323147599864,-29.825439613501864,-9.941813204500626,-9.94181320450061,-9.941813204500628,0.0006931471805565748,,,,,,,
1,3/3/3,vv,none,15.0,relaxed,LOCALLY_SOLVED,false,therm line1 c1,253.1804684452211,endbus ph1,230.8163438963185,sourcebus ph2,1.5949691227601694e-14,sourcebus,6.994457514575418e-17,1.0798797155038389,line1 c1,1.7339735738339123e-13,26.537879779454666,298.58417785421636,315.0,16.415822145783654,-82.84368262010561,-27.614560873368532,-27.61456087336852,-27.61456087336855,0.0005777509896920385,,,,,,,
1,3/3/3,vv,none,12.5,relaxed,LOCALLY_SOLVED,true,,250.82045580122036,endbus ph3,230.89056898139532,sourcebus ph1,9.206588411005454e-15,mid2,3.262430099434248e-17,0.8974431621902426,line1 c1,1.1044284455709615e-13,18.264103744910326,253.66627001054738,262.5,8.833729989452621,-53.99290985810781,-17.997636619369274,-17.99763661936926,-17.997636619369274,0.0006931474816544991,,,,,,,
1,3/3/3,vv,none,13.75,relaxed,LOCALLY_SOLVED,true,,252.07113134944944,endbus ph1,230.85661521416716,sourcebus ph1,1.667058573084785e-14,endbus,4.501369809254106e-17,0.9885019968548631,line1 c3,1.863744108979903e-13,22.209778040965166,276.3785544841943,288.75,12.371445515805712,-67.629228267753,-22.54307608925099,-22.54307608925098,-22.543076089251027,0.000737942449172733,,,,,,,
1,3/3/3,vv,none,14.375,relaxed,LOCALLY_SOLVED,false,therm line1 c1,252.64132210174907,endbus ph2,230.83694428613066,sourcebus ph2,1.7175754818708603e-14,endbus,4.734068427728342e-17,1.0342544681384687,line1 c1,2.238502296337654e-13,24.328692491769406,287.54470706844023,301.875,14.330292931559763,-75.1379509481066,-25.045983649368875,-25.04598364936883,-25.045983649368907,0.0006481326770093804,,,,,,,
1,3/3/3,vv,none,14.0625,relaxed,LOCALLY_SOLVED,false,therm line1 c1,252.36032287676815,endbus ph1,230.84692581617097,sourcebus ph2,1.1819646338412013e-14,endbus,3.655597611936776e-17,1.011383960579413,line1 c1,7.165776628283197e-14,23.257652052427822,281.9775615844475,295.3125,13.334938415552466,-71.34994113569493,-23.783313711898312,-23.783313711898295,-23.783313711898334,0.0006731579748517902,,,,,,,
1,3/3/3,vv,none,13.90625,relaxed,LOCALLY_SOLVED,true,,252.21679409611838,endbus ph2,230.85181475472797,sourcebus ph1,1.7280529482160973e-14,mid2,6.355769794030799e-17,0.9999415653870543,line1 c1,1.5114273410411495e-13,22.730744425056734,279.1820153066974,292.03125,12.849234693302636,-69.4788271555824,-23.159609051860805,-23.159609051860773,-23.15960905186082,0.0006825760355740608,,,,,,,
1,3/3/3,vv,none,13.984375,relaxed,LOCALLY_SOLVED,false,therm line1 c1,252.2888187380304,endbus ph1,230.84938010037993,sourcebus ph2,1.0936790298371046e-14,endbus,4.309697908074216e-17,1.0056628736887072,line1 c1,9.739672424345494e-14,22.993467447065584,280.5807836097064,293.671875,13.091091390293608,-70.41207339551016,-23.47069113183673,-23.47069113183672,-23.47069113183672,0.0006781447574332307,,,,,,,
1,3/3/3,vv,none,13.9453125,relaxed,LOCALLY_SOLVED,false,therm line1 c1,252.25287221258455,endbus ph1,230.85060001741272,sourcebus ph1,1.946468431301162e-14,mid2,2.4933945519220942e-17,1.0028021966275753,line1 c1,1.5326112147812043e-13,22.861921923152682,279.881647705829,292.8515625,12.969914794171045,-69.94483122228613,-23.314943740762054,-23.314943740762022,-23.314943740762068,0.0006804317919366959,,,,,,,
1,3/3/3,vvw,none,0.0,relaxed,LOCALLY_SOLVED,true,,230.8976733381301,sourcebus ph1,228.06691798458272,endbus ph2,1.5509690463795513e-14,sourcebus,6.0016244973344876e-18,0.09561615805840082,line1 c1,1.4185378289204954e-14,0.20673883136183344,0.0,0.0,0.0,0.0,0.0,0.0,0.0,0.0,,,,,,,
1,3/3/3,vvw,none,20.0,relaxed,LOCALLY_SOLVED,false,therm line1 c3,255.2227487220231,endbus ph2,230.66472425022448,sourcebus ph1,1.2668165366223505e-14,endbus,8.317470510052655e-17,1.3786766891642488,line1 c3,3.037514016948429e-13,42.21197477154369,368.0545958505181,420.0,51.945404149481874,-136.9559449298572,-45.65198164328573,-45.65198164328571,-45.651981643285765,0.0001552203888084691,,,,,,,
1,3/3/3,vvw,none,10.0,relaxed,LOCALLY_SOLVED,true,,247.8555980094494,endbus ph1,230.94477466818864,sourcebus ph1,1.6211273453903534e-14,sourcebus,4.3592823922217574e-17,0.7120756679199697,line1 c1,1.1349963845298304e-13,11.44218354937928,206.46635419664858,210.0,3.533645803351426,-29.8215561038539,-9.940518701284628,-9.940518701284622,-9.94051870128465,0.001098612288664702,,,,,,,
1,3/3/3,vvw,none,15.0,relaxed,LOCALLY_SOLVED,false,therm line1 c1,253.17978573827224,endbus ph3,230.81635510355747,sourcebus ph1,1.2709364465302233e-14,mid2,3.649274539972552e-17,1.0797621722624937,line1 c1,1.948282443855104e-13,26.534730904239566,298.55362371211856,315.0,16.446376287881435,-82.83464409282678,-27.611548030942256,-27.611548030942235,-27.61154803094229,0.0009420486540699196,,,,,,,
1,3/3/3,vvw,none,12.5,relaxed,LOCALLY_SOLVED,true,,250.8196848973905,endbus ph1,230.89056787276547,sourcebus ph1,1.549898597953894e-14,mid2,4.4477321103848984e-17,0.8973344539129253,line1 c1,1.3120758587245691e-13,18.26168240741175,253.6374080644002,262.5,8.862591935599795,-53.98762405690708,-17.995874685635695,-17.995874685635684,-17.995874685635705,0.0010986124849554635,,,,,,,
1,3/3/3,vvw,none,13.75,relaxed,LOCALLY_SOLVED,true,,252.07037651932993,endbus ph3,230.85662294071022,sourcebus ph1,1.3895122510339129e-14,mid2,4.455586544696668e-17,0.9883819664123843,line1 c3,1.5890019302647762e-13,22.206833623272797,276.3472422607835,288.75,12.402757739216508,-67.6209415425123,-22.54031384750409,-22.540313847504084,-22.540313847504116,0.0010927844669902677,,,,,,,
1,3/3/3,vvw,none,14.375,relaxed,LOCALLY_SOLVED,false,therm line1 c1,252.64059368814904,endbus ph1,230.83695473305653,sourcebus ph2,1.3968546499648623e-14,endbus,7.494819570851023e-17,1.0341331409146632,line1 c1,1.621888107388991e-13,24.325578902185214,287.5131893726078,301.875,14.361810627392169,-75.12888308766047,-25.042961029220155,-25.042961029220134,-25.04296102922018,0.001038201656877832,,,,,,,
1,3/3/3,vvw,none,14.0625,relaxed,LOCALLY_SOLVED,false,therm line1 c3,252.35957961719333,endbus ph1,230.84693538331965,sourcebus ph1,1.3710641420130915e-14,endbus,8.92194741475608e-17,1.0112625458003182,line1 c3,3.5300982834447047e-13,23.254604833915625,281.9459978877805,295.3125,13.36650211221948,-71.34109007443816,-23.780363358146044,-23.780363358146012,-23.780363358146094,0.0010714554806469717,,,,,,,
1,3/3/3,vvw,none,13.90625,relaxed,LOCALLY_SOLVED,true,,252.21604485854644,endbus ph1,230.8518235749775,sourcebus ph1,1.3368272809992903e-14,endbus,2.8882068379078925e-17,0.99982064066523,line1 c1,1.7197978506205038e-13,22.7277437567002,279.1505405949561,292.03125,12.88070940504391,-69.47019864422451,-23.156732881408168,-23.15673288140815,-23.15673288140819,0.0010837284580337693,,,,,,,
1,3/3/3,vvw,none,13.984375,relaxed,LOCALLY_SOLVED,false,therm line1 c1,252.28807240842457,endbus ph1,230.84938933009565,sourcebus ph2,1.336101720033895e-14,mid1,5.043872002532704e-17,1.005541655469858,line1 c1,1.5020829861260647e-13,22.990442321145842,280.54925505815345,293.671875,13.122619941846514,-70.40332091267605,-23.46777363755868,-23.46777363755867,-23.467773637558704,0.0010779762040354895,,,,,,,
1,3/3/3,vvw,none,13.9453125,relaxed,LOCALLY_SOLVED,false,therm line1 c1,252.252124412648,endbus ph1,230.8506090523412,sourcebus ph2,1.708400277896538e-14,mid2,1.1963209001261327e-16,1.0026811127282031,line1 c1,2.339538144919802e-13,22.858908725153313,279.8501437466745,292.8515625,13.001418753325478,-69.93613726567153,-23.31204575522383,-23.31204575522383,-23.312045755223878,0.0010809503191671196,,,,,,,
1,4/3/2,unity,none,0.0,relaxed,LOCALLY_SOLVED,true,,230.90448449696495,sourcebus ph3,226.5985596308876,endbus ph1,0.1624643651478821,endbus,0.003948354214635255,0.10981598105172564,line1 c1,7.816467641629408,0.22076981653996894,0.0,0.0,0.0,0.0,0.0,0.0,0.0,0.0,,,,,,,
1,4/3/2,unity,none,20.0,relaxed,LOCALLY_SOLVED,false,therm line1 c1,287.13275224421426,endbus ph1,231.10824541610788,sourcebus ph2,1.2099158730453041,endbus,0.05208442145986292,1.5437665217801255,line1 c1,104.36904874922877,46.003366869387555,420.0000000000003,420.0,-2.6645352591003757e-13,2.5436256410388003e-18,2.990466354671183e-16,-7.106111197221795e-16,4.141081098961e-16,8.326672684688674e-16,,,,,,,
1,4/3/2,unity,none,10.0,relaxed,LOCALLY_SOLVED,false,vmax endbus ph1,259.7926461683338,endbus ph1,231.03565922188162,sourcebus ph2,0.8239040765147051,endbus,0.026811132751122756,0.7867791219579772,line1 c1,53.69230389694441,11.69854977023884,210.00000000000054,210.0,-5.329070518200751e-13,5.31754354598884e-19,1.5286420154012373e-16,-3.450087615183672e-16,1.9267631433284237e-16,3.3306690738754696e-15,,,,,,,
1,4/3/2,unity,none,5.0,relaxed,LOCALLY_SOLVED,true,,244.2169052920991,endbus ph1,230.9737051522895,sourcebus ph3,0.4487906275992456,endbus,0.01264822656436711,0.36412477906082436,line1 c1,25.2282010072128,2.4713532421768014,105.00000000000105,105.0,-1.0436096431476471e-12,1.537161080019644e-19,6.653155197855528e-17,-1.595456495864447e-16,9.316781371589137e-17,1.304512053934559e-14,,,,,,,
1,4/3/2,unity,none,7.5,relaxed,LOCALLY_SOLVED,true,,252.21053782153882,endbus ph1,231.00644237110694,sourcebus ph3,0.6574870042416026,endbus,0.019919965138644767,0.5798699785952376,line1 c1,39.82704422751709,6.313368506924675,157.50000000000068,157.5,-6.883382752675971e-13,2.914591411964527e-19,1.1131655145587996e-16,-2.5366798800653045e-16,1.4264289569184695e-16,5.736152293896643e-15,,,,,,,
1,4/3/2,unity,none,8.75,relaxed,LOCALLY_SOLVED,false,vmax endbus ph1,256.0484325631448,endbus ph1,231.02234928779143,sourcebus ph3,0.7453951097688873,endbus,0.023407172849547426,0.6843674167360831,line1 c1,46.84142666909362,8.82325377110219,183.7500000000006,183.75,-5.773159728050814e-13,3.972206172127833e-19,1.3244312796932354e-16,-2.995722820180577e-16,1.6752637466594693e-16,4.2822888092684615e-15,,,,,,,
1,4/3/2,unity,none,8.125,relaxed,LOCALLY_SOLVED,false,vmax endbus ph1,254.1417185514367,endbus ph1,231.01443369907605,sourcebus ph3,0.702683159384736,endbus,0.021674677243429502,0.632387366395492,line1 c1,43.355856692801005,7.521444077870261,170.62500000000065,170.625,-6.439293542825908e-13,3.4085039989061885e-19,1.2197386144508893e-16,-2.7669146003725386e-16,1.5505844899205554e-16,4.953302725250698e-15,,,,,,,
1,4/3/2,unity,none,7.8125,relaxed,LOCALLY_SOLVED,false,vmax endbus ph1,253.17925603557364,endbus ph1,231.01044755469647,sourcebus ph3,0.6804045239654125,endbus,0.02080019036104647,0.6061968455088209,line1 c1,41.59701053239789,6.905533941927698,164.0625000000007,164.0625,-7.105427357601002e-13,3.153022024759139e-19,1.166694925849669e-16,-2.6519926732156763e-16,1.4884507693907665e-16,5.329070518200751e-15,,,,,,,
1,4/3/2,unity,none,7.65625,relaxed,LOCALLY_SOLVED,true,,252.69568785615255,endbus ph1,231.00844734903845,sourcebus ph3,0.6690267726163986,endbus,0.020360806814591046,0.5930505808351024,line1 c1,40.71343714134151,6.606463241956982,160.7812500000007,160.78125,-7.105427357601002e-13,3.0317025329514705e-19,1.139991946113746e-16,-2.5943873478190753e-16,1.4574271042382808e-16,5.619087961368139e-15,,,,,,,
1,4/3/2,unity,none,7.734375,relaxed,LOCALLY_SOLVED,true,,252.93766854432846,endbus ph1,231.0094480476358,sourcebus ph3,0.6747357554148974,endbus,0.020580679371380937,0.5996279897112422,line1 c1,41.15557379261785,6.755254103642273,162.42187500000068,162.421875,-6.661338147750939e-13,3.091831385949313e-19,1.1533587394366133e-16,-2.6232024990784837e-16,1.4729355910278197e-16,5.382899513334092e-15,,,,,,,
1,4/3/2,unity,none,7.7734375,relaxed,LOCALLY_SOLVED,false,vmax endbus ph1,253.05851129901848,endbus ph1,231.00994795001125,sourcebus ph3,0.6775751484778691,endbus,0.02069047987772872,0.6029134847838346,line1 c1,41.376379342288025,6.83020821231814,163.24218750000065,163.2421875,-6.439293542825908e-13,3.122291407185585e-19,1.1600306427519564e-16,-2.6376006723299707e-16,1.4806923209852e-16,5.355849767035931e-15,,,,,,,
1,4/3/2,vv,none,0.0,relaxed,LOCALLY_SOLVED,true,,230.90448449696495,sourcebus ph3,226.5985596308876,endbus ph1,0.1624643651478821,endbus,0.003948354214635255,0.10981598105172564,line1 c1,7.816467641629408,0.22076981653996894,0.0,0.0,0.0,0.0,0.0,0.0,0.0,0.0,,,,,,,
1,4/3/2,vv,none,20.0,relaxed,LOCALLY_SOLVED,false,therm line1 c1,261.22988878987087,endbus ph1,230.4437287852718,sourcebus ph1,3.1853177659034735,endbus,0.03534882396254235,1.6081143129462532,line1 c1,72.57540334427797,49.05991635626754,383.9708027911561,420.0,36.029197208843925,-145.4908639822229,-65.56156923148872,-38.87612509523692,-41.05316965549726,0.00016139142020060726,,,,,,,
1,4/3/2,vv,none,10.0,relaxed,LOCALLY_SOLVED,true,,251.70046101581676,endbus ph1,230.85854781987797,sourcebus ph1,1.6356413858810952,endbus,0.020329244670665585,0.7994409218397316,line1 c1,39.99805544806454,11.919556182898477,205.56262309607754,210.0,4.437376903922452,-30.59156554593832,-18.73084950250997,-5.3107776442226,-6.549938399205746,0.0006931471805567135,,,,,,,
1,4/3/2,vv,none,15.0,relaxed,LOCALLY_SOLVED,false,vuf endbus,256.3166416720833,endbus ph1,230.66813758729367,sourcebus ph1,2.515621456401531,endbus,0.028062032403951456,1.2065710309795075,line1 c1,56.25718624837816,27.544421896431032,297.3654805299195,315.0,17.634519470080477,-82.86114161700306,-41.26245173625397,-19.674120976523813,-21.92456890422527,0.0016228843221293612,,,,,,,
1,4/3/2,vv,none,12.5,relaxed,LOCALLY_SOLVED,false,vuf endbus,254.34939133533203,endbus ph1,230.7723260528098,sourcebus ph1,2.0849870159403703,endbus,0.02441158579482696,1.0041729056542543,line1 c1,48.216311865613235,18.9895601325468,252.53571847691882,262.5,9.964281523081198,-54.54173689931234,-29.412936690061365,-11.857927894131198,-13.270872315119785,0.0016194326674890988,,,,,,,
1,4/3/2,vv,none,11.25,relaxed,LOCALLY_SOLVED,false,vmax endbus ph1,253.12257482740125,endbus ph1,230.81750269153733,sourcebus ph1,1.862276215612349,endbus,0.022409169416810835,0.9025420518410541,line1 c1,44.17722621182423,15.271188499179786,229.34184346587222,236.25000000000003,6.908156534127796,-42.12187206313446,-23.948220425829543,-8.415564794950821,-9.758086842354093,0.0006931472109031025,,,,,,,
1,4/3/2,vv,none,10.625,relaxed,LOCALLY_SOLVED,true,,252.43801675894485,endbus ph1,230.83854273107627,sourcebus ph1,1.749569325277442,endbus,0.021380255116346693,0.8512113282982433,line1 c1,42.10626382201544,13.549100348597564,217.5275191926099,223.12499999999997,5.597480807390065,-36.23967026790496,-21.309109693522764,-6.81730840102696,-8.113252173355235,0.0006931471806496049,,,,,,,
1,4/3/2,vv,none,10.9375,relaxed,LOCALLY_SOLVED,true,,252.78661060389612,endbus ph1,230.82814664201678,sourcebus ph1,1.8060712873875018,endbus,0.021897351245734054,0.8769298961353216,line1 c1,43.14617496968477,14.398665341100026,223.4533162358897,229.6875,6.234183764110313,-39.15291094953155,-22.621518577118504,-7.605438271076522,-8.925954101336526,0.0006931471823145177,,,,,,,
1,4/3/2,vv,none,11.09375,relaxed,LOCALLY_SOLVED,true,,252.95613468899208,endbus ph1,230.82285508914566,sourcebus ph1,1.8342100818809302,endbus,0.02215390526022995,0.8897490227864501,line1 c1,43.662776880251805,14.83206683061415,226.4022072644271,232.96875,6.566542735572911,-40.63058479846093,-23.28312844994065,-8.00780701534262,-9.339649333177666,0.0006931471879454921,,,,,,,
1,4/3/2,vv,none,11.171875,relaxed,LOCALLY_SOLVED,true,,253.03973583812873,endbus ph1,230.82018643880744,sourcebus ph1,1.8482521039779705,endbus,0.022281696634335303,0.8961487624650686,line1 c1,43.92026695055428,15.050913755799296,227.87317798457235,234.609375,6.736197015427647,-41.374544944834405,-23.615243601062524,-8.211019070516645,-9.548282273255229,0.0006931471955747829,,,,,,,
1,4/3/2,vv,none,11.2109375,relaxed,LOCALLY_SOLVED,false,vmax endbus ph1,253.08125006475387,endbus ph1,230.81884644630955,sourcebus ph1,1.855266380229249,endbus,0.022345472595595026,0.8993462082594712,line1 c1,44.04881250473547,15.160872782171056,228.60779833517904,235.42968749999997,6.821889164820938,-41.7477897690695,-23.78162474354788,-8.313126072355011,-9.653038953166607,0.0006931472019205056,,,,,,,
1,4/3/2,vvw,none,0.0,relaxed,LOCALLY_SOLVED,true,,230.90448449696495,sourcebus ph3,226.5985596308876,endbus ph1,0.1624643651478821,endbus,0.003948354214635255,0.10981598105172564,line1 c1,7.816467641629408,0.22076981653996894,0.0,0.0,0.0,0.0,0.0,0.0,0.0,0.0,,,,,,,
1,4/3/2,vvw,none,20.0,relaxed,LOCALLY_SOLVED,false,therm line1 c1,256.3937211289997,endbus ph1,230.51872575295718,sourcebus ph1,2.647494657097585,endbus,0.023238751957594252,1.456530507390732,line1 c1,45.445254485874365,43.1703990952423,367.3133863978279,420.0,52.6866136021721,-136.54525042008987,-58.581128632479064,-42.13402607271783,-35.83009571489298,0.00026187266912391927,,,,,,,
1,4/3/2,vvw,none,10.0,relaxed,LOCALLY_SOLVED,true,,251.69952704071534,endbus ph1,230.85854990186252,sourcebus ph1,1.6356499216993428,endbus,0.020330189061591328,0.7993557649664024,line1 c1,39.99285303874555,11.917459964930064,205.53442199457592,210.0,4.465578005424087,-30.58609836770249,-18.728958178251247,-5.307470749853738,-6.549669439597508,0.0010986122886648408,,,,,,,
1,4/3/2,vvw,none,15.0,relaxed,LOCALLY_SOLVED,false,therm line1 c1,255.05500945144283,endbus ph1,230.69923115360874,sourcebus ph1,2.1532053269045957,endbus,0.02278910148659628,1.1552149261649765,line1 c1,45.347064286249754,26.070723572209992,293.048493247163,315.0,21.95150675283699,-79.82880904290649,-38.23800630031332,-21.030248431279595,-20.560554311313574,0.0015868499330243897,,,,,,,
1,4/3/2,vvw,none,12.5,relaxed,LOCALLY_SOLVED,false,vuf endbus,254.1652189983824,endbus ph1,230.77589940519226,sourcebus ph1,2.0369321218478142,endbus,0.02369628272755876,0.9975730753168918,line1 c1,46.766405231197645,18.82552501666553,251.95426650957646,262.5,10.545733490423537,-54.20263672939767,-29.042665168044092,-12.031929765994642,-13.12804179535894,0.001310491384942251,,,,,,,
1,4/3/2,vvw,none,11.25,relaxed,LOCALLY_SOLVED,false,vmax endbus ph1,253.1219214155329,endbus ph1,230.81750224599932,sourcebus ph1,1.862290222871642,endbus,0.022409367877214547,0.9024471074914604,line1 c1,44.176533822118664,15.269133193281078,229.31495460865267,236.25000000000003,6.93504539134735,-42.11715094699062,-23.946607546838212,-8.413682069335858,-9.756861330816557,0.0010986123084940254,,,,,,,
1,4/3/2,vvw,none,10.625,relaxed,LOCALLY_SOLVED,true,,252.43725630511221,endbus ph1,230.83854322890542,sourcebus ph1,1.7495784536719277,endbus,0.021380726261912748,0.8511211745031608,line1 c1,42.10379693773422,13.547073885216518,217.50048308915004,223.12499999999997,5.62451691084993,-36.23474645515047,-21.307402300099977,-6.814901929208259,-8.112442225842239,0.0010986122887257643,,,,,,,
1,4/3/2,vvw,none,10.9375,relaxed,LOCALLY_SOLVED,true,,252.78591596636286,endbus ph1,230.82814650824406,sourcebus ph1,1.8060831066386487,endbus,0.021897656948034146,0.876837300162053,line1 c1,43.14477488516511,14.396642199853785,223.42651020634992,229.6875,6.260989793650085,-39.14814698023836,-22.619879936770793,-7.603360665116704,-8.924906378350862,0.0010986122898137194,,,,,,,
1,4/3/2,vvw,none,11.09375,relaxed,LOCALLY_SOLVED,true,,252.95546356725433,endbus ph1,230.82285475836332,sourcebus ph1,1.8342230840330993,endbus,0.022154150462127858,0.8896552411619209,line1 c1,43.66177407460327,14.830031995390513,226.37539663933222,232.96875,6.593353360667775,-40.62585651026047,-23.281508164778845,-8.0058430316757,-9.338505313805921,0.0010986122934933122,,,,,,,
1,4/3/2,vvw,none,11.171875,relaxed,LOCALLY_SOLVED,true,,253.03907424865886,endbus ph1,230.82018604052874,sourcebus ph1,1.8482656319866464,endbus,0.022281916849616577,0.8960543968301432,line1 c1,43.91942961908567,15.048869737447927,227.8463368718243,234.609375,6.7630381281757135,-41.36982364902593,-23.613628354644952,-8.209099543436322,-9.547095750944662,0.0010986122984785378,,,,,,,
1,4/3/2,vvw,none,11.2109375,relaxed,LOCALLY_SOLVED,false,vmax endbus ph1,253.08059272630723,endbus ph1,230.8188460218987,sourcebus ph1,1.8552801537481889,endbus,0.022345681544878284,0.8992515526440044,line1 c1,44.048050119778324,15.158823375793334,228.5809354237375,235.42968749999997,6.8487520762624765,-41.74306939099187,-23.780011009315157,-8.311225869500003,-9.651832512176709,0.001098612302624836,,,,,,,
1,5/3/1,unity,none,0.0,relaxed,LOCALLY_SOLVED,true,,230.9339081899282,endbus ph3,225.1165116091953,endbus ph1,0.32497837886941267,endbus,0.00790013119763951,0.12420557859245727,line1 c1,15.639692758515876,0.26290547189860386,0.0,0.0,0.0,0.0,0.0,0.0,0.0,0.0,,,,,,,
1,5/3/1,unity,none,20.0,relaxed,LOCALLY_SOLVED,false,therm line1 c1,304.352487630641,endbus ph1,231.06859746338426,sourcebus ph2,2.4545611913443564,endbus,0.10398367181823773,1.6549577836086988,line1 c1,208.27399656251754,50.71402800112666,420.0000000000003,420.0,-2.6645352591003757e-13,2.030442411258941e-17,6.57605913609803e-16,-1.4451957621228309e-15,8.078942726256172e-16,3.191891195797325e-15,,,,,,,
1,5/3/1,unity,none,10.0,relaxed,LOCALLY_SOLVED,false,vmax endbus ph1,269.1701156741877,endbus ph1,231.02590385362672,sourcebus ph3,1.6629222416579086,endbus,0.05334007672036903,0.8597427606719835,line1 c1,106.80322569961942,13.191343332847838,210.0000000000006,210.0,-5.773159728050814e-13,3.39453908597252e-18,3.2612513112563305e-16,-6.922143093584729e-16,3.694837173188124e-16,1.304512053934559e-14,,,,,,,
1,5/3/1,unity,none,5.0,relaxed,LOCALLY_SOLVED,true,,248.80733570645413,endbus ph1,230.96805867951264,sourcebus ph3,0.9009573642097127,endbus,0.025166471558882873,0.40347107274086047,line1 c1,50.19452648172271,2.844251642172077,105.00000000000118,105.0,-1.176836406102666e-12,7.615615803530577e-19,1.3822212736849981e-16,-3.1883953753849854e-16,1.8137897175035178e-16,5.218048215738236e-14,,,,,,,
1,5/3/1,unity,none,7.5,relaxed,LOCALLY_SOLVED,false,vmax endbus ph1,259.30428348798716,endbus ph1,230.9969349511723,sourcebus ph3,1.3235408077022894,endbus,0.039619164446999,0.6377178884874158,line1 c1,79.20470869005405,7.183835210474819,157.50000000000077,157.5,-7.771561172376096e-13,1.6840276581905971e-18,2.3453720690227296e-16,-5.076865356721272e-16,2.748333564280449e-16,2.312964634635743e-14,,,,,,,
1,5/3/1,unity,none,6.25,relaxed,LOCALLY_SOLVED,false,vmax endbus ph1,254.1441630428248,endbus ph1,230.9824796221923,sourcebus ph3,1.1238273123155154,endbus,0.03249750971082568,0.5222366988523317,line1 c1,64.89835935994824,4.791804422783278,131.25000000000097,131.25,-9.547918011776346e-13,1.1398435071510274e-18,1.870337570110735e-16,-4.1406570350057266e-16,2.281717899966502e-16,3.3306690738754696e-14,,,,,,,
1,5/3/1,unity,none,5.625,relaxed,LOCALLY_SOLVED,true,,251.49922203056093,endbus ph1,230.97526391150114,sourcebus ph3,1.0154497206564483,endbus,0.028859905231690106,0.4632777412414535,line1 c1,57.599020560284536,3.760522089429514,118.12500000000105,118.12500000000001,-1.0436096431476471e-12,9.326119433138954e-19,1.6280115722380707e-16,-3.666921367497608e-16,2.0482359146926762e-16,4.120161002497803e-14,,,,,,,
1,5/3/1,unity,none,5.9375,relaxed,LOCALLY_SOLVED,true,,252.8273770751487,endbus ph1,230.9788705871392,sourcebus ph3,1.0703819929907732,endbus,0.030685470823975144,0.4928616904449452,line1 c1,61.261481319008006,4.26204174866869,124.68750000000097,124.68749999999997,-9.992007221626409e-13,1.0313339988895554e-18,1.749594496847187e-16,-3.9043361406572546e-16,2.165054983798963e-16,3.6929523766478893e-14,,,,,,,
1,5/3/1,unity,none,6.09375,relaxed,LOCALLY_SOLVED,false,vmax endbus ph1,253.4871692242564,endbus ph1,230.98067482484694,sourcebus ph3,1.0972879451941464,endbus,0.031593153588704584,0.5075751037061337,line1 c1,63.08307250591318,4.523423502452205,127.96875000000097,127.96874999999999,-9.769962616701378e-13,1.08432267913771e-18,1.8100694702523522e-16,-4.022627152934072e-16,2.223400909473097e-16,3.507166067533828e-14,,,,,,,
1,5/3/1,unity,none,6.015625,relaxed,LOCALLY_SOLVED,false,vmax endbus ph1,253.15762564524357,endbus ph1,230.97977263419932,sourcebus ph3,1.0838811122721668,endbus,0.03113973148605722,0.5002249010823776,line1 c1,62.173070697242224,4.391853926825913,126.328125000001,126.32812500000001,-9.769962616701378e-13,1.0575169751250017e-18,1.7798580323851928e-16,-3.963515047418456e-16,2.1942321847845133e-16,3.5988528174862215e-14,,,,,,,
1,5/3/1,unity,none,5.9765625,relaxed,LOCALLY_SOLVED,true,,252.99258982572238,endbus ph1,230.97932159248666,sourcebus ph3,1.0771431286229256,endbus,0.03091270640566611,0.4965449250563387,line1 c1,61.71747517005904,4.326727683703792,125.50781250000101,125.50781250000003,-9.769962616701378e-13,1.0443481929033908e-18,1.764732801081252e-16,-3.933934041629283e-16,2.1796447224770648e-16,3.645595082167834e-14,,,,,,,
1,5/3/1,vv,none,0.0,relaxed,LOCALLY_SOLVED,true,,230.9339081899282,endbus ph3,225.1165116091953,endbus ph1,0.32497837886941267,endbus,0.00790013119763951,0.12420557859245727,line1 c1,15.639692758515876,0.26290547189860386,0.0,0.0,0.0,0.0,0.0,0.0,0.0,0.0,,,,,,,
1,5/3/1,vv,none,20.0,relaxed,LOCALLY_SOLVED,false,vuf endbus,267.2808697177667,endbus ph1,230.27711777148284,sourcebus ph1,6.18252925081549,endbus,0.06807714121516609,1.7778413862465492,line1 c1,140.18950479539365,53.87835251040827,385.8168832309024,420.0,34.18311676909758,-139.19878077499595,-79.77407185528149,-28.239999124866582,-31.184709794847887,0.0003873402959853056,,,,,,,
1,5/3/1,vv,none,10.0,relaxed,LOCALLY_SOLVED,false,vuf endbus,254.39087027982328,endbus ph1,230.7662790934464,sourcebus ph1,3.2597902444793956,endbus,0.03794198865788066,0.8854116775886528,line1 c1,73.9549346796726,13.257186004277802,203.15850345631384,210.0,6.841496543686176,-32.67292799820906,-27.759289575849365,-1.2710225900953325,-3.6426158322643647,0.0006931575914177757,,,,,,,
1,5/3/1,vv,none,5.0,relaxed,LOCALLY_SOLVED,true,,246.389791412483,endbus ph1,230.93230757029391,sourcebus ph1,1.2047100725232025,endbus,0.021473390199249577,0.4095916886358449,line1 c1,42.72221489486792,2.8286356872329237,104.36984632936085,105.0,0.6301536706391442,-5.524347549993244,-5.524347549993255,-2.8030434948116327e-15,1.3908431175441126e-14,0.0006931471805545394,,,,,,,
1,5/3/1,vv,none,7.5,relaxed,LOCALLY_SOLVED,false,vuf endbus,251.38935004344503,endbus ph1,230.8599912281581,sourcebus ph1,2.2575127975880824,endbus,0.030836483848970666,0.6524682836481143,line1 c1,60.1343060972902,7.181187845437453,154.49633987063208,157.5,3.003660129367902,-16.33994044654101,-16.145683431610315,-6.589675241708591e-10,-0.19425701427172454,0.0006931471805576233,,,,,,,
1,5/3/1,vv,none,6.25,relaxed,LOCALLY_SOLVED,true,,249.23188084410307,endbus ph1,230.89997535550214,sourcebus ph1,1.7202572158002916,endbus,0.026244523841564137,0.5326059780612252,line1 c1,51.71049498140969,4.774058027118221,129.6317071208227,131.25,1.6182928791772966,-10.624819480053125,-10.624819480046039,-6.601619540538155e-15,-7.0785361552009494e-12,0.0006931471805565378,,,,,,,
1,5/3/1,vv,none,6.875,relaxed,LOCALLY_SOLVED,true,,250.39550512241468,endbus ph1,230.88058293412575,sourcebus ph1,1.9886077553110786,endbus,0.0286818385825862,0.5928494851932136,line1 c1,56.032550100926,5.92431798515915,142.10151580319908,144.375,2.2734841968009123,-13.364400920453011,-13.364376549400639,-6.856254948586446e-13,-2.4371051688752285e-5,0.0006931471836758472,,,,,,,
1,5/3/1,vv,none,7.1875,relaxed,LOCALLY_SOLVED,false,vuf endbus,250.919012197241,endbus ph1,230.87029997699585,sourcebus ph1,2.1242540529473235,endbus,0.029878559523138334,0.6227106360556212,line1 c1,58.086073738133514,6.542022781253909,148.3041598136247,150.9375,2.6333401863753103,-14.788133979681934,-14.761395890851064,-1.5351253624312564e-11,-0.026738088815519007,0.0013229047488573366,,,,,,,
1,5/3/1,vv,none,7.03125,relaxed,LOCALLY_SOLVED,false,vuf endbus,250.6633869630176,endbus ph1,230.87546088434098,sourcebus ph1,2.056569514706069,endbus,0.029300170747383808,0.6077964916757619,line1 c1,57.10237390198505,6.230151478747407,145.20459471603576,147.65625,2.451655283964249,-14.064257182045822,-14.06314536007943,-3.063370296885158e-12,-0.001111821963330176,0.0006931534314941325,,,,,,,
1,5/3/1,vv,none,6.953125,relaxed,LOCALLY_SOLVED,false,vuf endbus,250.53059007344245,endbus ph1,230.8780338615176,sourcebus ph1,2.022556309326041,endbus,0.028991121207814344,0.6003282679306706,line1 c1,56.56904239419081,6.076341198319164,143.6537077789448,146.01562500000003,2.3619172210552097,-13.713387687654254,-13.713222018001012,-1.4407616845574225e-12,-0.0001656696518031922,0.0006931473224621195,,,,,,,
1,5/3/1,vv,none,6.9140625,relaxed,LOCALLY_SOLVED,true,,250.46332531510768,endbus ph1,230.87931159580904,sourcebus ph1,2.0055721620081965,endbus,0.02883638505784033,0.5965902344958924,line1 c1,56.30095873616372,6.000102611462193,142.87778168546157,145.19531249999997,2.3175308145384044,-13.538709958996604,-13.538646429282702,-9.93709850309707e-13,-6.352971290568495e-5,0.0006931472016414945,,,,,,,
1,5/3/1,vvw,none,0.0,relaxed,LOCALLY_SOLVED,true,,230.9339081899282,endbus ph3,225.1165116091953,endbus ph1,0.32497837886941267,endbus,0.00790013119763951,0.12420557859245727,line1 c1,15.639692758515876,0.26290547189860386,0.0,0.0,0.0,0.0,0.0,0.0,0.0,0.0,,,,,,,
1,5/3/1,vvw,none,20.0,relaxed,LOCALLY_SOLVED,false,vuf endbus,257.016822978462,endbus ph1,230.38026264689682,sourcebus ph1,5.209276515281547,endbus,0.046239760642657474,1.5446740637519576,line1 c1,91.24181602392464,44.35130193157634,360.5124919689546,420.0,59.48750803104544,-131.36722601065483,-70.31505473445745,-34.9165086472719,-26.13566262892547,0.0005473531559374578,,,,,,,
1,5/3/1,vvw,none,10.0,relaxed,LOCALLY_SOLVED,false,vuf endbus,254.18260154176636,endbus ph1,230.77011501727964,sourcebus ph1,3.2059572302607817,endbus,0.03706944235160407,0.878058631497431,line1 c1,72.22575156838019,13.071655659844442,202.51058391680004,210.0,7.489416083199973,-32.31817885232347,-27.358200689227452,-1.4364443918544474,-3.5235337712415715,0.0010986410511445999,,,,,,,
1,5/3/1,vvw,none,5.0,relaxed,LOCALLY_SOLVED,true,,246.3895955632091,endbus ph1,230.93229490135343,sourcebus ph1,1.2046977677401465,endbus,0.021480923774520367,0.4095038787928049,line1 c1,42.73626063527864,2.827277737204231,104.33778288272111,105.0,0.662217117278896,-5.523931382571224,-5.523931382571234,-3.427125945497623e-15,1.3952982530450213e-14,0.0010986122886626668,,,,,,,
1,5/3/1,vvw,none,7.5,relaxed,LOCALLY_SOLVED,false,vuf endbus,251.39025636036055,endbus ph1,230.8599609845506,sourcebus ph1,2.2575898966334127,endbus,0.03085471879675522,0.6523995121592113,line1 c1,60.180171704440596,7.178809233319025,154.4536848295029,157.5,3.046315170497116,-16.341153812838176,-16.14714310124544,-5.903960503565015e-10,-0.1940107110023409,0.0010986122886658123,,,,,,,
1,5/3/1,vvw,none,6.25,relaxed,LOCALLY_SOLVED,true,,249.23270681736102,endbus ph1,230.89995143811123,sourcebus ph1,1.7203570487300992,endbus,0.026258558464831012,0.5325433383640941,line1 c1,51.727817248704454,4.7723496795488884,129.59548010725484,131.25,1.6545198927451432,-10.625894222467148,-10.625894222460158,-3.723222205703568e-15,-6.987042456433598e-12,0.001098612288664776,,,,,,,
1,5/3/1,vvw,none,6.875,relaxed,LOCALLY_SOLVED,true,,250.39643674243786,endbus ph1,230.88055529817368,sourcebus ph1,1.9887137863599869,endbus,0.02869800251994538,0.5927856357355006,line1 c1,56.052267847625366,5.922292453347526,142.0620129719157,144.375,2.31298702808429,-13.365769485264527,-13.36574544011607,-6.209616805981492e-13,-2.404514783642145e-5,0.0010986122906811698,,,,,,,
1,5/3/1,vvw,none,7.1875,relaxed,LOCALLY_SOLVED,false,vuf endbus,250.91998305334278,endbus ph1,230.87027036579343,sourcebus ph1,2.1243620357208677,endbus,0.029895981383520575,0.6226443495359553,line1 c1,58.10777651816257,6.539819515313364,148.26286043784935,150.9375,2.6746395621506602,-14.789417172078888,-14.76288654222346,-1.381282791934862e-11,-0.02653062984161441,0.0013370572548148114,,,,,,,
1,5/3/1,vvw,none,7.03125,relaxed,LOCALLY_SOLVED,false,vuf endbus,250.6643266382109,endbus ph1,230.87543246696978,sourcebus ph1,2.0566745161797293,endbus,0.029316810287805105,0.6077315120400354,line1 c1,57.12278161249914,6.2280341946121975,145.1642003985477,147.65625,2.4920496014523064,-14.065656192009326,-14.064559051544128,-2.7609463513769675e-12,-0.0010971404624348685,0.001098616346622055,,,,,,,
1,5/3/1,vvw,none,6.953125,relaxed,LOCALLY_SOLVED,false,vuf endbus,250.5315253301211,endbus ph1,230.87800584379934,sourcebus ph1,2.0226617494630337,endbus,0.029007515652276866,0.600263872422215,line1 c1,56.589086351383884,6.074269967314535,143.61376109264523,146.01562500000003,2.4018639073547954,-13.714776324234872,-13.71461287811832,-1.305216039932418e-12,-0.00016344611524676635,0.0010986123807383292,,,,,,,
1,5/3/1,vvw,none,6.9140625,relaxed,LOCALLY_SOLVED,true,,250.4642588093381,endbus ph1,230.87928376879458,sourcebus ph1,2.0056779040495774,endbus,0.02885266410505862,0.5965261170172524,line1 c1,56.32083792492091,5.998054323761296,142.8380573861807,145.19531249999997,2.3572551138192566,-13.540089091886342,-13.54002641393009,-8.997672510784106e-13,-6.267795535009523e-5,0.0010986123023392187,,,,,,,
1,6/2/1,unity,none,0.0,relaxed,LOCALLY_SOLVED,true,,230.94152519676206,endbus ph3,223.6220312714048,endbus ph1,0.4317520340025643,endbus,0.010588745723093653,0.13879128747865357,line1 c1,20.96169399589315,0.30724954258483655,0.0,0.0,0.0,0.0,0.0,0.0,0.0,0.0,,,,,,,
1,6/2/1,unity,none,20.0,relaxed,LOCALLY_SOLVED,false,therm line1 c1,314.3153204582299,endbus ph1,231.06685458806325,sourcebus ph2,3.38896029686608,endbus,0.12429710446283997,1.784032225489284,line1 c1,248.51782189614542,53.76548218559382,420.0000000000003,420.0,-2.6645352591003757e-13,-5.892576716796127e-18,2.7208930603329397e-16,-1.6225582806104139e-15,1.3445763978603238e-15,3.191891195797325e-15,,,,,,,
1,6/2/1,unity,none,10.0,relaxed,LOCALLY_SOLVED,false,vuf endbus,275.27420089649513,endbus ph1,231.01760044940713,sourcebus ph2,2.205619285050195,endbus,0.06649433003915114,0.9359531417409852,line1 c1,133.05997472439273,14.365440068174918,210.0000000000006,210.0,-5.773159728050814e-13,3.037736779344856e-19,1.1833475142991666e-16,-7.946335097482431e-16,6.76602531996261e-16,1.304512053934559e-14,,,,,,,
1,6/2/1,unity,none,5.0,relaxed,LOCALLY_SOLVED,true,,251.9171630298717,endbus ph1,230.96901175246376,sourcebus ph3,1.1861201626072568,endbus,0.032321290812032194,0.4433303513198816,line1 c1,64.45554748872199,3.176082313718491,105.00000000000122,105.0,-1.2212453270876722e-12,6.783770917638055e-19,3.8863659444826034e-17,-3.705899346673399e-16,3.324046523142777e-16,5.218048215738236e-14,,,,,,,
1,6/2/1,unity,none,7.5,relaxed,LOCALLY_SOLVED,false,vmax endbus ph1,264.04473966548386,endbus ph1,230.9957600273699,sourcebus ph2,1.7464243089145732,endbus,0.05007613601885799,0.6970680759886687,line1 c1,100.07414439285965,7.909433486070365,157.50000000000077,157.5,-7.771561172376096e-13,5.887804907361681e-19,7.996291202094902e-17,-5.874131448070628e-16,5.0803901327685e-16,2.312964634635743e-14,,,,,,,
1,6/2/1,unity,none,6.25,relaxed,LOCALLY_SOLVED,false,vmax endbus ph1,258.10834171217965,endbus ph1,230.98326605666745,sourcebus ph2,1.480603011967143,endbus,0.041391253024425076,0.5722320628419931,line1 c1,82.63939195968076,5.3106652051128735,131.250000000001,131.25,-9.992007221626409e-13,6.57238121595029e-19,5.990130740643287e-17,-4.806586430641551e-16,4.2141457377931727e-16,3.3306690738754696e-14,,,,,,,
1,6/2/1,unity,none,5.625,relaxed,LOCALLY_SOLVED,false,vmax endbus ph1,255.0468571780678,endbus ph1,230.97652111742963,sourcebus ph3,1.3371861912223437,endbus,0.03690795948473428,0.5083120290012887,line1 c1,73.64740434666025,4.182904140446418,118.12500000000108,118.12500000000001,-1.0658141036401503e-12,6.745323495512747e-19,4.952773438969271e-17,-4.261075589902541e-16,3.7725435695011264e-16,4.120161002497803e-14,,,,,,,
1,6/2/1,unity,none,5.3125,relaxed,LOCALLY_SOLVED,false,vmax endbus ph1,253.4908468451731,endbus ph1,230.9727599285471,sourcebus ph3,1.2626411925132572,endbus,0.03462800221199047,0.4759565291099298,line1 c1,69.07725973256524,3.664043038003905,111.56250000000114,111.56249999999999,-1.1546319456101628e-12,6.783204483232602e-19,4.423531975551821e-17,-3.9847914602170767e-16,3.549221467145127e-16,4.6106909140315326e-14,,,,,,,
1,6/2/1,unity,none,5.15625,relaxed,LOCALLY_SOLVED,true,,252.70625493170934,endbus ph1,230.97088417175797,sourcebus ph3,1.2246317295636602,endbus,0.0334780472473462,0.45967757450036983,line1 c1,66.77294810036416,3.416156645632334,108.28125000000117,108.28125,-1.176836406102666e-12,6.7884437054861e-19,4.155983857530602e-17,-3.845684066184909e-16,3.4368741241373347e-16,4.8984385571340244e-14,,,,,,,
1,6/2/1,unity,none,5.234375,relaxed,LOCALLY_SOLVED,false,vmax endbus ph1,253.0991081922405,endbus ph1,230.97182163834202,sourcebus ph3,1.243698716411926,endbus,0.03405386791057641,0.46782554980221186,line1 c1,67.92672786238467,3.5391288581078504,109.92187500000117,109.92187500000001,-1.1546319456101628e-12,6.787024628182789e-19,4.290010959641257e-17,-3.915320813203306e-16,3.493106741867363e-16,4.7590455622738053e-14,,,,,,,
1,6/2/1,unity,none,5.1953125,relaxed,LOCALLY_SOLVED,true,,252.90282153128325,endbus ph1,230.97135280143218,sourcebus ph3,1.2341808502291465,endbus,0.033766169254300815,0.4637536912325803,line1 c1,67.3502455012435,3.477399321112704,109.10156250000117,109.1015625,-1.1546319456101628e-12,6.788039460056921e-19,4.2230613692578727e-17,-3.880523401022954e-16,3.4650053035572234e-16,4.8215399926578226e-14,,,,,,,
1,6/2/1,vv,none,0.0,relaxed,LOCALLY_SOLVED,true,,230.94152519676206,endbus ph3,223.6220312714048,endbus ph1,0.4317520340025643,endbus,0.010588745723093653,0.13879128747865357,line1 c1,20.96169399589315,0.30724954258483655,0.0,0.0,0.0,0.0,0.0,0.0,0.0,0.0,,,,,,,
1,6/2/1,vv,none,20.0,relaxed,LOCALLY_SOLVED,false,vuf endbus,271.35458439733935,endbus ph3,230.14252455238892,sourcebus ph1,8.394776675311993,endbus,0.11989899975182344,1.9498343404101766,line1 c1,257.090399485616,61.790027039417296,382.49261498324194,420.0,37.50738501675808,-133.16795430349825,-82.32486015818252,-8.972976221524355,-41.87011792379138,0.0006931505459288612,,,,,,,
1,6/2/1,vv,none,10.0,relaxed,LOCALLY_SOLVED,false,vuf endbus,255.28360553010972,endbus ph1,230.68647245645298,sourcebus ph1,3.849756754443649,endbus,0.06381797281994585,0.9754451447035841,line1 c1,126.53685120637584,15.382244838861423,200.15751064751566,210.0,9.842489352484352,-41.576821902711146,-34.25288429327902,6.86574461012856e-15,-7.323937609432138,0.0006931471830254332,,,,,,,
1,6/2/1,vv,none,5.0,relaxed,LOCALLY_SOLVED,true,,248.04998487414358,endbus ph1,230.32513043488999,endbus ph2,1.4915649632743597,endbus,0.03270562488668649,0.4536622051443085,line1 c1,64.53103872275979,3.3209517418269643,103.84121336459029,105.0,1.1587866354097143,-8.508693602448528,-8.50869360242289,-8.276815897375024e-15,-2.5629587016925327e-11,0.0006931471805475542,,,,,,,
1,6/2/1,vv,none,7.5,relaxed,LOCALLY_SOLVED,false,vuf endbus,252.78449936565963,endbus ph1,230.4455338746796,endbus ph2,2.6433562427909334,endbus,0.0499998465932755,0.7195783516819092,line1 c1,97.26120310643027,8.40993938058277,152.8780291472639,157.5,4.621970852736101,-23.16651427841391,-21.293909004162632,-7.142522207211882e-15,-1.8726052742512673,0.0006931471805549094,,,,,,,
1,6/2/1,vv,none,6.25,relaxed,LOCALLY_SOLVED,false,vuf endbus,250.82949752320897,endbus ph1,230.12025671383367,endbus ph2,2.0580915221641742,endbus,0.04209412964931284,0.5882938843210683,line1 c1,81.94586106497768,5.624146592538062,128.59231185478953,131.25,2.6576881452104795,-15.171599376012304,-14.82008171667008,-9.001324626356532e-15,-0.35151765934221507,0.0006931471805522449,,,,,,,
1,6/2/1,vv,none,5.625,relaxed,LOCALLY_SOLVED,true,,249.5744058103173,endbus ph1,230.12872277269278,endbus ph2,1.7714773100315142,endbus,0.03770708897110197,0.5214663235863845,line1 c1,73.90481743758707,4.412791620648489,116.2754523499427,118.12500000000001,1.849547650057315,-11.641197651048328,-11.63677077035619,-9.495708284750388e-15,-0.004426880692128995,0.0007870010118350614,,,,,,,
1,6/2/1,vv,none,5.9375,relaxed,LOCALLY_SOLVED,true,,250.22912545151635,endbus ph1,230.1101597706085,endbus ph2,1.9141753073884242,endbus,0.039938125475228604,0.5549932023478528,line1 c1,78.01479114142548,5.002745139043554,122.44927132911532,124.6875,2.238228670884679,-13.37457646983935,-13.220016740322965,-8.71121270664854e-15,-0.15455972951637725,0.0006931471805512867,,,,,,,
1,6/2/1,vv,none,6.09375,relaxed,LOCALLY_SOLVED,true,,250.53522354859632,endbus ph1,230.1131837218096,endbus ph2,1.9859778775864174,endbus,0.04101874970298716,0.5716715077875293,line1 c1,79.9894859926481,5.309313114946378,125.52492992020107,127.96874999999999,2.4438200797989085,-14.268060525023799,-14.017458502531529,-7.824217362079333e-15,-0.2506020224922594,0.000693147180551835,,,,,,,
1,6/2/1,vv,none,6.171875,relaxed,LOCALLY_SOLVED,false,vuf endbus,250.68379971545411,endbus ph1,230.11621440061924,endbus ph2,2.0219944890136943,endbus,0.041557071504694953,0.5799895530157869,line1 c1,80.96990473913809,5.4657006602055,127.05966840730608,129.609375,2.5497065926939344,-14.718607591272692,-14.41814898495557,-8.403174315935754e-15,-0.30045860631711274,0.0006931471805520425,,,,,,,
1,6/2/1,vv,none,6.1328125,relaxed,LOCALLY_SOLVED,true,,250.60987612291584,endbus ph1,230.11457259215982,endbus ph2,2.003976273391179,endbus,0.04128807110693933,0.5758322610817102,line1 c1,80.48025973209849,5.387249090247498,126.29255973845832,128.7890625,2.4965027615416746,-14.493024286655224,-14.217645138954929,-8.451495027944073e-15,-0.27537914770028527,0.0006931471805518829,,,,,,,
1,6/2/1,vvw,none,0.0,relaxed,LOCALLY_SOLVED,true,,230.94152519676206,endbus ph3,223.6220312714048,endbus ph1,0.4317520340025643,endbus,0.010588745723093653,0.13879128747865357,line1 c1,20.96169399589315,0.30724954258483655,0.0,0.0,0.0,0.0,0.0,0.0,0.0,0.0,,,,,,,
1,6/2/1,vvw,none,20.0,relaxed,LOCALLY_SOLVED,false,vuf endbus,259.3593638779265,endbus ph3,230.26968721772425,sourcebus ph1,7.234575227122416,endbus,0.08066150534567205,1.7172049473693543,line1 c1,166.56323800723442,46.765161784173365,350.73026883468185,420.0,69.26973116531818,-122.81569502848899,-75.7662054058837,-14.922335792589747,-32.12715383001556,0.0021622241427493,,,,,,,
1,6/2/1,vvw,none,10.0,relaxed,LOCALLY_SOLVED,false,vuf endbus,254.52956886680244,endbus ph1,230.70392858358167,sourcebus ph1,3.6655207437977446,endbus,0.05994973832439172,0.9498476194855761,line1 c1,118.72520457370653,14.539735171679505,198.14778005973858,210.0,11.852219940261444,-39.477212683409476,-32.56352247841591,3.0029443599551414e-14,-6.913690204993592,0.0010986122887379768,,,,,,,
1,6/2/1,vvw,none,5.0,relaxed,LOCALLY_SOLVED,true,,248.05014170403817,endbus ph1,230.31967230536608,endbus ph2,1.4917012729817707,endbus,0.032713618888359004,0.45359174008446185,line1 c1,64.5435233946273,3.3200103786805637,103.81251576288646,105.0,1.1874842371135452,-8.508765983464755,-8.508765983439622,-7.85978571073809e-15,-2.512564211138723e-11,0.0010986122886558203,,,,,,,
1,6/2/1,vvw,none,7.5,relaxed,LOCALLY_SOLVED,false,vuf endbus,252.78471872519884,endbus ph1,230.43668398041336,endbus ph2,2.6433060166660702,endbus,0.050015149326732365,0.7195132481056766,line1 c1,97.28002773241768,8.408576700403616,152.84324402278006,157.5,4.656755977219951,-23.1669536570218,-21.29432123309327,-4.589297857042459e-15,-1.8726324239285206,0.0010986122886630367,,,,,,,
1,6/2/1,vvw,none,6.25,relaxed,LOCALLY_SOLVED,false,vuf endbus,250.83003926546812,endbus ph1,230.1127555879229,endbus ph2,2.05820671513837,endbus,0.04210685585984736,0.5882374786062249,line1 c1,81.9617255080552,5.623095332191859,128.5605799694036,131.25,2.689420030596401,-15.172321970305067,-14.820947397939335,-9.636047815991544e-15,-0.35137457236572134,0.0010986122886603722,,,,,,,
1,6/2/1,vvw,none,5.625,relaxed,LOCALLY_SOLVED,true,,249.57507253820998,endbus ph1,230.12213084090538,endbus ph2,1.7716855229783723,endbus,0.03771801179719318,0.5214097868255433,line1 c1,73.91871178234695,4.411827771950081,116.24500080148903,118.12500000000001,1.8799991985109843,-11.64202754331147,-11.637673850752478,-8.312518747555548e-15,-0.00435369255898362,0.0010987121419784678,,,,,,,
1,6/2/1,vvw,none,5.9375,relaxed,LOCALLY_SOLVED,true,,250.22985794763898,endbus ph1,230.1030278052491,endbus ph2,1.9143735312369472,endbus,0.03995035330146412,0.5549376974631112,line1 c1,78.03024559105577,5.001739235279782,122.41779214085535,124.6875,2.269707859144643,-13.375350192398376,-13.221091528503853,-8.694584630733769e-15,-0.15425866389451043,0.0010986122886595016,,,,,,,
1,6/2/1,vvw,none,6.09375,relaxed,LOCALLY_SOLVED,true,,250.53587713599703,endbus ph1,230.10586276452116,endbus ph2,1.9861408771390456,endbus,0.041031241694421905,0.5716156969863201,line1 c1,80.00514192522441,5.3082823492250935,125.49325576772804,127.96874999999999,2.4754942322719353,-14.268824408280592,-14.018456998516848,-9.126650728497766e-15,-0.2503674097637355,0.001098612288660005,,,,,,,
1,6/2/1,vvw,none,6.171875,relaxed,LOCALLY_SOLVED,false,vuf endbus,250.68439871011674,endbus ph1,230.10880246194256,endbus ph2,2.02213414830159,endbus,0.04156968065364159,0.5799334741090414,line1 c1,80.9856581085499,5.46465953544612,127.02796135012898,129.609375,2.581413649871034,-14.719352739922083,-14.41908427306919,-9.029344160745901e-15,-0.3002684668528837,0.001098612288660247,,,,,,,
1,6/2/1,vvw,none,6.1328125,relaxed,LOCALLY_SOLVED,true,,250.61050316436615,endbus ph1,230.10720589704744,endbus ph2,2.00412790105352,endbus,0.04130062215300313,0.5757763241057972,line1 c1,80.49596348119098,5.386213036447385,126.26086600241628,128.7890625,2.5281964975837123,-14.49377957905723,-14.218613428701152,-9.076562756298038e-15,-0.27516615035607006,0.0010986122886600138,,,,,,,
1,7/1/1,unity,none,0.0,relaxed,LOCALLY_SOLVED,true,,231.05864042293598,endbus ph2,222.1131151844938,endbus ph1,0.5668577808469019,endbus,0.013964907471376116,0.15358001197189308,line1 c1,27.644769344561194,0.3812242432006274,0.0,0.0,0.0,0.0,0.0,0.0,0.0,0.0,,,,,,,
1,7/1/1,unity,none,20.0,relaxed,LOCALLY_SOLVED,false,vuf endbus,323.92696440034376,endbus ph1,224.35387980950202,endbus ph2,4.5651296264018,endbus,0.1575143755383191,1.906576052905934,line1 c1,315.73690466565694,59.74359622634614,420.0000000000003,420.0,-2.6645352591003757e-13,-5.904274052558801e-17,-1.861679293063619e-16,-1.718930746410497e-15,1.846055935191271e-15,3.191891195797325e-15,,,,,,,
1,7/1/1,unity,none,10.0,relaxed,LOCALLY_SOLVED,false,vuf endbus,281.2302741708501,endbus ph1,225.7624081711314,endbus ph2,2.8894989671302085,endbus,0.08569186161223206,1.0091904315464888,line1 c1,171.5396540503257,16.496115881498273,210.00000000000068,210.0,-6.661338147750939e-13,-7.445949935262369e-18,-1.1209337972234556e-16,-8.800062771208953e-16,9.846537069079785e-16,1.304512053934559e-14,,,,,,,
1,7/1/1,unity,none,5.0,relaxed,LOCALLY_SOLVED,false,vmax endbus ph1,254.9771038083733,endbus ph1,227.58520367675604,endbus ph2,1.546483612538215,endbus,0.04201848319192448,0.4822782605091636,line1 c1,83.79762525646657,3.750974459873345,105.00000000000136,105.0,-1.354472090042691e-12,2.779033248469496e-19,-6.622707267152804e-17,-4.1808815451848876e-16,4.845931305148638e-16,5.218048215738236e-14,,,,,,,
1,7/1/1,unity,none,2.5,relaxed,LOCALLY_SOLVED,true,,239.69266305193466,endbus ph1,229.0261005489769,endbus ph2,0.6481709679552362,endbus,0.016794622270480345,0.18925463163560552,line1 c1,33.38949435179757,0.5774946281613791,52.500000000002686,52.5,-2.686739719592879e-12,7.249502042124335e-19,-5.2880728913366364e-17,-1.4888377429487104e-16,2.0248945341244983e-16,2.0858315075145129e-13,,,,,,,
1,7/1/1,unity,none,3.75,relaxed,LOCALLY_SOLVED,true,,247.56662873795455,endbus ph1,228.24721182217328,endbus ph2,1.1202509201496342,endbus,0.029733866888970714,0.3383596568642468,line1 c1,59.213601383228756,1.845671796501422,78.75000000000179,78.74999999999999,-1.7985612998927536e-12,7.803618667952981e-19,-5.799266456041137e-17,-2.8829058136745783e-16,3.470636077946645e-16,9.270362255620057e-14,,,,,,,
1,7/1/1,unity,none,4.375,relaxed,LOCALLY_SOLVED,true,,251.32469310516038,endbus ph1,227.90302043808106,endbus ph2,1.3389156608804544,endbus,0.03595874008006509,0.4110132458502768,line1 c1,71.66347959892023,2.7237171966827205,91.87500000000153,91.875,-1.5210055437364645e-12,5.962999512332356e-19,-6.180035103696335e-17,-3.5422546461752184e-16,4.1662211560571843e-16,6.804081108059888e-14,,,,,,,
1,7/1/1,unity,none,4.6875,relaxed,LOCALLY_SOLVED,false,vmax endbus ph1,253.16354469377518,endbus ph1,227.7409705179881,endbus ph2,1.4440422482602313,endbus,0.0390087301247583,0.44681759165842744,line1 c1,77.76913485909795,3.2192506464346495,98.43750000000142,98.4375,-1.4210854715202004e-12,4.538231423298338e-19,-6.39448132556915e-17,-3.8639813248390376e-16,4.507967688819251e-16,5.93599243832917e-14,,,,,,,
1,7/1/1,unity,none,4.53125,relaxed,LOCALLY_SOLVED,true,,252.2473474705322,endbus ph1,227.8211915591467,endbus ph2,1.3918204028594103,endbus,0.03748883873155355,0.42895871637048494,line1 c1,74.7260813815398,2.9668934359568744,95.15625000000148,95.15624999999999,-1.4876988529977098e-12,5.292423757508024e-19,-6.285435814144041e-17,-3.7037423032010533e-16,4.3375783083729654e-16,6.339756306135377e-14,,,,,,,
1,7/1/1,unity,none,4.609375,relaxed,LOCALLY_SOLVED,true,,252.70624466811208,endbus ph1,227.78088242746057,endbus ph2,1.4180159703550264,endbus,0.03825005142886556,0.4378989414754874,line1 c1,76.2500363236577,3.0919329246382774,96.79687500000145,96.796875,-1.4432899320127035e-12,4.925773350489268e-19,-6.339515819975178e-17,-3.7840152016461606e-16,4.4228925569941677e-16,6.126925708778829e-14,,,,,,,
1,7/1/1,unity,none,4.6484375,relaxed,LOCALLY_SOLVED,true,,252.93509327395168,endbus ph1,227.76087711138726,endbus ph2,1.431050180026257,endbus,0.03862970637836042,0.44236095828949484,line1 c1,77.01019065083221,3.155308054435856,97.61718750000144,97.61718750000001,-1.4210854715202004e-12,4.734614935130082e-19,-6.366889457636802e-17,-3.8240362782441727e-16,4.465459838942983e-16,6.030656832921859e-14,,,,,,,
1,7/1/1,vv,none,0.0,relaxed,LOCALLY_SOLVED,true,,231.05864042293598,endbus ph2,222.1131151844938,endbus ph1,0.5668577808469019,endbus,0.013964907471376116,0.15358001197189308,line1 c1,27.644769344561194,0.3812242432006274,0.0,0.0,0.0,0.0,0.0,0.0,0.0,0.0,,,,,,,
1,7/1/1,vv,none,20.0,relaxed,LOCALLY_SOLVED,false,vuf endbus,286.6524938308162,endbus ph3,225.04234325982603,endbus ph2,9.713131935848576,endbus,0.18959753302623464,2.109663467964667,line1 c1,400.550677105455,77.19672608929201,377.5441666596765,420.0,42.455833340323544,-138.1988383888026,-89.99585979265287,-1.7918146794074105e-11,-48.202978596131835,0.0006931471805592115,,,,,,,
1,7/1/1,vv,none,10.0,relaxed,LOCALLY_SOLVED,false,vuf endbus,256.8742846303525,endbus ph3,222.1495637118147,endbus ph2,4.449729064056561,endbus,0.09307803930683516,1.0631760862923147,line1 c1,187.73838576885643,18.932464653377966,196.08836043668805,210.0,13.911639563311962,-52.59866699156844,-41.324786235582486,1.564302533806649e-11,-11.273880756001589,0.0006931471805575462,,,,,,,
1,7/1/1,vv,none,5.0,relaxed,LOCALLY_SOLVED,true,,249.4308493844525,endbus ph1,224.87705284452596,endbus ph2,1.8073469404619302,endbus,0.04662430951201434,0.49771317633499046,line1 c1,91.72237248779508,4.1746948136564965,103.15955277319866,105.0,1.840447226801345,-11.836786065224818,-11.658699485811185,-1.2332752600982403e-14,-0.17808657941361983,0.0006931471805475542,,,,,,,
1,7/1/1,vv,none,7.5,relaxed,LOCALLY_SOLVED,false,vuf endbus,253.90292806955767,endbus ph1,222.64183580629054,endbus ph2,3.087226046982251,endbus,0.0715263530105286,0.7863323225111797,line1 c1,141.58135819998728,10.430572009018055,150.82217745211202,157.49999999999997,6.677822547887957,-30.621074170000345,-26.522446120448272,7.94712535050847e-14,-4.098628049552151,0.0006931471805549094,,,,,,,
1,7/1/1,vv,none,6.25,relaxed,LOCALLY_SOLVED,false,vuf endbus,252.07453649349358,endbus ph1,223.4573588903333,endbus ph2,2.4355479126944632,endbus,0.05980091647655599,0.6439449427213265,line1 c1,117.14967303630249,7.016177685723372,127.30945846938553,131.25,3.940541530614472,-20.526135351577604,-19.0557191825414,-1.0396505966746998e-14,-1.470416169036196,0.0006931471805522449,,,,,,,
1,7/1/1,vv,none,5.625,relaxed,LOCALLY_SOLVED,false,vuf endbus,250.88028111392833,endbus ph1,224.0812671974935,endbus ph2,2.117944091612435,endbus,0.05343636046659331,0.5713999030020219,line1 c1,104.57480335094075,5.521453959248617,115.31682202946942,118.12500000000001,2.80817797053059,-15.959488095177363,-15.335192300177638,-1.1766977855239945e-14,-0.6242957949997117,0.0006931471867646335,,,,,,,
1,7/1/1,vv,none,5.3125,relaxed,LOCALLY_SOLVED,true,,250.1880278453085,endbus ph1,224.46666241565123,endbus ph2,1.9619764873795564,endbus,0.05004892127873492,0.5347158039287588,line1 c1,98.19870461292739,4.827120755001792,109.26253004793726,111.56249999999999,2.2999699520627193,-13.871899515568042,-13.482831260079028,-1.1710270482315057e-14,-0.38906825548900104,0.0006931471805490317,,,,,,,
1,7/1/1,vv,none,5.46875,relaxed,LOCALLY_SOLVED,false,vuf endbus,250.5418588366341,endbus ph1,224.27082828615158,endbus ph2,2.039796468387824,endbus,0.05174721512393275,0.5530958844746959,line1 c1,101.3989997668249,5.169094594456889,112.29550020177601,114.84375,2.5482497982239893,-14.909579967868725,-14.405917786377431,-1.1917353300343888e-14,-0.5036621814912821,0.0006931471805531331,,,,,,,
1,7/1/1,vv,none,5.390625,relaxed,LOCALLY_SOLVED,true,,250.3669178149404,endbus ph1,224.3679628862117,endbus ph2,2.000844738743399,endbus,0.05089921750944429,0.5439155685627013,line1 c1,99.80195097232051,4.996804038058749,110.78050922978468,113.20312500000003,2.4226157702153417,-14.389160787005487,-13.943547645359164,-1.196999209856162e-14,-0.4456131416463101,0.0006931471805494388,,,,,,,
1,7/1/1,vv,none,5.4296875,relaxed,LOCALLY_SOLVED,false,vuf endbus,250.45487579443076,endbus ph1,224.31919988044865,endbus ph2,2.020310289703721,endbus,0.051323502301188456,0.5485081299873615,line1 c1,100.60124563974118,5.082624055489564,111.53837316897895,114.02343750000001,2.4850643310210696,-14.648982688032264,-14.174532820560856,-1.1342982225940806e-14,-0.4744498674713982,0.0006931471805500212,,,,,,,
1,7/1/1,vvw,none,0.0,relaxed,LOCALLY_SOLVED,true,,231.05864042293598,endbus ph2,222.1131151844938,endbus ph1,0.5668577808469019,endbus,0.013964907471376116,0.15358001197189308,line1 c1,27.644769344561194,0.3812242432006274,0.0,0.0,0.0,0.0,0.0,0.0,0.0,0.0,,,,,,,
1,7/1/1,vvw,none,20.0,relaxed,LOCALLY_SOLVED,false,vuf endbus,270.12188957538774,endbus ph3,230.12003714157515,sourcebus ph1,8.910183953801194,endbus,0.1386022096935595,1.8690978491146242,line1 c1,299.1527023294175,55.41744103110893,337.82406524335113,420.0,82.1759347566489,-122.36310141891245,-82.42116284513808,-0.5488655997766081,-39.39307297399777,0.0010986122886673388,,,,,,,
1,7/1/1,vvw,none,10.0,relaxed,LOCALLY_SOLVED,false,vuf endbus,255.07280905970904,endbus ph3,223.75560780460117,endbus ph2,4.122077772486592,endbus,0.08492665418103883,1.0102741443067684,line1 c1,170.66879203538795,16.777364724471116,191.17445708679125,210.0,18.82554291320877,-47.94253595230203,-38.12922015435262,1.7182711539452275e-14,-9.813315797949423,0.0010986122886652572,,,,,,,
1,7/1/1,vvw,none,5.0,relaxed,LOCALLY_SOLVED,true,,249.43120023827203,endbus ph1,224.8728536178853,endbus ph2,1.8075309469620646,endbus,0.04663076617228648,0.4976585269110817,line1 c1,91.7297463778414,4.174101180500565,103.13464325723159,105.0,1.8653567427684203,-11.836923889738515,-11.659157958478243,-1.1265576246905625e-14,-0.17776593126026027,0.0010986122886556815,,,,,,,
1,7/1/1,vvw,none,7.5,relaxed,LOCALLY_SOLVED,false,vuf endbus,253.90279513775417,endbus ph1,222.6354517323475,endbus ph2,3.087123756298365,endbus,0.07153731187695297,0.7862703685180844,line1 c1,141.59069987085783,10.429902299694065,150.79478382379295,157.49999999999997,6.7052161762070295,-30.621352051660182,-26.52203615639551,8.613732455619311e-14,-4.09931589526476,0.0010986122886630367,,,,,,,
1,7/1/1,vvw,none,6.25,relaxed,LOCALLY_SOLVED,false,vuf endbus,252.07480183806518,endbus ph1,223.45178317981382,endbus ph2,2.4356347355357313,endbus,0.0598103217591262,0.6438912664298956,line1 c1,117.15879682367861,7.01555201355805,127.28210409846292,131.25,3.9678959015370774,-20.526145847066438,-19.056236310712247,-1.0705903108086249e-14,-1.4699095363541823,0.0010986122886603722,,,,,,,
1,7/1/1,vvw,none,5.625,relaxed,LOCALLY_SOLVED,false,vuf endbus,250.8805529228209,endbus ph1,224.07633022486573,endbus ph2,2.1180579697201205,endbus,0.05344439815436113,0.5713497032831105,line1 c1,104.58316554086232,5.520899503850699,115.2914534159937,118.12500000000001,2.833546584006319,-15.95981955833126,-15.33566365948145,-1.2098644590750427e-14,-0.6241558988497972,0.0010986122926932079,,,,,,,
1,7/1/1,vvw,none,5.3125,relaxed,LOCALLY_SOLVED,true,,250.18829727093816,endbus ph1,224.46204957762217,endbus ph2,1.9621034917697961,endbus,0.05005629966315183,0.5346652127891822,line1 c1,98.20649259408181,4.826582526307228,109.23799627749275,111.56249999999999,2.324503722507232,-13.872143380030092,-13.483250983027318,-1.201558963211952e-14,-0.38889239700276196,0.0010986122886571918,,,,,,,
1,7/1/1,vvw,none,5.46875,relaxed,LOCALLY_SOLVED,false,vuf endbus,250.5421193558895,endbus ph1,224.2660450919194,endbus ph2,2.0399117386380774,endbus,0.05175495330642709,0.5530458301839687,line1 c1,101.40707216794836,5.1685565407657865,112.27067831139739,114.84375,2.573071688602613,-14.909868055646658,-14.406350650051186,-1.1331806216630788e-14,-0.5035174055954589,0.0010986122886599756,,,,,,,
1,7/1/1,vvw,none,5.390625,relaxed,LOCALLY_SOLVED,true,,250.36717841670784,endbus ph1,224.36326227726724,endbus ph2,2.0009638597232917,endbus,0.05090678434967763,0.543865348801029,line1 c1,99.80987932566491,4.996268564491067,110.75587741951654,113.20312500000003,2.4472475804834914,-14.389425819729954,-13.94396836110313,-1.0790762588995446e-14,-0.4454574586268125,0.0010986122886576385,,,,,,,
1,7/1/1,vvw,none,5.4296875,relaxed,LOCALLY_SOLVED,false,vuf endbus,250.4551354954294,endbus ph1,224.3144573955373,endbus ph2,2.020427069736109,endbus,0.05133115687636456,0.5484580164573435,line1 c1,100.60924579788853,5.082087891079967,111.51365613303206,114.02343750000001,2.509781366967956,-14.64925913543059,-14.174958508593946,-1.136317526884789e-14,-0.4743006268366308,0.0010986122886580487,,,,,,,
2,3/3/3,vvw,qonly,13.90625,relaxed,LOCALLY_SOLVED,false,therm line1 c1,251.81700838571973,endbus ph1,230.8283097163856,sourcebus ph3,9.279825683943394e-9,endbus,9.187046502789056e-11,1.010454632271078,line1 c1,1.312452945571777e-7,23.554514573685097,280.018834256017,292.03125,12.012415743983018,-66.85729812804995,-22.285766067930815,-22.285766027115237,-22.285766033003892,0.0013205320695032843,3.331870090405183e-7,2.25787821050139e-7,2.2589944636093467e-7,-3.190319765141093,-3.190319751928994,-3.190319833439468,0.31903198334394756
2,3/3/3,vvw,qonly,13.90625,enforced,LOCALLY_SOLVED,true,,252.20930148828796,endbus ph2,230.851423852033,sourcebus ph2,1.4273990546658655e-14,mid2,6.392062967723003e-17,0.9999980858877655,line1 c2,1.5195116465588116e-13,22.741297576087486,279.1654957000855,292.03125,12.865754299914522,-69.42551968111638,-23.141839893705484,-23.14183989370544,-23.141839893705477,0.001084082777931835,2.4998594453147414e-7,2.499859445314741e-7,2.4998594453147414e-7,-0.05444504093960745,-0.05444504093963071,-0.054445040939630325,0.005444504094020462
2,3/3/3,vvw,qonly,20.0,relaxed,LOCALLY_SOLVED,false,therm line1 c3,254.73037914168177,endbus ph3,230.58082956599267,sourcebus ph2,1.4461659236796493e-14,sourcebus,3.307773230420917e-17,1.4462835529419793,line1 c3,2.1409882796163198e-13,48.95399448843412,378.75595734560335,419.99999999999994,41.24404265439661,-131.23486516374797,-43.74495505458265,-43.74495505458263,-43.74495505458268,0.0002753033401438343,2.499786341978769e-7,2.49978634197877e-7,2.4997863419787694e-7,-9.999945568149325,-9.999945568149325,-9.999945568149325,0.9999945568149327
2,3/3/3,vvw,qonly,20.0,enforced,LOCALLY_INFEASIBLE,false,infeasible: therm line1 c3,,,,,,,,,,,,,,,,,,,,,,,,,,
2,3/3/3,vvw,qonly,16.953125,relaxed,LOCALLY_SOLVED,false,therm line1 c1,253.97230773810392,endbus ph2,230.70256358472108,sourcebus ph1,1.4525835577614602e-14,endbus,1.1767427184745112e-16,1.2461011606008017,line1 c1,2.8731993018326037e-13,36.36440683455814,334.69640432333654,356.01562499999994,21.31922067666343,-101.80507843309402,-33.93502614436469,-33.93502614436466,-33.93502614436466,0.0006786189104932479,2.499882962075577e-7,2.499882962075578e-7,2.499882962075578e-7,-6.305160322716865,-6.30516032271688,-6.305160322716927,0.6305160322716932
2,3/3/3,vvw,qonly,16.953125,enforced,LOCALLY_INFEASIBLE,false,infeasible: therm line1 c1,,,,,,,,,,,,,,,,,,,,,,,,,,
2,3/3/3,vvw,qonly,15.4296875,relaxed,LOCALLY_SOLVED,false,therm line1 c1,253.09226588187346,endbus ph1,230.77490606108668,sourcebus ph3,7.58695054143769e-9,endbus,2.0660050158125215e-11,1.124567018000377,line1 c1,8.754869016024128e-8,29.270081354453026,307.2920569796282,324.0234375,16.731380520371797,-84.90021977234942,-28.30007328046239,-28.30007324193739,-28.30007324994964,0.0009340109884273623,3.685186082824289e-7,2.2578740464426675e-7,2.2885849874604373e-7,-3.72510410995319,-3.72510410024038,-3.7251041576373574,0.3725104157637364
2,3/3/3,vvw,qonly,15.4296875,enforced,LOCALLY_INFEASIBLE,false,infeasible: therm line1 c1,,,,,,,,,,,,,,,,,,,,,,,,,,
2,3/3/3,vvw,qonly,14.66796875,relaxed,LOCALLY_SOLVED,false,therm line1 c2,252.47221142621646,endbus ph2,230.8020472048547,sourcebus ph2,1.1430052523382856e-9,endbus,2.8275402868433115e-11,1.067682537016534,line1 c2,2.067951634818768e-8,26.347499651008675,293.74950818053003,308.02734375,14.277835569469977,-75.70232596987346,-25.234108653683833,-25.23410865852379,-25.23410865766584,0.0010447166694961365,2.3351334310329028e-7,2.662781450106792e-7,2.4788218039842644e-7,-3.4931669819167843,-3.4931669800044562,-3.493166977093345,0.3493166981916792
2,3/3/3,vvw,qonly,14.66796875,enforced,LOCALLY_INFEASIBLE,false,infeasible: therm line1 c2,,,,,,,,,,,,,,,,,,,,,,,,,,
2,3/3/3,vvw,qonly,14.287109375,relaxed,LOCALLY_SOLVED,false,therm line1 c1,252.1488396973728,endbus ph1,230.8153171414406,sourcebus ph3,1.7138881088440492e-9,endbus,4.1939552373049764e-11,1.0391006453417595,line1 c1,2.9096891600945783e-8,24.934990508137645,286.90862187995975,300.029296875,13.120674995040238,-71.21417366701252,-23.738057892619224,-23.73805788515413,-23.738057889239155,0.0010797974564748813,2.389715985971795e-7,2.4464415872288285e-7,2.4241154398010727e-7,-3.3548523141625153,-3.354852321013599,-3.3548523284868543,0.3354852328486863
2,3/3/3,vvw,qonly,14.287109375,enforced,LOCALLY_INFEASIBLE,false,infeasible: therm line1 c1,,,,,,,,,,,,,,,,,,,,,,,,,,
2,3/3/3,vvw,qonly,14.0966796875,relaxed,LOCALLY_SOLVED,false,therm line1 c1,251.9839899495757,endbus ph1,230.8218597065744,sourcebus ph3,1.701174322384769e-9,endbus,3.7343120376566815e-11,1.0247807286256456,line1 c1,2.7063423970968566e-8,24.240667096983906,283.4698600857294,296.0302734375,12.560413351770583,-69.01418738369668,-23.0047291308538,-23.004729123900507,-23.00472912894238,0.0010912499521946771,2.486864021250978e-7,2.3578394839650034e-7,2.453573605205449e-7,-3.2763999410222184,-3.2763999485175317,-3.276399957446115,0.32763999574461244
2,3/3/3,vvw,qonly,14.0966796875,enforced,LOCALLY_SOLVED,true,,252.91162291764397,endbus ph2,230.8771932448801,sourcebus ph1,2.924572852921567e-14,endbus,4.1369155567562267e-16,0.9999992333298235,line1 c3,8.532150921302914e-13,22.33430560597916,281.3332294083061,296.0302734375,14.697044029193895,-75.29082100960338,-25.09694033653456,-25.096940336534505,-25.096940336534303,0.0010204690439936112,2.4998331798370095e-7,2.499833179836943e-7,2.499833179835004e-7,4.290034976676075,4.2900349766758366,4.290034976675605,0.42900349766760815
2,3/3/3,vvw,qonly,14.19189453125,relaxed,LOCALLY_SOLVED,false,therm line1 c1,252.06666483801015,endbus ph1,230.8185972812383,sourcebus ph1,1.0454017395960708e-12,endbus,2.933556540151446e-14,1.0319426453850244,line1 c1,8.877909848959708e-12,24.58685330215608,285.1908072974497,298.02978515625,12.838977858800371,-70.10948480237502,-23.369828267461127,-23.369828267456235,-23.369828267457663,0.0010860697931129753,2.50014771560293e-7,2.4999156983630846e-7,2.499953820509082e-7,-3.316621497075386,-3.3166214970702876,-3.3166214970818975,0.3316621497081907
2,3/3/3,vvw,qonly,14.19189453125,enforced,LOCALLY_INFEASIBLE,false,infeasible: therm line1 c1,,,,,,,,,,,,,,,,,,,,,,,,,,
2,3/3/3,vvw,qonly,14.144287109375,relaxed,LOCALLY_SOLVED,false,therm line1 c2,252.0253965546886,endbus ph2,230.82023129947945,sourcebus ph1,1.2546584988723692e-9,endbus,3.944381955973793e-11,1.0283619075338721,line1 c2,2.351301521627737e-8,24.41350028428123,284.33071082986044,297.030029296875,12.699318467014598,-69.5606144537194,-23.18687148250841,-23.18687148765684,-23.18687148355414,0.0010887999223652897,2.4298250381468476e-7,2.604567583425871e-7,2.446677940543398e-7,-3.296716778200462,-3.296716770980696,-3.2967167688953776,0.3296716778200471
2,3/3/3,vvw,qonly,14.144287109375,enforced,LOCALLY_INFEASIBLE,false,infeasible: therm line1 c2,,,,,,,,,,,,,,,,,,,,,,,,,,
2,3/3/3,vvw,qcap,13.90625,relaxed,LOCALLY_SOLVED,true,,252.21609268369204,endbus ph1,230.85182640521555,sourcebus ph1,1.5628678473863592e-11,endbus,4.180681401078929e-13,0.9998193866257092,line1 c1,4.260725594303253e-10,22.727647964180974,279.15043450472564,292.03125,12.880815495274378,-69.47051551052323,-23.156838503607023,-23.156838503403183,-23.15683850351303,0.0010837259327700756,2.500045938327834e-7,2.4991703249652466e-7,2.49798242384862e-7,0.00038566031206516637,0.0003856603060551864,0.00038566029973907825,3.8566039309799295e-5
2,3/3/3,vvw,qcap,20.0,relaxed,LOCALLY_SOLVED,false,therm line1 c3,255.22274984280602,endbus ph1,230.66472443951255,sourcebus ph2,1.72922957232497e-14,endbus,5.786779966946359e-17,1.3786765403920342,line1 c3,3.4777642693350743e-13,42.21196065510647,368.0545714829647,419.99999999999994,51.94542851703523,-136.95595776175878,-45.651985920586284,-45.6519859205862,-45.651985920586306,0.0001552201728338698,2.4999375737881436e-7,2.4999375737881436e-7,2.4999375737881436e-7,2.2728570353451595e-5,2.272857035345164e-5,2.2728570353451652e-5,2.2729945164705735e-6
2,3/3/3,vvw,qcap,20.0,enforced,LOCALLY_INFEASIBLE,false,infeasible: therm line1 c3,,,,,,,,,,,,,,,,,,,,,,,,,,
2,3/3/3,vvw,qcap,16.953125,relaxed,LOCALLY_SOLVED,false,therm line1 c1,254.33493576033706,endbus ph1,230.75502034963336,sourcebus ph1,3.793753849376071e-9,endbus,5.980492532979897e-11,1.2070180450166597,line1 c1,9.642774625877338e-8,32.95362850170634,328.7107866950052,356.01562499999994,27.30483830499475,-105.19481576030812,-35.06493860551303,-35.06493857352007,-35.064938581275044,0.0005611165665563439,3.1786852904285736e-7,2.2578766421132822e-7,1.9094143344971676e-7,2.1345582742071123e-5,2.1345582705047862e-5,2.1345582628730224e-5,2.134794938630782e-6
2,3/3/3,vvw,qcap,16.953125,enforced,LOCALLY_INFEASIBLE,false,infeasible: therm line1 c1,,,,,,,,,,,,,,,,,,,,,,,,,,
2,3/3/3,vvw,qcap,15.4296875,relaxed,LOCALLY_SOLVED,false,therm line1 c1,253.53377182109634,endbus ph3,230.8017653276112,sourcebus ph2,4.289421832677944e-14,endbus,6.327132907590029e-16,1.1110302536305618,line1 c1,1.3953091770594628e-12,28.10468035656259,306.07296325837103,324.0234375,17.95047424162899,-88.21517695486585,-29.40505898495511,-29.405058984955186,-29.405058984955552,0.0008583979090046853,2.4998820190894525e-7,2.499882019089516e-7,2.4998820190895165e-7,0.0005536404052384157,0.00055364040576575,0.0005536404059925922,5.536404624318416e-5
2,3/3/3,vvw,qcap,15.4296875,enforced,LOCALLY_INFEASIBLE,false,infeasible: therm line1 c1,,,,,,,,,,,,,,,,,,,,,,,,,,
2,3/3/3,vvw,qcap,14.66796875,relaxed,LOCALLY_SOLVED,false,therm line1 c1,252.89709497390876,endbus ph1,230.82739964313186,sourcebus ph3,7.189639640890768e-10,endbus,5.5120544656985575e-12,1.0555409997892762,line1 c1,1.2206416832421605e-8,25.34991640583512,292.70368398694535,308.02734375,15.323659763054653,-78.72231727175215,-26.240772426282028,-26.240772420384545,-26.240772425085556,0.0009975585434274178,2.532522004566627e-7,2.420583306132024e-7,2.451767114506516e-7,0.0004911161471113763,0.0004911160988794907,0.0004911160307779144,4.9111621240822434e-5
2,3/3/3,vvw,qcap,14.66796875,enforced,LOCALLY_INFEASIBLE,false,infeasible: therm line1 c1,,,,,,,,,,,,,,,,,,,,,,,,,,
2,3/3/3,vvw,qcap,14.287109375,relaxed,LOCALLY_SOLVED,false,therm line1 c1,252.562399016474,endbus ph1,230.83978872850415,sourcebus ph1,1.588481424721838e-11,endbus,3.636462088651184e-13,1.027702504466622,line1 c1,3.9664205906200305e-10,24.021977943747096,285.9505060352575,300.029296875,14.078790839742483,-74.05868118759595,-24.686227062623257,-24.686227062428667,-24.68622706254403,0.001048661767869785,2.501461135752361e-7,2.499170359237843e-7,2.4996461583435123e-7,0.0003728722493006076,0.00037287224978041624,0.00037287224665232335,3.728723335336559e-5
2,3/3/3,vvw,qcap,14.287109375,enforced,LOCALLY_INFEASIBLE,false,infeasible: therm line1 c1,,,,,,,,,,,,,,,,,,,,,,,,,,
2,3/3/3,vvw,qcap,14.0966796875,relaxed,LOCALLY_SOLVED,false,therm line1 c1,252.3907498095415,endbus ph1,230.8458588558738,sourcebus ph1,2.3805230229101296e-11,endbus,3.3704910525095994e-13,1.0137639652101393,line1 c1,5.398685054326e-10,23.370534898530355,282.5563444374336,296.0302734375,13.473929000066365,-71.75298899698707,-23.917662999090368,-23.917662998899107,-23.917662998997606,0.0010683648798975585,2.5032872420403634e-7,2.4991703424494344e-7,2.498250701714145e-7,0.00037886048525532633,0.00037886047881816493,0.00037886047394243864,3.7886056795656566e-5
2,3/3/3,vvw,qcap,14.0966796875,enforced,LOCALLY_SOLVED,true,,252.9116229178234,endbus ph1,230.87719324489154,sourcebus ph2,1.655792431848526e-14,sourcebus,4.615047669803522e-17,0.9999992333246968,line1 c3,8.866602245555245e-14,22.334305605608158,281.3332294078386,296.0302734375,14.697044029661388,-75.2908210108564,-25.09694033695214,-25.096940336952134,-25.096940336952134,0.0010204690439788442,2.499859556761944e-7,2.4998595567618896e-7,2.4998595567618785e-7,4.290034978248577,4.290034978248588,4.290034978248576,0.4290034978248595
2,3/3/3,vvw,qcap,14.19189453125,relaxed,LOCALLY_SOLVED,false,therm line1 c1,252.47694260361936,endbus ph1,230.84283534301676,sourcebus ph3,2.788194922380585e-11,endbus,6.281161558044849e-13,1.0207344481575011,line1 c1,7.18712986497147e-10,23.695199484140478,284.25489496124595,298.02978515625,13.774890195004064,-72.90331801402499,-24.301106004744575,-24.301106004572564,-24.301106004707844,0.001059034238021675,2.503202537785286e-7,2.499170356759252e-7,2.4984677210328044e-7,0.0003757767388722508,0.00037577675343384285,0.00037577675095189895,3.757768365397259e-5
2,3/3/3,vvw,qcap,14.19189453125,enforced,LOCALLY_INFEASIBLE,false,infeasible: therm line1 c1,,,,,,,,,,,,,,,,,,,,,,,,,,
2,3/3/3,vvw,qcap,14.144287109375,relaxed,LOCALLY_SOLVED,false,therm line1 c1,252.43393910573798,endbus ph1,230.84435011524076,sourcebus ph3,9.467340374590338e-12,endbus,2.1204831528162753e-13,1.0172494648849362,line1 c1,2.1920636193054965e-10,23.532601674406788,283.40598726595607,297.030029296875,13.62404203091896,-72.32748549454388,-24.109161831545382,-24.109161831488198,-24.1091618315103,0.0010638323429097778,2.499779243046414e-7,2.499656460037179e-7,2.499895378320833e-7,0.0003772948606812295,0.0003772948590965416,0.0003772948538225684,3.772949434930596e-5
2,3/3/3,vvw,qcap,14.144287109375,enforced,LOCALLY_INFEASIBLE,false,infeasible: therm line1 c1,,,,,,,,,,,,,,,,,,,,,,,,,,
2,3/3/3,vvw,ponly,13.90625,relaxed,LOCALLY_SOLVED,true,,252.2160448585894,endbus ph1,230.85182357497672,sourcebus ph1,1.467143268269626e-11,endbus,1.7621607358061364e-13,0.9998206406659859,line1 c1,3.5603125722714463e-10,22.727743756700207,279.15054059495617,292.03125,12.880709405043866,-69.47019864422458,-23.156732881489905,-23.15673288137028,-23.156732881364395,0.0010837284580345675,8.922327569650183e-11,1.8076374605218144e-11,-1.0728905890863218e-10,1.2902302263991604e-15,1.2902202285238802e-15,1.2902285510556552e-15,1.0728905891639013e-11
2,3/3/3,vvw,ponly,20.0,relaxed,LOCALLY_SOLVED,false,therm line1 c1,255.2227487220231,endbus ph3,230.66472425022448,sourcebus ph1,1.3510051320118229e-14,endbus,2.4291658285351e-17,1.3786766891642477,line1 c1,1.8201531888372282e-13,42.21197477154363,368.0545958505179,419.99999999999994,51.94540414948206,-136.9559449298571,-45.65198164328569,-45.65198164328569,-45.65198164328571,0.0001552203888084691,3.6773284765687844e-14,-5.1425185589113483e-14,1.8523445582329946e-14,6.0453477336564775e-16,6.045347733269541e-16,6.045347732953208e-16,5.142873880591402e-15
2,3/3/3,vvw,ponly,20.0,enforced,LOCALLY_INFEASIBLE,false,infeasible: therm line1 c1,,,,,,,,,,,,,,,,,,,,,,,,,,
2,3/3/3,vvw,ponly,16.953125,relaxed,LOCALLY_SOLVED,false,therm line1 c1,254.3349345851472,endbus ph1,230.75502017177217,sourcebus ph2,1.8370204097775364e-14,mid2,1.7056953882911103e-17,1.2070181759865193,line1 c1,1.1338503065065723e-13,32.95363953060443,328.7108079290904,356.01562499999994,27.30481707090955,-105.19480481847079,-35.06493493949027,-35.06493493949023,-35.064934939490286,0.0005611169492838034,6.880483250774623e-14,-7.486704559505071e-14,4.858793979225668e-15,-7.865518452029374e-17,-7.865518481291183e-17,-7.865518472931723e-17,7.486708691253788e-15
2,3/3/3,vvw,ponly,16.953125,enforced,LOCALLY_INFEASIBLE,false,infeasible: therm line1 c1,,,,,,,,,,,,,,,,,,,,,,,,,,
2,3/3/3,vvw,ponly,15.4296875,relaxed,LOCALLY_SOLVED,false,therm line1 c1,253.5337064223451,endbus ph1,230.80176133512083,sourcebus ph1,1.7695127772891533e-14,mid2,3.8742936355155174e-17,1.1110322245774868,line1 c1,2.0151068024602537e-13,28.104846586383246,306.07314585542684,324.0234375,17.950291644573156,-88.21468775641335,-29.404895918804463,-29.404895918804407,-29.404895918804474,0.0008584101942391185,1.2556580430142043e-14,5.725105959446051e-15,-6.300662055255607e-15,1.516611300514562e-15,1.5166113004404879e-15,1.5166113003636528e-15,1.264783862703326e-15
2,3/3/3,vvw,ponly,15.4296875,enforced,LOCALLY_INFEASIBLE,false,infeasible: therm line1 c1,,,,,,,,,,,,,,,,,,,,,,,,,,
2,3/3/3,vvw,ponly,14.66796875,relaxed,LOCALLY_SOLVED,false,therm line1 c2,252.89703548956894,endbus ph1,230.82739607954653,sourcebus ph1,1.323628524716738e-14,mid2,7.58487417020181e-17,1.0555426693503278,line1 c2,2.0854102446301423e-13,25.3500508199117,292.7038322976623,308.02734375,15.323511452337746,-78.72189546374678,-26.24063182124893,-26.240631821248922,-26.24063182124893,0.0009975662110057225,1.8285997633147965e-15,1.6691858442190322e-14,-7.196067003579887e-15,1.4068587799033215e-15,1.4068587793793601e-15,1.4068587796016611e-15,1.6751041456555383e-15
2,3/3/3,vvw,ponly,14.66796875,enforced,LOCALLY_INFEASIBLE,false,infeasible: therm line1 c2,,,,,,,,,,,,,,,,,,,,,,,,,,
2,3/3/3,vvw,ponly,14.287109375,relaxed,LOCALLY_SOLVED,false,therm line1 c1,252.56235343524227,endbus ph1,230.839786011975,sourcebus ph2,1.9378995511636922e-14,mid1,1.967549217384583e-17,1.02770374545345,line1 c1,9.809258524664992e-14,24.02207534861268,285.9506137413004,300.029296875,14.078683133699599,-74.05836686974715,-24.68612228991572,-24.6861222899157,-24.686122289915733,0.0010486659208289856,1.1341320936518294e-14,-1.398461667882956e-15,1.0242399000562445e-15,1.3490452100847096e-15,1.3490452100769788e-15,1.3490452100847096e-15,1.1421273289960305e-15
2,3/3/3,vvw,ponly,14.287109375,enforced,LOCALLY_INFEASIBLE,false,infeasible: therm line1 c1,,,,,,,,,,,,,,,,,,,,,,,,,,
2,3/3/3,vvw,ponly,14.0966796875,relaxed,LOCALLY_SOLVED,false,therm line1 c1,252.39070317120144,endbus ph1,230.8458560876274,sourcebus ph2,1.4398624243191247e-14,endbus,5.4428173512699916e-17,1.0137652109235156,line1 c1,1.443057145432218e-13,23.3706314086297,282.55645124655706,296.0302734375,13.473822190942908,-71.75267306887136,-23.917557689623784,-23.91755768962379,-23.9175576896238,0.001068368256084955,1.203979251756262e-14,-6.512871116566009e-15,5.254047688152612e-15,1.3196587544878021e-15,1.319658754523222e-15,1.319658754499635e-15,1.2111899235638198e-15
2,3/3/3,vvw,ponly,14.0966796875,enforced,LOCALLY_INFEASIBLE,false,infeasible: therm line1 c1,,,,,,,,,,,,,,,,,,,,,,,,,,
2,3/3/3,vvw,ponly,14.00146484375,relaxed,LOCALLY_SOLVED,false,therm line1 c3,252.3037586763592,endbus ph3,230.84885413967808,sourcebus ph2,1.0022279344621101e-13,endbus,1.2307979991579188e-15,1.0067931379579724,line1 c3,2.45435259334998e-12,23.048103483665148,280.8549612953309,294.03076171875,13.175800423419126,-70.60808304250969,-23.536027680836042,-23.53602768083672,-23.53602768083694,0.0010766144258786128,-5.160609021675687e-13,-2.282117641675081e-13,7.549591909013945e-13,1.304913526357484e-15,1.3049136988438142e-15,1.3049135662388203e-15,7.549603186432407e-14
2,3/3/3,vvw,ponly,14.00146484375,enforced,LOCALLY_INFEASIBLE,false,infeasible: therm line1 c3,,,,,,,,,,,,,,,,,,,,,,,,,,
2,3/3/3,vvw,ponly,13.953857421875,relaxed,LOCALLY_SOLVED,false,therm line1 c1,252.25999922412527,endbus ph1,230.85034267213845,sourcebus ph1,1.507456060273781e-12,endbus,1.806052885557116e-14,1.0033068542345969,line1 c1,3.6536958774851996e-11,22.887650298612556,280.0031164173407,293.031005859375,13.027889442034324,-70.03823042227954,-23.346076807434844,-23.346076807423344,-23.34607680742134,0.001080316334162734,8.394167413387354e-12,3.004502956742741e-12,-1.1388031346814432e-11,1.2975571420968517e-15,1.2975545696007716e-15,1.2975567520012686e-15,1.1388031420736494e-12
2,3/3/3,vvw,ponly,13.953857421875,enforced,LOCALLY_INFEASIBLE,false,infeasible: therm line1 c1,,,,,,,,,,,,,,,,,,,,,,,,,,
2,3/3/3,vvw,pq,13.90625,relaxed,LOCALLY_SOLVED,false,therm line1 c1,251.81701864028906,endbus ph3,230.82831032324088,sourcebus ph2,1.5414516218167153e-14,mid2,2.5866702435348012e-17,1.0104543508061974,line1 c1,1.4576451205879316e-13,23.55449241854366,280.01881238911557,292.03125,12.012437610884463,-66.85736417524055,-22.285788058413512,-22.285788058413498,-22.28578805841354,0.0013204924378494953,-1.331065901810936e-15,-1.6118758251956e-15,3.714560511206462e-15,-3.1902381174735366,-3.190238117473534,-3.1902381174735344,0.31902381174735367
2,3/3/3,vvw,pq,13.90625,enforced,LOCALLY_SOLVED,true,,252.20930132731806,endbus ph1,230.85142384740325,sourcebus ph2,1.5894718771669252e-14,mid1,9.648466896943236e-17,0.9999980860399333,line1 c1,2.6134092215551e-13,22.74129762412895,279.1654960520444,292.03125,12.865753947955616,-69.42551865621729,-23.141839552072422,-23.14183955207243,-23.141839552072437,0.001084082785116899,7.286862304603156e-15,-4.707117566978371e-15,1.7178668056183924e-15,-0.05444581620105893,-0.05444581620108056,-0.054445816201091006,0.005444581620109101
2,3/3/3,vvw,pq,20.0,relaxed,LOCALLY_SOLVED,false,therm line1 c1,254.73037851363043,endbus ph1,230.58082950517465,sourcebus ph2,1.615564826737264e-14,endbus,7.507957280560143e-17,1.4462835971735812,line1 c1,2.39222690804047e-13,48.95399927131779,378.7559664335673,419.99999999999994,41.24403356643263,-131.23486009232826,-43.74495336410941,-43.74495336410939,-43.744953364109435,0.00027530377694651165,7.314826234104197e-15,-1.6056125760420734e-15,-5.753404098661863e-15,-9.999952687022477,-9.999952687022477,-9.999952687022477,0.9999952687022476
2,3/3/3,vvw,pq,20.0,enforced,LOCALLY_INFEASIBLE,false,infeasible: therm line1 c1,,,,,,,,,,,,,,,,,,,,,,,,,,
2,3/3/3,vvw,pq,16.953125,relaxed,LOCALLY_SOLVED,false,therm line1 c1,253.9723087125697,endbus ph1,230.7025636511995,sourcebus ph2,1.3166387344947893e-14,endbus,2.2741591049168753e-17,1.2461011210309096,line1 c1,1.6948473344409459e-13,36.3644030215121,334.69640086910533,356.01562499999994,21.319224130894643,-101.80508661758306,-33.93502887252768,-33.93502887252765,-33.9350288725277,0.0006786186876444526,1.6547675735951292e-15,1.643467828708039e-14,-1.810222566808151e-14,-6.305151209173612,-6.305151209173567,-6.305151209173589,0.6305151209173612
2,3/3/3,vvw,pq,16.953125,enforced,LOCALLY_INFEASIBLE,false,infeasible: therm line1 c1,,,,,,,,,,,,,,,,,,,,,,,,,,
2,3/3/3,vvw,pq,15.4296875,relaxed,LOCALLY_SOLVED,false,therm line1 c1,253.09227728074666,endbus ph1,230.7749067514321,sourcebus ph2,1.8317610893553267e-14,endbus,4.030896459738021e-17,1.124566663434242,line1 c1,1.6751447651509753e-13,29.27005024663189,307.2920261995984,324.0234375,16.73141130040161,-84.90030548245181,-28.30010182748393,-28.30010182748393,-28.300101827483953,0.0009340091608161074,2.294483113000361e-15,1.627267746988797e-14,-1.8016164293836256e-14,-3.7250084789372973,-3.72500847893727,-3.7250084789372835,0.3725008478937297
2,3/3/3,vvw,pq,15.4296875,enforced,LOCALLY_INFEASIBLE,false,infeasible: therm line1 c1,,,,,,,,,,,,,,,,,,,,,,,,,,
2,3/3/3,vvw,pq,14.66796875,relaxed,LOCALLY_SOLVED,false,therm line1 c2,252.47222311023518,endbus ph2,230.8020478989036,sourcebus ph1,1.1499592109080882e-14,mid1,4.600087412752291e-17,1.067682197798851,line1 c2,1.3102348399384583e-13,26.34747123582377,293.74948006585805,308.02734375,14.27786368414199,-75.70240895418655,-25.234136318062188,-25.234136318062166,-25.234136318062195,0.0010447155432836298,-3.204964460332493e-15,2.844639680255181e-14,-2.4501750464346813e-14,-3.4930714799768467,-3.493071479976829,-3.493071479976819,0.3493071479976847
2,3/3/3,vvw,pq,14.66796875,enforced,LOCALLY_INFEASIBLE,false,infeasible: therm line1 c2,,,,,,,,,,,,,,,,,,,,,,,,,,
2,3/3/3,vvw,pq,14.287109375,relaxed,LOCALLY_SOLVED,false,therm line1 c2,252.14884868186184,endbus ph1,230.815317672909,sourcebus ph2,1.461241922612489e-14,endbus,7.484329832714983e-17,1.0391003919689237,line1 c2,2.2396504348411308e-13,24.934969858106697,286.9086015134147,300.029296875,13.12069536158531,-71.21423516534185,-23.738078388447263,-23.73807838844727,-23.73807838844731,0.0010797969182749418,-5.474566085354074e-15,2.708509999152131e-14,-2.1043802761678142e-14,-3.3547797264922825,-3.354779726492267,-3.3547797264922385,0.33547797264922824
2,3/3/3,vvw,pq,14.287109375,enforced,LOCALLY_INFEASIBLE,false,infeasible: therm line1 c2,,,,,,,,,,,,,,,,,,,,,,,,,,
2,3/3/3,vvw,pq,14.0966796875,relaxed,LOCALLY_SOLVED,false,therm line1 c1,251.98399808490748,endbus ph1,230.8218601879684,sourcebus ph2,1.1459497561808831e-14,mid1,4.599896160506511e-17,1.0247805019690093,line1 c1,1.7059438834705202e-13,24.24064891422123,283.46984218382596,296.0302734375,12.560431253674054,-69.01424166114023,-23.00474722038007,-23.00474722038006,-23.004747220380096,0.0010912496275892213,-1.5691022960404934e-14,2.456922648134155e-14,-8.291426126967512e-15,-3.2763345893106006,-3.276334589310577,-3.27633458931057,0.32763345893106005
2,3/3/3,vvw,pq,14.0966796875,enforced,LOCALLY_SOLVED,true,,252.91162276500964,endbus ph2,230.87719324053165,sourcebus ph2,1.5527669306783536e-14,mid1,5.786468340754993e-17,0.9999992333248746,line1 c2,1.6743810169068806e-13,22.33430563471879,281.3332297709652,296.0302734375,14.697043666534793,-75.29082001395454,-25.09694000465152,-25.096940004651508,-25.09694000465153,0.00102046905824542,-8.059512200920808e-16,4.100769239749095e-15,-2.1027323536106043e-15,4.290034234941468,4.290034234941481,4.2900342349414675,0.4290034234941481
2,3/3/3,vvw,pq,14.19189453125,relaxed,LOCALLY_SOLVED,false,therm line1 c2,252.06668223859225,endbus ph2,230.8185983053204,sourcebus ph2,1.2124164176959875e-14,sourcebus,7.75524717930885e-17,1.0319421619940738,line1 c2,2.5034922250731465e-13,24.58681415858617,285.1907684432609,298.02978515625,12.839016712989126,-70.10960243435531,-23.36986747811843,-23.369867478118437,-23.36986747811845,0.001086068923202728,-1.0777031544466129e-14,2.5839580669463207e-14,-1.44855649090064e-14,-3.316481820037586,-3.316481820037572,-3.3164818200375654,0.33164818200375856
2,3/3/3,vvw,pq,14.19189453125,enforced,LOCALLY_INFEASIBLE,false,infeasible: therm line1 c2,,,,,,,,,,,,,,,,,,,,,,,,,,
2,3/3/3,vvw,pq,14.144287109375,relaxed,LOCALLY_SOLVED,false,therm line1 c2,252.02540511387747,endbus ph2,230.82023180563874,sourcebus ph2,1.0863043747955577e-14,sourcebus,5.5120938917805635e-17,1.028361668506061,line1 c2,1.819758323066359e-13,24.413481028717456,284.33069186291306,297.030029296875,12.699337433961944,-69.56067194672355,-23.186890648907845,-23.18689064890783,-23.186890648907866,0.001088799535598488,-1.861964285412297e-14,3.9429381115859275e-14,-2.0227663584103983e-14,-3.2966479254416288,-3.2966479254416092,-3.2966479254415884,0.32966479254416287
2,3/3/3,vvw,pq,14.144287109375,enforced,LOCALLY_INFEASIBLE,false,infeasible: therm line1 c2,,,,,,,,,,,,,,,,,,,,,,,,,,
2,4/3/2,vvw,qonly,11.171875,relaxed,LOCALLY_SOLVED,false,vuf endbus,250.03673793206488,endbus ph1,230.8171327478794,sourcebus ph1,2.319106976746673,endbus,0.015268502516982743,0.9250297761733712,line1 c1,31.60772987159575,15.493862875598127,228.9903487389591,234.609375,5.619026261040894,-40.00957070731929,-18.152058957165128,-13.073216201961458,-8.784295548192711,0.0010986122886683276,2.499948314405472e-7,2.499948302577017e-7,2.4999482873388144e-7,-5.694625364586756,9.103118686558757,-8.001630840980997,0.910311868655876
2,4/3/2,vvw,qonly,11.171875,enforced,LOCALLY_SOLVED,true,,251.19865652742632,endbus ph1,230.83276287754884,sourcebus ph1,2.000016363350899,endbus,0.011352398405603663,0.9108567656381927,line1 c1,24.788733112345408,15.202093721007639,228.62125858531414,234.609375,5.988116414685862,-40.63918980112298,-20.343744462142134,-12.546947149008869,-7.748498189971978,0.0010986122886801287,2.4997892519695304e-7,2.4997888987485524e-7,2.499789111854692e-7,-2.2085880403039564,6.570029922826155,-8.160692694554026,0.8160692694554029
2,4/3/2,vvw,qonly,20.0,relaxed,LOCALLY_SOLVED,false,therm line1 c1,255.64353526530286,endbus ph1,230.44201942087432,sourcebus ph1,2.857116524057265,endbus,0.023378661350792584,1.5551363646898546,line1 c1,45.70282043344272,48.12229888425693,375.30856009336844,420.0,44.6914399066316,-132.43255035420418,-55.28512156155476,-42.16485970711597,-34.982569085533434,0.0004736226645372932,2.499936628365853e-7,2.4999374436877523e-7,2.4999367808966567e-7,-9.999820517258348,-1.544853676985259,-9.99999119686598,0.9999991196865983
2,4/3/2,vvw,qonly,20.0,enforced,LOCALLY_INFEASIBLE,false,infeasible: therm line1 c1,,,,,,,,,,,,,,,,,,,,,,,,,,
2,4/3/2,vvw,qonly,15.5859375,relaxed,LOCALLY_SOLVED,false,vuf endbus,253.97705715546272,endbus ph1,230.6330934615894,sourcebus ph1,3.05308563242787,endbus,0.024476185480023675,1.2991658203224048,line1 c1,48.17801571385487,30.94039325178464,309.6083442585942,327.3046874999999,17.69634324140572,-87.61605034024068,-36.8256400964753,-28.232329463908552,-22.558080779856816,0.00104050121377628,2.4999095747931287e-7,2.4999095182036987e-7,2.4999094966802464e-7,-7.73396201378297,9.999600841513418,-9.999896263038362,0.9999896263038366
2,4/3/2,vvw,qonly,15.5859375,enforced,LOCALLY_INFEASIBLE,false,infeasible: vuf endbus,,,,,,,,,,,,,,,,,,,,,,,,,,
2,4/3/2,vvw,qonly,13.37890625,relaxed,LOCALLY_SOLVED,false,vuf endbus,252.34680697976432,endbus ph1,230.73719209692845,sourcebus ph1,2.635917971249433,endbus,0.018491432546305323,1.110545301327894,line1 c1,38.280882725812276,22.538338069459225,270.0275302637992,280.95703125,10.929500986200846,-61.94735428946405,-27.325976044264483,-20.197049405551738,-14.424328839647838,0.0020478589324958545,2.499877596724138e-7,2.499877563597286e-7,2.49987755445144e-7,-6.053184180832588,9.542319220701307,-9.99934215259096,0.9999342152590962
2,4/3/2,vvw,qonly,13.37890625,enforced,LOCALLY_INFEASIBLE,false,infeasible: vuf endbus,,,,,,,,,,,,,,,,,,,,,,,,,,
2,4/3/2,vvw,qonly,12.275390625,relaxed,LOCALLY_SOLVED,false,vuf endbus,251.20470340408082,endbus ph1,230.77708806384118,sourcebus ph1,2.4858573608268513,endbus,0.01679476252968259,1.0195107138420483,line1 c1,34.84371752142608,18.918567687012235,249.7725374425564,257.783203125,8.01066568244364,-50.506498453477924,-22.542052315476845,-16.53896627135501,-11.42547986664606,0.0010986123173207056,2.4999559961848335e-7,2.4999559509546776e-7,2.4999559626794167e-7,-6.1436119305318595,9.218614716831096,-9.369753423914803,0.9369753423914806
2,4/3/2,vvw,qonly,12.275390625,enforced,LOCALLY_SOLVED,true,,252.8129721761942,endbus ph1,230.8018621951587,sourcebus ph1,2.00001761622274,endbus,0.011279241045727053,0.9959164781114116,line1 c1,25.070113622928623,18.425091342074428,249.11343841873514,257.783203125,8.669764706264882,-51.48142710477488,-25.883931902146934,-15.802756897592014,-9.794738305035938,0.0010986163453092414,2.4998487408263057e-7,2.499848573096179e-7,2.4998486100172045e-7,-0.7836304910219783,5.6047349064347305,-9.677965689105946,0.967796568910595
2,4/3/2,vvw,qonly,12.8271484375,relaxed,LOCALLY_SOLVED,false,vuf endbus,251.7594656863526,endbus ph1,230.75659722519782,sourcebus ph1,2.5620837872948403,endbus,0.01750577889125411,1.0658862823478428,line1 c1,36.35636601271654,20.734399983899678,259.9947849545111,269.37011718749994,9.375332232988853,-56.00864459177165,-24.84349636783219,-18.350884842592656,-12.814263381346807,0.0010986190540735886,2.4999533375623525e-7,2.4999530188866323e-7,2.4999531780520026e-7,-6.2622845464794015,9.278955334574938,-9.993038905210962,0.9993038905210966
2,4/3/2,vvw,qonly,12.8271484375,enforced,LOCALLY_INFEASIBLE,false,infeasible: vuf endbus,,,,,,,,,,,,,,,,,,,,,,,,,,
2,4/3/2,vvw,qonly,12.55126953125,relaxed,LOCALLY_SOLVED,false,vuf endbus,251.48305053113762,endbus ph1,230.76683709974637,sourcebus ph1,2.524489807147354,endbus,0.017146265572051435,1.0428012059934142,line1 c1,35.595534221688574,19.820052747878833,254.89952261235956,263.57666015625006,8.6771375438905,-53.230295176745734,-23.681395654712873,-17.438945263256855,-12.109954258776009,0.0010986127484939022,2.499870964516747e-7,2.4998703507416046e-7,2.499870678238968e-7,-6.218825962094303,9.242452510060797,-9.701781103807356,0.970178110380736
2,4/3/2,vvw,qonly,12.55126953125,enforced,LOCALLY_INFEASIBLE,false,infeasible: vuf endbus,,,,,,,,,,,,,,,,,,,,,,,,,,
2,4/3/2,vvw,qonly,12.413330078125,relaxed,LOCALLY_SOLVED,false,vuf endbus,251.34452721539745,endbus ph1,230.77197172167192,sourcebus ph1,2.505314385765462,endbus,0.016971816626545032,1.0311732893871082,line1 c1,35.22228791252192,19.367150292698785,252.3394738140713,260.679931640625,8.34045782655366,-51.863376637933975,-23.109698673649483,-16.98719343765271,-11.76648452663178,0.0010986124043631889,2.4999094916613554e-7,2.4999093164317236e-7,2.499909407404669e-7,-6.183255110631131,9.230373652726518,-9.5365875035705,0.9536587503570504
2,4/3/2,vvw,qonly,12.413330078125,enforced,LOCALLY_INFEASIBLE,false,infeasible: vuf endbus,,,,,,,,,,,,,,,,,,,,,,,,,,
2,4/3/2,vvw,qonly,12.3443603515625,relaxed,LOCALLY_SOLVED,false,vuf endbus,251.27481447658832,endbus ph1,230.77453235788968,sourcebus ph1,2.4956170002449434,endbus,0.01688373187201718,1.025345896333887,line1 c1,35.03386149261138,19.142296324836618,251.05684777809233,259.2315673828125,8.17471960472016,-51.183748476488,-22.82543687206157,-16.762578315713757,-11.595733288712669,0.001098612346337577,2.499880764141026e-7,2.4998806776783807e-7,2.499880720084665e-7,-6.163854101327511,9.224410679925619,-9.453140024807118,0.9453140024807121
2,4/3/2,vvw,qonly,12.3443603515625,enforced,LOCALLY_SOLVED,true,,252.93758235131622,endbus ph1,230.80241731334388,sourcebus ph1,2.0000174478302393,endbus,0.011238361049957839,0.9999911778921523,line1 c1,25.02660165796501,18.569786743315948,250.31236924720523,259.2315673828125,8.919198135607287,-52.389983728799436,-26.30590173871048,-16.104855107030257,-9.979226883058697,0.001098623047137344,2.499876212002008e-7,2.4998754534146457e-7,2.4998760810064544e-7,-0.3724887191562327,5.89235202234553,-9.511501656053166,0.951150165605317
2,4/3/2,vvw,qonly,12.37884521484375,relaxed,LOCALLY_SOLVED,false,vuf endbus,251.3097115064967,endbus ph1,230.7732526834308,sourcebus ph1,2.5004749653389067,endbus,0.016927863351308844,1.0282606513440422,line1 c1,35.12825174931947,19.2545859305379,251.6983741391472,259.9557495117188,8.257375372571607,-51.523256729413745,-22.96744088034214,-16.874780174660202,-11.681035674411417,0.0010986123703902856,2.499884213432214e-7,2.4998840895910496e-7,2.4998841525261026e-7,-6.173674943165472,9.227397959073585,-9.494903149771375,0.9494903149771379
2,4/3/2,vvw,qonly,12.37884521484375,enforced,LOCALLY_SOLVED,true,,252.99998196417638,endbus ph1,230.80961426209103,sourcebus ph1,2.000018193631263,endbus,0.010166233427974541,0.9999991481375626,line1 c1,23.243715159858215,18.53405773534533,250.79556633508656,259.9557495117188,9.16018317663223,-53.18019262019551,-26.545477709437947,-16.73812068719643,-9.896594223561133,0.0010986390904702864,2.4993342077897155e-7,2.4993337756957824e-7,2.5020475792745296e-7,0.5022665360727059,6.9836189102103745,-9.699193890941322,0.9699193890941326
2,4/3/2,vvw,qcap,11.171875,relaxed,LOCALLY_SOLVED,false,vuf endbus,251.58637179742445,endbus ph1,230.8453394363134,sourcebus ph1,2.168186434891772,endbus,0.018225886088655725,0.9024132930509139,line1 c1,36.72315478051469,14.689194377562057,227.96232928688363,234.609375,6.647045713116384,-43.163930766087404,-21.007769287997498,-11.840344094544301,-10.31581738354561,0.0010986122887082026,2.49987394136257e-7,2.49987416800685e-7,2.499873085313314e-7,0.0002028347320468313,9.99972302458775,5.412051546178134e-5,0.9999723024587752
2,4/3/2,vvw,qcap,11.171875,enforced,LOCALLY_SOLVED,true,,252.1886079236088,endbus ph1,230.86208926473552,sourcebus ph1,2.000016936897182,endbus,0.015959822341345617,0.8923401879516558,line1 c1,32.61166166401276,14.427940082305724,227.63022457372918,234.609375,6.9791504262708415,-43.94580546254391,-22.166021049653377,-12.068930881367299,-9.71085353152323,0.001098612290653127,2.4998702289972975e-7,2.4998702281670507e-7,2.499870250859407e-7,2.6801205934751593,9.887217263820483,4.610924996849128e-5,0.9887217263820487
2,4/3/2,vvw,qcap,20.0,relaxed,LOCALLY_SOLVED,false,therm line1 c1,256.39372117788196,endbus ph1,230.5187260219866,sourcebus ph1,2.647493452322208,endbus,0.02323873534978261,1.4565303924533262,line1 c1,45.44521757620599,43.17038052772809,367.3133575856198,420.0,52.68664241438019,-136.5452680545783,-58.581130719993624,-42.13403822777319,-35.83009910681149,0.0002618718934478681,2.4999405906414505e-7,2.499940616603363e-7,2.499940595696407e-7,2.8318724644069924e-5,4.552241330726489e-5,1.2940093852724388e-5,4.552309974450678e-6
2,4/3/2,vvw,qcap,20.0,enforced,LOCALLY_INFEASIBLE,false,infeasible: therm line1 c1,,,,,,,,,,,,,,,,,,,,,,,,,,
2,4/3/2,vvw,qcap,15.5859375,relaxed,LOCALLY_SOLVED,false,vuf endbus,254.76544389787315,endbus ph1,230.69006513289705,sourcebus ph1,2.5314767484882763,endbus,0.022324551931463644,1.2223272076488152,line1 c1,43.42755102023638,27.797924976845785,303.97295645137683,327.3046874999999,23.331731048623094,-90.56900666512429,-39.294991215265696,-27.338717414140202,-23.9352980357184,0.000922761267210582,2.499959280071774e-7,2.49995928016414e-7,2.499959279428254e-7,9.935940092890707e-6,9.999983795151714,2.3031540403205058e-5,0.9999983795151717
2,4/3/2,vvw,qcap,15.5859375,enforced,LOCALLY_INFEASIBLE,false,infeasible: vuf endbus,,,,,,,,,,,,,,,,,,,,,,,,,,
2,4/3/2,vvw,qcap,13.37890625,relaxed,LOCALLY_SOLVED,false,vuf endbus,253.9027776709559,endbus ph1,230.7629270187027,sourcebus ph1,2.5173208997525225,endbus,0.022688828581636764,1.0823001602659719,line1 c1,44.98181764098226,21.263484737037082,268.4058712281094,280.95703125,12.551160021890606,-66.08320579740649,-30.79751249676732,-18.34477293697758,-16.9409203636616,0.0014916765275686146,2.4999376560599376e-7,2.499937757122368e-7,2.499937917624593e-7,0.0001678940409665459,9.999867937445725,4.285166706021153e-5,0.9999867937445727
2,4/3/2,vvw,qcap,13.37890625,enforced,LOCALLY_INFEASIBLE,false,infeasible: vuf endbus,,,,,,,,,,,,,,,,,,,,,,,,,,
2,4/3/2,vvw,qcap,12.275390625,relaxed,LOCALLY_SOLVED,false,vuf endbus,252.82179212063534,endbus ph1,230.80578000340324,sourcebus ph1,2.343660948558867,endbus,0.02054000204847191,0.992756786024367,line1 c1,41.19753678891462,17.835340534524217,248.40171206208024,257.783203125,9.381491062919789,-54.18283325741542,-25.80127124099012,-14.969013524834688,-13.412548491590618,0.0010986160647256942,2.49987710643179e-7,2.499877448389468e-7,2.499876499571501e-7,0.0002114932846054431,9.999800598580986,4.7048417832241714e-5,0.9999800598580988
2,4/3/2,vvw,qcap,12.275390625,enforced,LOCALLY_INFEASIBLE,false,infeasible: vuf endbus,,,,,,,,,,,,,,,,,,,,,,,,,,
2,4/3/2,vvw,qcap,11.7236328125,relaxed,LOCALLY_SOLVED,false,vuf endbus,252.2242340711761,endbus ph1,230.82592427864296,sourcebus ph1,2.256041457795038,endbus,0.019398715326554964,0.9477455157052259,line1 c1,38.99536919557668,16.227640010579364,238.239397076216,246.19628906249997,7.956891986283976,-48.596122251231286,-23.384332800258708,-13.37570596098176,-11.836083489990818,0.0010986122961926434,2.4999542745430614e-7,2.4999542791580294e-7,2.4999542542263314e-7,5.36140091867931e-5,9.999947559323957,1.7592480626257696e-5,0.9999947559323961
2,4/3/2,vvw,qcap,11.7236328125,enforced,LOCALLY_INFEASIBLE,false,infeasible: vuf endbus,,,,,,,,,,,,,,,,,,,,,,,,,,
2,4/3/2,vvw,qcap,11.44775390625,relaxed,LOCALLY_SOLVED,false,vuf endbus,251.9105886051263,endbus ph1,230.83572579747462,sourcebus ph1,2.2121319840125038,endbus,0.01881618669491218,0.925120815628862,line1 c1,37.867539855689394,15.449712105639806,233.11539860024283,240.40283203125,7.287433431007173,-45.860371225314346,-22.190907089106492,-12.600513887957398,-11.068950248250447,0.0010986122892412274,2.49987365147256e-7,2.499873908206024e-7,2.499872882025367e-7,0.00020144065241349502,9.99975260163939,5.208855298860001e-5,0.9999752601639393
2,4/3/2,vvw,qcap,11.44775390625,enforced,LOCALLY_SOLVED,true,,252.65045362458534,endbus ph1,230.85658555033615,sourcebus ph1,2.000019888314843,endbus,0.016053446325225717,0.9122346375493889,line1 c1,32.83553053182,15.11221323650727,232.68214014098615,240.40283203125,7.720691890263831,-46.838496569686825,-23.64967745566843,-12.881101788776153,-10.307717325242233,0.001098612358284706,2.4999241685676393e-7,2.499924161509016e-7,2.499924154678827e-7,3.3478303698734524,9.842113270338833,1.5349226955020774e-5,0.9842113270338837
2,4/3/2,vvw,qcap,11.585693359375,relaxed,LOCALLY_SOLVED,false,vuf endbus,252.06866741879983,endbus ph1,230.83084784923435,sourcebus ph1,2.2341007590340856,endbus,0.019108461861301346,0.9364437834307168,line1 c1,38.433598399480765,15.836512809252731,235.6810193675128,243.29956054687503,7.618541179362248,-47.223414936105975,-22.786294787965446,-12.986302045635345,-11.450818102505181,0.0010986122907648747,2.499954365611402e-7,2.4999543703174034e-7,2.499954344931749e-7,5.334196075503418e-5,9.99994681177138,1.7917692627723135e-5,0.9999946811771382
2,4/3/2,vvw,qcap,11.585693359375,enforced,LOCALLY_SOLVED,true,,252.87464194965435,endbus ph1,230.85376634421706,sourcebus ph1,2.000017601168142,endbus,0.016104677042014404,0.9221156982703308,line1 c1,32.95347138950622,15.459075329259198,235.19461729584404,243.29956054687503,8.104943251030994,-48.301084414883405,-24.395436288132196,-13.29426907334412,-10.611379053407092,0.0010986126818685587,2.499759056782851e-7,2.4997590834758013e-7,2.499759077076569e-7,3.6812100174789397,9.823607399025375,4.308287200483227e-5,0.9823607399025379
2,4/3/2,vvw,qcap,11.6546630859375,relaxed,LOCALLY_SOLVED,false,vuf endbus,252.14683181505217,endbus ph1,230.82839221898962,sourcebus ph1,2.2450566901399753,endbus,0.019253752608882825,0.942096460661569,line1 c1,38.71484699088996,16.03152307334107,236.9610895331268,244.7479248046875,7.786835271560699,-47.90859233218484,-23.085122297160897,-13.180486182487122,-11.642983852536817,0.0010986122926498632,2.4998731290303725e-7,2.4998734203240507e-7,2.499872351784324e-7,0.00020916419266529373,9.999752913100442,5.0691018545398486e-5,0.9999752913100446
2,4/3/2,vvw,qcap,11.6546630859375,enforced,LOCALLY_SOLVED,true,,252.98506016780945,endbus ph1,230.8523572225958,sourcebus ph1,2.0000175345683826,endbus,0.016129074076532798,0.9270362358537697,line1 c1,33.01045686782416,15.633426665895083,236.447268815412,244.7479248046875,8.300655989275496,-49.03749502691424,-24.76938770812911,-13.503763021359566,-10.764344297425573,0.001098613211048992,2.4998516993820845e-7,2.499851601645714e-7,2.4998545426993834e-7,3.84951808776793,9.81815953159458,4.260809969932457e-5,0.9818159531594584
2,4/3/2,vvw,qcap,11.68914794921875,relaxed,LOCALLY_SOLVED,false,vuf endbus,252.18564286278917,endbus ph1,230.82715990152212,sourcebus ph1,2.2505415945945506,endbus,0.019326254714384265,0.9449212547197781,line1 c1,38.85515969753215,16.129440223517907,237.6004584731144,245.47210693359375,7.8716484604793635,-48.25206958633966,-23.234709662885436,-13.27795258780576,-11.73940733564846,0.0010986122941451634,2.499873058594206e-7,2.499873353039913e-7,2.4998722912625766e-7,0.00020914881019733672,9.999756031360329,5.0466838803573984e-5,0.9999756031360333
2,4/3/2,vvw,qcap,11.68914794921875,enforced,LOCALLY_INFEASIBLE,false,infeasible: vuf endbus,,,,,,,,,,,,,,,,,,,,,,,,,,
2,4/3/2,vvw,ponly,11.171875,relaxed,LOCALLY_SOLVED,true,,251.2528277841318,endbus ph3,230.8962841721754,sourcebus ph1,0.37021522610991736,endbus,0.007354574453782334,0.8061783061133646,line1 c1,16.1462582570234,14.493280646335439,229.0231076515727,234.609375,5.5862673484273095,-40.00088129579854,-15.402552492756794,-12.362238646696728,-12.236090156345018,0.0010986122913465273,-9.999860787988439,6.340042493302339e-5,9.999797387563508,5.082028167831553e-16,-2.244920363309658e-16,-2.9412739013602796e-16,0.9999860787988439
2,4/3/2,vvw,ponly,20.0,relaxed,LOCALLY_SOLVED,false,therm line1 c2,256.15089806955643,endbus ph3,230.55026319917565,sourcebus ph1,2.0722611676890477,endbus,0.01862437058479894,1.4414106554274235,line1 c2,37.858802525220646,43.00199086596137,368.483905222408,420.0,51.51609477759202,-136.78102558993658,-55.46465834404643,-43.068643967232305,-38.247723278657865,0.0003028819027230123,-9.999865387708889,-8.015360556930312e-5,9.999945541314462,-9.34421258180044e-16,7.950826814108428e-16,1.498180119551039e-16,0.9999945541314462
2,4/3/2,vvw,ponly,20.0,enforced,LOCALLY_INFEASIBLE,false,infeasible: therm line1 c2,,,,,,,,,,,,,,,,,,,,,,,,,,
2,4/3/2,vvw,ponly,15.5859375,relaxed,LOCALLY_SOLVED,false,therm line1 c2,254.1459333035368,endbus ph1,230.7076366111705,sourcebus ph1,1.6220823691837642,endbus,0.015171530859449124,1.1673760148956804,line1 c2,30.34664883304986,28.94512414134679,308.10266910939396,327.3046874999999,19.202018390605957,-89.6422651521751,-37.911783707588306,-27.704678184082997,-24.025803260503782,0.0009285743500535609,-9.999987276402726,3.772630532296427,6.2273567441063,1.536647694879245e-16,-3.8101436915388303e-17,-1.3169069393505932e-16,0.9999987276402725
2,4/3/2,vvw,ponly,15.5859375,enforced,LOCALLY_INFEASIBLE,false,infeasible: therm line1 c2,,,,,,,,,,,,,,,,,,,,,,,,,,
2,4/3/2,vvw,ponly,13.37890625,relaxed,LOCALLY_SOLVED,false,vmax endbus ph3,253.7519305693808,endbus ph3,230.81623428469103,sourcebus ph1,0.8047851260171881,endbus,0.012004292569182898,0.9910389280145632,line1 c1,25.8875857947802,21.134599361444263,269.7963190109585,280.95703125,11.160712239041537,-62.96426455114216,-25.39207870506612,-18.546863138293524,-19.025322707782514,0.0010986241449040873,-9.999924503875512,4.146748295359098e-5,9.999883036392573,9.632017080480055e-15,-6.33376894223128e-15,-3.527439350489488e-15,0.9999924503875512
2,4/3/2,vvw,ponly,13.37890625,enforced,LOCALLY_SOLVED,true,,252.99998407188139,endbus ph3,230.80981298042985,sourcebus ph1,0.9730807901621478,endbus,0.01126892487810471,0.9898573046305716,line1 c1,23.54588202547384,21.172430777678606,269.74795747867813,280.95703125,11.209073771321876,-63.16019532678203,-26.10806411974457,-19.099886005648763,-17.952245201388703,0.001098631271640051,-9.999946058663815,1.4358632913179197,8.564082767345905,4.830841448590613e-14,-1.5055663450132318e-14,-2.8878598491392545e-14,0.9999946058663814
2,4/3/2,vvw,ponly,14.482421875,relaxed,LOCALLY_SOLVED,false,therm line1 c1,253.99065951435952,endbus ph3,230.76259119009552,sourcebus ph1,1.214890459059487,endbus,0.01355733121816521,1.080818734340341,line1 c1,28.297119101327944,24.959686222729772,289.47240271857646,304.130859375,14.65845665642349,-76.0998713964274,-31.63750437377077,-22.82414483650704,-21.638222186149598,0.0010779173306540016,-9.999952620147328,1.7438166287220176,8.256135991425317,8.167216673321261e-15,-8.39677752283327e-16,-8.864370755279404e-15,0.9999952620147328
2,4/3/2,vvw,ponly,14.482421875,enforced,LOCALLY_INFEASIBLE,false,infeasible: therm line1 c1,,,,,,,,,,,,,,,,,,,,,,,,,,
2,4/3/2,vvw,ponly,13.9306640625,relaxed,LOCALLY_SOLVED,false,therm line1 c1,253.98641257543596,endbus ph3,230.7913832011807,sourcebus ph1,0.982695160482034,endbus,0.012760835220741824,1.0359837208326357,line1 c1,27.261544686677556,22.99557768097009,279.6956268026822,292.54394531250006,12.848318509817824,-69.32919224789664,-28.321154378440603,-20.528835909668423,-20.47920195978762,0.002088171574739117,-9.999949421058888,0.6382612528082157,9.361688168250671,4.010535797894292e-18,7.527088472121851e-19,-5.480362556684957e-18,0.9999949421058888
2,4/3/2,vvw,ponly,13.9306640625,enforced,LOCALLY_INFEASIBLE,false,infeasible: therm line1 c1,,,,,,,,,,,,,,,,,,,,,,,,,,
2,4/3/2,vvw,ponly,13.65478515625,relaxed,LOCALLY_SOLVED,false,therm line1 c1,253.98354305096063,endbus ph3,230.8049824538955,sourcebus ph1,0.8691054923837718,endbus,0.012499679134577077,1.0136942995391012,line1 c1,26.945971006014936,22.04904495823749,274.7645152008218,286.75048828125,11.985973080428236,-66.07752517780597,-26.73162240410467,-19.43387861014291,-19.91202416355837,0.0010987455531447543,-9.999981383456035,0.09580187725921031,9.90417950619683,6.8614000342136286e-15,-8.730664263652573e-16,-7.252335964724106e-15,0.9999981383456035
2,4/3/2,vvw,ponly,13.65478515625,enforced,LOCALLY_INFEASIBLE,false,infeasible: therm line1 c1,,,,,,,,,,,,,,,,,,,,,,,,,,
2,4/3/2,vvw,ponly,13.516845703125,relaxed,LOCALLY_SOLVED,false,vmax endbus ph3,253.89318825289473,endbus ph3,230.81085418486134,sourcebus ph1,0.8316720089914649,endbus,0.012283732344339287,1.0024124447528144,line1 c1,26.507370401433356,21.588485460614436,272.28537843313904,283.85375976562494,11.568381332485878,-64.50735164390812,-26.035814394423728,-18.968439998818166,-19.503097250666244,0.0010986528942571025,-9.999925952610313,3.842081142514483e-5,9.999887531798887,2.2785829448340973e-17,-6.948522286727031e-18,-1.8056965482944857e-17,0.9999925952610313
2,4/3/2,vvw,ponly,13.516845703125,enforced,LOCALLY_INFEASIBLE,false,infeasible: vmax endbus ph3,,,,,,,,,,,,,,,,,,,,,,,,,,
2,4/3/2,vvw,ponly,13.4478759765625,relaxed,LOCALLY_SOLVED,false,vmax endbus ph3,253.82273944781426,endbus ph3,230.81355119066873,sourcebus ph1,0.8182298495624426,endbus,0.012144119636546272,0.9967274474153138,line1 c1,26.19769322163562,21.360970366345903,271.0416731172544,282.4053955078125,11.363722390558095,-63.73424915663416,-25.71350668982283,-18.75691527503098,-19.263827191780358,0.0010986343827733345,-9.999925335637613,4.1088730211198416e-5,9.999884246907415,9.362915669721379e-15,-6.1334031886456545e-15,-3.4543147381435577e-15,0.9999925335637613
2,4/3/2,vvw,ponly,13.4478759765625,enforced,LOCALLY_SOLVED,true,,252.99998472441155,endbus ph3,230.80648469103525,sourcebus ph1,1.0030774392267665,endbus,0.011378291717700648,0.9954285008529279,line1 c1,23.702082173907495,21.403756420974556,270.98670195427275,282.4053955078125,11.418693553539727,-63.949989848975854,-26.501448481572297,-19.364200957737275,-18.08434040966627,0.0010986504132432392,-9.999948434069914,1.576913139605033,8.423035294464876,1.3739740697879768e-13,-6.561528548592263e-14,-3.296877061453776e-14,0.9999948434069914
2,4/3/2,vvw,ponly,13.48236083984375,relaxed,LOCALLY_SOLVED,false,vmax endbus ph3,253.85800820282685,endbus ph3,230.8122044934316,sourcebus ph1,0.8249512263009761,endbus,0.012213950324695903,0.9995703521932506,line1 c1,26.352587592377184,21.474584305641795,271.6637309067769,283.12957763671875,11.465846729941864,-64.12039361062376,-25.874543734235928,-18.86248280278809,-19.383367073599743,0.0010986422989217493,-9.999925739914522,4.0918295394210534e-5,9.99988482161914,9.28365569137215e-15,-6.042388634427814e-15,-3.4730519269297253e-15,0.9999925739914521
2,4/3/2,vvw,ponly,13.48236083984375,enforced,LOCALLY_SOLVED,true,,252.99998519918472,endbus ph3,230.8048117361942,sourcebus ph1,1.0180913390615765,endbus,0.011435343636199049,0.9982137879967107,line1 c1,23.784399030925893,21.519945578274275,271.60534496064264,283.12957763671875,11.52423267607614,-64.346419143651,-26.69884740856599,-19.496983204087705,-18.150588530997297,0.0010986665664369812,-9.999945956623312,1.6475646574806602,8.352381299142655,-3.913909212741059e-16,4.5074012037554185e-17,1.4794910870754423e-16,0.9999945956623313
2,4/3/2,vvw,pq,11.171875,relaxed,LOCALLY_SOLVED,true,,250.8895006247977,endbus ph3,230.89244553047052,sourcebus ph1,0.35984943510932227,endbus,0.007072038747623569,0.8119199340629798,line1 c1,15.43583040213873,14.619288139063858,229.17973462056463,234.609375,5.429640379435385,-39.45575426545596,-14.459386460289675,-13.204085872115684,-11.792281933050601,0.0010986122888640996,-9.906358563031791,0.12249360384469102,9.783864959187099,-1.3643687563981712,1.046922725051051,-2.067333024866408,0.9999893968203486
2,4/3/2,vvw,pq,20.0,relaxed,LOCALLY_SOLVED,false,therm line1 c2,255.56929139350052,endbus ph1,230.46938154948947,sourcebus ph1,2.286921417672757,endbus,0.01954705316548504,1.5173135274720042,line1 c2,38.13076409195699,48.928355787599436,377.1225872166228,420.0,42.877412783377224,-131.52393452395557,-55.491742021263015,-41.5556568120087,-34.47653569068388,0.0004088778252943811,-6.122939561851068,2.8982705878677333,3.2246689739833334,-7.906277202382536,-9.570732152426075,-9.46579450458266,0.9999987779730434
2,4/3/2,vvw,pq,20.0,enforced,LOCALLY_INFEASIBLE,false,infeasible: therm line1 c2,,,,,,,,,,,,,,,,,,,,,,,,,,
2,4/3/2,vvw,pq,15.5859375,relaxed,LOCALLY_SOLVED,false,therm line1 c1,253.98441596096956,endbus ph3,230.72519242978186,sourcebus ph1,1.2210168262510173,endbus,0.01011367928205728,1.1800303892498347,line1 c1,20.230987485724466,29.209891579322495,309.22835665576446,327.3046874999999,18.076330844235457,-89.09286931979739,-35.373856591617184,-30.12327078780498,-23.595741940375227,0.0009724290084025789,-9.9620139606398,1.9028795959096452,8.059134364730156,-0.8702694287229935,3.9740194972083867,-5.920248326190791,0.9999954551424327
2,4/3/2,vvw,pq,15.5859375,enforced,LOCALLY_INFEASIBLE,false,infeasible: therm line1 c1,,,,,,,,,,,,,,,,,,,,,,,,,,
2,4/3/2,vvw,pq,13.37890625,relaxed,LOCALLY_SOLVED,false,vmax endbus ph3,253.20425864905735,endbus ph3,230.81706699339864,sourcebus ph1,0.842962404991923,endbus,0.010406586104353703,0.999705071660495,line1 c1,22.042756153005136,21.24731891163225,270.00454841184893,280.95703125,10.95248283815109,-62.49916654845676,-23.87218841381683,-20.562753082809024,-18.064225051830913,0.0020988115191956217,-9.887143536711688,0.3610911536490476,9.526052383062641,-1.4977210809070822,3.0470664840746036,-3.041905501722747,0.9999943154151655
2,4/3/2,vvw,pq,13.37890625,enforced,LOCALLY_SOLVED,true,,252.99985109977428,endbus ph3,230.8170024299159,sourcebus ph1,0.8273034209331138,endbus,0.009740352194656476,0.9992516867823763,line1 c1,20.542839796708677,21.27938584488747,270.0348937536533,280.95703125,10.922137496346718,-62.41196787593534,-23.983338226153197,-20.670796918942703,-17.757832730839436,0.002077601435869332,-9.897868320591959,0.5141448284642567,9.38372349212771,-1.425133400167535,2.87016442254595,-3.456087250218667,0.9999940282713368
2,4/3/2,vvw,pq,14.482421875,relaxed,LOCALLY_SOLVED,false,therm line1 c1,253.96812525477216,endbus ph3,230.77466522659344,sourcebus ph1,1.0419262398975264,endbus,0.011201485414472117,1.0904684066001258,line1 c1,23.595542010982715,25.021658541046254,289.78146197255745,304.130859375,14.349397402442499,-75.49936804103747,-29.156013881861114,-25.017806181788604,-21.325547977387757,0.001172326870982432,-9.914884390178,0.7105876911047687,9.204296699073232,-1.3015557404802656,3.7298667843384807,-3.9089508400717703,0.9999948990678529
2,4/3/2,vvw,pq,14.482421875,enforced,LOCALLY_INFEASIBLE,false,infeasible: therm line1 c1,,,,,,,,,,,,,,,,,,,,,,,,,,
2,4/3/2,vvw,pq,13.9306640625,relaxed,LOCALLY_SOLVED,false,therm line1 c1,253.7228985715343,endbus ph3,230.79662304669063,sourcebus ph1,0.9526009648595892,endbus,0.011208956821749372,1.0453890824205345,line1 c1,23.77815372863247,23.07581640050571,279.9235960717592,292.54394531250006,12.620349240740847,-68.93426762259851,-26.38117483678,-22.679958371009015,-19.873134414809485,0.0010986572240298388,-9.894071836728264,0.42631054186601897,9.467761294862244,-1.451286467044743,3.50361873332784,-3.218765934832347,0.9999947903850737
2,4/3/2,vvw,pq,13.9306640625,enforced,LOCALLY_INFEASIBLE,false,infeasible: therm line1 c1,,,,,,,,,,,,,,,,,,,,,,,,,,
2,4/3/2,vvw,pq,13.65478515625,relaxed,LOCALLY_SOLVED,false,therm line1 c1,253.46607469703025,endbus ph3,230.80695339138725,sourcebus ph1,0.8981309708290013,endbus,0.010807408536605626,1.0225856970866434,line1 c1,22.907053681791503,22.15293552457388,274.97758870499604,286.75048828125,11.772899576254003,-65.68557868839031,-25.1178707784375,-21.605062929826126,-18.96264498012668,0.0010986161836397097,-9.890343832784867,0.3934708596020917,9.496872973182773,-1.4764605135741766,3.2756700234584413,-3.1318233316196333,0.9999945682314804
2,4/3/2,vvw,pq,13.65478515625,enforced,LOCALLY_INFEASIBLE,false,infeasible: therm line1 c1,,,,,,,,,,,,,,,,,,,,,,,,,,
2,4/3/2,vvw,pq,13.516845703125,relaxed,LOCALLY_SOLVED,false,therm line1 c1,253.3357958962186,endbus ph3,230.81203436129587,sourcebus ph1,0.8706540714339859,endbus,0.010607039645362217,1.0111577360744037,line1 c1,22.47332012287258,21.69796547331792,272.4944751108051,283.85375976562494,11.359284654819835,-64.08367138990702,-24.493033995624724,-21.078743389629384,-18.511894004652916,0.0012235275830902118,-9.888665240758822,0.377239100894239,9.511426139864582,-1.4876515632370748,3.161389786798082,-3.0873389798079023,0.9999944459362791
2,4/3/2,vvw,pq,13.516845703125,enforced,LOCALLY_SOLVED,true,,252.9997404661087,endbus ph3,230.82844913340102,sourcebus ph1,0.6884019170034003,endbus,0.00815574299708749,0.9999995317440045,line1 c1,17.09395096669286,21.419885284705348,272.17600961046935,283.85375976562494,11.677750155155575,-64.99257576346317,-25.911928908322178,-21.017887958933407,-18.06275889620758,0.0015652030312308955,-9.89894885745267,0.26970939561383467,9.629239461838845,1.4179048443568345,2.72868209504279,-2.697537982453865,0.9999982131489741
2,4/3/2,vvw,pq,13.5858154296875,relaxed,LOCALLY_SOLVED,false,therm line1 c1,253.40109265156744,endbus ph3,230.8095001152907,sourcebus ph1,0.8844172787542934,endbus,0.010707224249351773,1.0168745626990736,line1 c1,22.68988847254494,21.924911943222806,273.73688150965074,285.30212402343756,11.565242513786789,-64.8825860451715,-24.80494059791893,-21.340747458625547,-18.736897988627017,0.001098614355199118,-9.889485996714255,0.3853420155507565,9.504143981163498,-1.4821906371229499,3.2185398039290622,-3.1096862870171584,0.9999945080766638
2,4/3/2,vvw,pq,13.5858154296875,enforced,LOCALLY_SOLVED,true,,252.8745319662589,endbus ph3,230.81996179661112,sourcebus ph1,0.5961241539290013,endbus,0.009696647432676883,0.9999999312523619,line1 c1,20.72857000751911,21.855398456163798,273.4430467082643,285.30212402343756,11.859077315173261,-65.35299403215534,-28.51682161083355,-18.690036368404446,-18.14613605291734,0.0017705333318773476,-9.51849806819617,-0.27483420738466324,9.793332275580834,3.065636172175599,-2.4474520080981814,-2.021878756156566,0.9999996530719683
2,4/3/2,vvw,pq,13.62030029296875,relaxed,LOCALLY_SOLVED,false,therm line1 c1,253.43362299444914,endbus ph3,230.8082283486194,sourcebus ph1,0.891280017222316,endbus,0.010757314707152476,1.0197308039599375,line1 c1,22.798408758774883,22.03878926362599,274.3574471848906,286.02630615234375,11.668858967453133,-65.28358917373718,-24.96127530778635,-21.472634554419116,-18.849679311531713,0.001098615127698578,-9.889910446587045,0.3894029074390664,9.500507539147979,-1.4793583046997374,3.247108210441943,-3.1207794188626847,0.999994538398108
2,4/3/2,vvw,pq,13.62030029296875,enforced,LOCALLY_INFEASIBLE,false,infeasible: therm line1 c1,,,,,,,,,,,,,,,,,,,,,,,,,,
2,5/3/1,vvw,qonly,6.9140625,relaxed,LOCALLY_SOLVED,false,vuf endbus,245.95235654370603,endbus ph1,230.88290974466665,sourcebus ph1,2.7567603746709137,endbus,0.0124007186193121,0.6193163243558573,line1 c1,25.184775032789474,6.12737180977298,144.3238080201452,145.19531249999997,0.8715044798547567,-9.123659298027388,-7.278333916417592,-1.8452736401449261,-5.1741464868683645e-5,0.0010986123185006537,2.4998528519055417e-7,2.4998526360098507e-7,2.4998525369555647e-7,-5.782454482542836,9.999860333829039,-7.37488267058745,0.9999860333829043
2,5/3/1,vvw,qonly,6.9140625,enforced,LOCALLY_SOLVED,true,,249.5941095471648,endbus ph1,230.93550792565912,sourcebus ph3,2.0000208014659573,endbus,0.013789171340404338,0.5874177801699019,line1 c1,29.119416196062026,5.548255759129133,143.1615842483793,145.19531249999997,2.03372825162067,-14.075635347724353,-12.380356417842483,-1.6952789298818833,1.4479839655578595e-14,0.0010986122890370158,2.4998725310665735e-7,2.4998725351051366e-7,2.4998725467375824e-7,4.3002543022013375,5.361698009201317,-5.568304256619887,0.5568304256619891
2,5/3/1,vvw,qonly,20.0,relaxed,LOCALLY_SOLVED,false,vuf endbus,256.2878718983552,endbus ph1,230.3523764170251,sourcebus ph1,5.336624115106656,endbus,0.04271291806082018,1.6338111017599422,line1 c1,83.80323957672209,46.80921128903946,367.00572665793334,419.99999999999994,52.99427334206661,-133.50860352493814,-67.09838813511345,-40.82546348316067,-25.584751906664003,0.0006837988121784211,2.4632974519282645e-7,2.579046954630747e-7,2.519948749501003e-7,-4.842726559710046,9.999956468164148,-9.999992276342828,0.9999992276342831
2,5/3/1,vvw,qonly,20.0,enforced,LOCALLY_INFEASIBLE,false,infeasible: vuf endbus,,,,,,,,,,,,,,,,,,,,,,,,,,
2,5/3/1,vvw,qonly,13.45703125,relaxed,LOCALLY_SOLVED,false,vuf endbus,254.12652551775471,endbus ph1,230.58078278358153,sourcebus ph1,4.951304406267439,endbus,0.04318359991370547,1.2486243637590533,line1 c1,86.41254843331726,25.815900890438513,270.1332869451323,282.59765625,12.464369304867695,-61.99530742378682,-37.07916098069538,-14.26933903166102,-10.646807411430432,0.0010986123276830325,2.4998453781373816e-7,2.4998453766674936e-7,2.49984537831258e-7,-9.999990262320333,9.999987842521353,-9.99997416822161,0.9999990262320336
2,5/3/1,vvw,qonly,13.45703125,enforced,LOCALLY_INFEASIBLE,false,infeasible: vuf endbus,,,,,,,,,,,,,,,,,,,,,,,,,,
2,5/3/1,vvw,qonly,10.185546875,relaxed,LOCALLY_SOLVED,false,vuf endbus,250.63124308501295,endbus ph1,230.73370439345481,sourcebus ph1,3.9904824829223347,endbus,0.03008889928628338,0.9533366697531411,line1 c1,61.398801358570324,14.78612407585429,209.56711992478492,213.89648437499997,4.329364450215056,-31.00303149462298,-20.689993072084317,-6.612130335601578,-3.7009080869370785,0.0010986122886685417,2.499878141508418e-7,2.4998785510275524e-7,2.499877989878128e-7,-9.998885581938573,9.999949032291704,-9.999901522368042,0.9999949032291708
2,5/3/1,vvw,qonly,10.185546875,enforced,LOCALLY_INFEASIBLE,false,infeasible: vuf endbus,,,,,,,,,,,,,,,,,,,,,,,,,,
2,5/3/1,vvw,qonly,8.5498046875,relaxed,LOCALLY_SOLVED,false,vuf endbus,248.17714569398922,endbus ph1,230.80505134693902,sourcebus ph1,3.4487397089677923,endbus,0.021758069953601897,0.7936936322436396,line1 c1,45.118292673411965,10.160631306388716,177.50317001352713,179.54589843749994,2.042728423972817,-17.805329325402234,-13.023255126253197,-3.8535537329664313,-0.9285204661826064,0.0010986122886683612,2.499935758290473e-7,2.499935801734134e-7,2.499935672977805e-7,-9.406247400529058,9.999930692211082,-9.99938460092867,0.9999930692211085
2,5/3/1,vvw,qonly,8.5498046875,enforced,LOCALLY_INFEASIBLE,false,infeasible: vuf endbus,,,,,,,,,,,,,,,,,,,,,,,,,,
2,5/3/1,vvw,qonly,7.73193359375,relaxed,LOCALLY_SOLVED,false,vuf endbus,247.050941739618,endbus ph1,230.8434155646222,sourcebus ph1,3.1231464665920754,endbus,0.017453642906177676,0.7078307025043945,line1 c1,35.93713691123699,8.0427663884145,161.01804397657975,162.37060546874997,1.3525614921702234,-12.88716018237148,-9.93665008151509,-2.640568107416413,-0.3099419934399787,0.0013443077317197372,2.499867852626989e-7,2.4998678349481654e-7,2.4998678390848546e-7,-7.927375278764373,9.99991420195842,-8.799998034358463,0.9999914201958424
2,5/3/1,vvw,qonly,7.73193359375,enforced,LOCALLY_SOLVED,true,,251.9843214912911,endbus ph1,230.92601564651847,sourcebus ph1,2.0000210888592225,endbus,0.0181316652268436,0.6529238447254122,line1 c1,38.97554736423445,6.989949367389084,158.75023797664178,162.37060546874997,3.6203674921081896,-20.2971538183063,-17.672054512287854,-2.6250993060184533,7.354740184949776e-15,0.001292577459886453,2.4997951547796116e-7,2.499794930130575e-7,2.499794871407174e-7,7.36489663414649,3.83678516782009,-6.627964671378416,0.7364896634146494
2,5/3/1,vvw,qonly,8.140869140625,relaxed,LOCALLY_SOLVED,false,vuf endbus,247.5836153693054,endbus ph1,230.8239197138267,sourcebus ph1,3.292423660948788,endbus,0.019465533026702304,0.7513882195009534,line1 c1,40.3403672349628,9.085143088938347,169.29688459396633,170.95825195312497,1.6613673591586497,-15.177193179235035,-11.385511129653075,-3.2602902546724417,-0.5313917949095197,0.0010986129642981519,2.4999777096610725e-7,2.499977618251427e-7,2.4999776535918266e-7,-8.813232228496481,9.999972376366816,-9.639306773353436,0.999997237636682
2,5/3/1,vvw,qonly,8.140869140625,enforced,LOCALLY_SOLVED,true,,252.99989975233487,endbus ph1,230.9181698993118,sourcebus ph1,2.000021188118405,endbus,0.019976086134196446,0.6850711683638492,line1 c1,43.095950708624265,7.781070030834631,166.41445689986404,170.95825195312497,4.543795053260924,-23.604396386235642,-20.32968491089721,-3.2747114753384454,1.4069418214125324e-14,0.0010986122886739304,2.4998576716557935e-7,2.499856973743557e-7,2.499856518589193e-7,8.67921083324608,3.026256058854305,-7.459148303680971,0.8679210833246083
2,5/3/1,vvw,qonly,8.3453369140625,relaxed,LOCALLY_SOLVED,false,vuf endbus,247.8593392391518,endbus ph1,230.81432372989516,sourcebus ph1,3.372923079658425,endbus,0.0204666016455951,0.7728389289170249,line1 c1,42.519297196937686,9.622653630371227,173.41330032122505,175.25207519531244,1.83877487408739,-16.410149585105643,-12.15950206274277,-3.5864344439061986,-0.6642130784566708,0.0010987662736229456,2.4999356147370506e-7,2.4999352329012207e-7,2.499935415543319e-7,-9.178978370583529,9.999925959455144,-9.996496077270958,0.9999925959455147
2,5/3/1,vvw,qonly,8.3453369140625,enforced,LOCALLY_INFEASIBLE,false,infeasible: vuf endbus,,,,,,,,,,,,,,,,,,,,,,,,,,
2,5/3/1,vvw,qonly,8.24310302734375,relaxed,LOCALLY_SOLVED,false,vuf endbus,247.71499917477468,endbus ph1,230.8190668813512,sourcebus ph1,3.3334319394542637,endbus,0.019926563320677357,0.7621979327625737,line1 c1,41.359665329489644,9.354075943942934,171.35855393430316,173.10516357421872,1.7466096399155528,-15.780365049427672,-11.75925091978119,-3.431993906962003,-0.5891202226844804,0.0010986219242823017,2.499938668927364e-7,2.499938287256815e-7,2.499938474222421e-7,-9.016900420357048,9.999923867835713,-9.862415547885476,0.9999923867835717
2,5/3/1,vvw,qonly,8.24310302734375,enforced,LOCALLY_SOLVED,true,,252.99999732127796,endbus ph1,230.89964727254926,sourcebus ph1,2.000022076062361,endbus,0.020554731478201155,0.6998238296189504,line1 c1,44.55403355119833,8.219891592641531,168.5203058510061,173.10516357421872,4.584857723212621,-23.737085025599008,-20.58727222702293,-3.149812798576104,2.320838448530374e-14,0.0010986122886694559,2.4999554985249037e-7,2.499955333387028e-7,2.4999552244648075e-7,6.874718163329333,0.6655386761217397,-9.675526471116614,0.9675526471116618
2,5/3/1,vvw,qonly,8.294219970703125,relaxed,LOCALLY_SOLVED,false,vuf endbus,247.78042515428606,endbus ph1,230.81663381085465,sourcebus ph1,3.3538283614857853,endbus,0.02015858487520995,0.7675926781774359,line1 c1,41.8695136199457,9.489856926314838,172.38825361730935,174.1786193847656,1.790365767456259,-16.087009069947694,-11.94767346313558,-3.518628323524446,-0.6207072832876693,0.0010986472636944418,2.4999764204990036e-7,2.4999760584455663e-7,2.4999762230312423e-7,-9.116932007974423,9.999973298603775,-9.970632943891735,0.9999973298603779
2,5/3/1,vvw,qonly,8.294219970703125,enforced,LOCALLY_SOLVED,true,,253.00000031235732,endbus ph1,230.86947380351685,sourcebus ph1,2.0000222260774265,endbus,0.022872506718096784,0.7133029511907124,line1 c1,48.181977358692976,8.643978331942652,169.67996979509618,174.1786193847656,4.498649589669412,-22.630207764782636,-20.690886327343964,-1.9393214374387786,1.090554146301512e-13,0.0010986123337918805,2.4991463460623495e-7,2.4991438699699533e-7,2.501874804586736e-7,3.954084926577768,-2.8822416981937113,-9.999992600692146,0.9999992600692149
2,5/3/1,vvw,qonly,8.319778442382812,relaxed,LOCALLY_SOLVED,false,vuf endbus,247.81787011695457,endbus ph1,230.81546059270605,sourcebus ph1,3.363564006394003,endbus,0.020301090146424616,0.7702379253553288,line1 c1,42.173498494527436,9.556726914752883,172.90146518131442,174.71534729003903,1.8138821087246182,-16.24597558315772,-12.050115858466617,-3.555390266206831,-0.6404694584842725,0.0010986838635026757,2.49997642238842e-7,2.49997609877282e-7,2.4999762430625095e-7,-9.153578448604236,9.999973506173902,-9.996052154205714,0.9999973506173904
2,5/3/1,vvw,qonly,8.319778442382812,enforced,LOCALLY_INFEASIBLE,false,infeasible: vuf endbus,,,,,,,,,,,,,,,,,,,,,,,,,,
2,5/3/1,vvw,qcap,6.9140625,relaxed,LOCALLY_SOLVED,false,vuf endbus,248.11043792861005,endbus ph1,230.9100192095229,sourcebus ph1,2.5068126276079328,endbus,0.0189578129663706,0.6009136803529743,line1 c1,37.61497281652937,5.855930616258401,143.76072823382773,145.19531249999997,1.4345842661722452,-11.217562779430954,-10.288852733288108,-0.7266726498787999,-0.20203739626404865,0.001098612288668497,2.4999068051790496e-7,2.499906943825181e-7,2.4999066777805393e-7,0.00011855035161805827,9.999954146581175,4.0376118094223e-5,0.9999954146581178
2,5/3/1,vvw,qcap,6.9140625,enforced,LOCALLY_SOLVED,true,,250.31297176185385,endbus ph1,230.9648374691484,sourcebus ph1,2.0000206415295594,endbus,0.015792433284743865,0.5768993288221131,line1 c1,32.16819259748858,5.402065803704593,142.86075253998916,145.19531249999997,2.334559960010796,-14.961607230963894,-13.389391437424491,-1.572215793534961,-4.440610174323772e-12,0.0010986122887529993,2.499831531534681e-7,2.499831529238514e-7,2.499831711672078e-7,8.345704553788865,9.202933873558784,4.449645344618199e-5,0.9202933873558787
2,5/3/1,vvw,qcap,20.0,relaxed,LOCALLY_SOLVED,false,vuf endbus,256.73115821513016,endbus ph1,230.38643474431456,sourcebus ph1,5.439040720927089,endbus,0.04551752611666651,1.571008197296781,line1 c1,88.41708028938541,43.71307763007827,360.8321478734146,419.99999999999994,59.16785212658531,-135.29436804475313,-69.17963058516798,-39.19476742061489,-26.91997003897024,0.0005719146016955334,2.499958574466733e-7,2.4999592075878525e-7,2.499958645848941e-7,0.0002775517372776917,9.999966506470937,6.7967394954114694e-6,0.9999966506470941
2,5/3/1,vvw,qcap,20.0,enforced,LOCALLY_INFEASIBLE,false,infeasible: vuf endbus,,,,,,,,,,,,,,,,,,,,,,,,,,
2,5/3/1,vvw,qcap,13.45703125,relaxed,LOCALLY_SOLVED,false,vuf endbus,255.07499892930252,endbus ph1,230.6611426871359,sourcebus ph1,4.264038401127956,endbus,0.0391576554042353,1.1437743845279957,line1 c1,77.63805782873138,22.125715049019963,262.78607651838996,282.59765625,19.811579731609985,-64.55175050778253,-39.9347214891808,-13.98367381079747,-10.633355207804252,0.0019555749242474215,2.499929039150272e-7,2.499929039107845e-7,2.4999290389683115e-7,8.122989034882028e-6,9.999989404420353,1.8340490411679328e-5,0.9999989404420356
2,5/3/1,vvw,qcap,13.45703125,enforced,LOCALLY_INFEASIBLE,false,infeasible: vuf endbus,,,,,,,,,,,,,,,,,,,,,,,,,,
2,5/3/1,vvw,qcap,10.185546875,relaxed,LOCALLY_SOLVED,false,vuf endbus,253.24104418998442,endbus ph1,230.78325667179874,sourcebus ph1,3.6492398967766544,endbus,0.033903340855829474,0.9085627018895511,line1 c1,67.4618522553674,13.577653317583524,207.5913842353375,213.89648437499997,6.305100139662478,-35.48606921978841,-26.015889813882602,-4.894865416436008,-4.575313989469803,0.001098612288670449,2.4998667260883916e-7,2.499866741246252e-7,2.499866704645671e-7,6.211365975282492e-5,9.999969868523312,2.8235039565806045e-5,0.9999969868523315
2,5/3/1,vvw,qcap,10.185546875,enforced,LOCALLY_INFEASIBLE,false,infeasible: vuf endbus,,,,,,,,,,,,,,,,,,,,,,,,,,
2,5/3/1,vvw,qcap,8.5498046875,relaxed,LOCALLY_SOLVED,false,vuf endbus,251.00984314422575,endbus ph1,230.8517080588289,sourcebus ph1,3.091641221256674,endbus,0.026911217316776818,0.7569895905875578,line1 c1,53.84062727343499,9.359113911766654,176.1518573678098,179.54589843749994,3.3940410696901457,-21.82669200865774,-17.87271899053507,-2.1610704593495713,-1.7929025587730982,0.0011867518053224203,2.4998740407880893e-7,2.4998740549292705e-7,2.4998740118574556e-7,6.705625992652902e-5,9.999966865982316,3.388869916871663e-5,0.9999966865982319
2,5/3/1,vvw,qcap,8.5498046875,enforced,LOCALLY_INFEASIBLE,false,infeasible: vuf endbus,,,,,,,,,,,,,,,,,,,,,,,,,,
2,5/3/1,vvw,qcap,7.73193359375,relaxed,LOCALLY_SOLVED,false,vuf endbus,249.6743547318499,endbus ph1,230.88197393926566,sourcebus ph1,2.801748313426782,endbus,0.02322775034717019,0.6795469325251703,line1 c1,46.68415979063376,7.518820213675481,160.0659456034816,162.37060546874997,2.304659865268377,-16.05030956040015,-14.029370080371455,-1.3394652999490295,-0.6814741800796651,0.00112858067995767,2.4999392996024635e-7,2.499939322099304e-7,2.4999392656317106e-7,8.576949819963061e-5,9.999963399219643,3.461069922607967e-5,0.9999963399219647
2,5/3/1,vvw,qcap,7.73193359375,enforced,LOCALLY_SOLVED,true,,252.83439058123844,endbus ph1,230.93618354642646,sourcebus ph1,2.000021334052594,endbus,0.023186220957967626,0.6425936499082151,line1 c1,47.0200454019928,6.852379501201747,158.3110505058454,162.37060546874997,4.059554962904577,-20.504436709796014,-18.98793925620775,-1.5164974275986354,-2.5989633965603493e-8,0.0010986122888243957,2.499876274801757e-7,2.4998777786625457e-7,2.499879349923698e-7,9.99995763266571,5.280167197989121,2.0289243276929805e-5,0.9999957632665714
2,5/3/1,vvw,qcap,8.140869140625,relaxed,LOCALLY_SOLVED,false,vuf endbus,250.36613858005424,endbus ph1,230.86713183104143,sourcebus ph1,2.9474308917479557,endbus,0.02511142033847889,0.7184091648200082,line1 c1,50.36448030154533,8.416640436622586,168.136875110752,170.95825195312497,2.82137684237298,-18.846187569503154,-15.936621512352858,-1.72180198533898,-1.1877640718113183,0.001098612475368038,2.49993927396321e-7,2.4999392982203334e-7,2.499939240649757e-7,7.260176820008257e-5,9.999965861956097,3.473917831938837e-5,0.99999658619561
2,5/3/1,vvw,qcap,8.140869140625,enforced,LOCALLY_INFEASIBLE,false,infeasible: vuf endbus,,,,,,,,,,,,,,,,,,,,,,,,,,
2,5/3/1,vvw,qcap,7.9364013671875,relaxed,LOCALLY_SOLVED,false,vuf endbus,250.02728638084898,endbus ph1,230.8746058946271,sourcebus ph1,2.8748977399171562,endbus,0.02419509510019205,0.6990126169420682,line1 c1,48.59739621782633,7.962472612358999,164.10800296459334,166.66442871093747,2.5564257463441376,-17.410880192769664,-14.98106071559434,-1.523270699755902,-0.9065487774194225,0.0010986122931345244,2.4999392885929606e-7,2.499939316971949e-7,2.4999392506277385e-7,7.669241038410183e-5,9.9999649151585,3.5144785906106856e-5,0.9999964915158503
2,5/3/1,vvw,qcap,7.9364013671875,enforced,LOCALLY_INFEASIBLE,false,infeasible: vuf endbus,,,,,,,,,,,,,,,,,,,,,,,,,,
2,5/3/1,vvw,qcap,7.83416748046875,relaxed,LOCALLY_SOLVED,false,vuf endbus,249.8528212916625,endbus ph1,230.87829703009078,sourcebus ph1,2.8384576955259098,endbus,0.02372282782962196,0.6892881322817606,line1 c1,47.684823800721844,7.739452492925955,162.08851158349066,164.51751708984372,2.4290055063530547,-16.71564581271524,-14.505220946753042,-1.4288212370618796,-0.7816036289003209,0.0014126580130346346,2.4999393003133375e-7,2.499939325219744e-7,2.4999392626889853e-7,8.039945980522216e-5,9.999964248226744,3.4992443112138155e-5,0.9999964248226748
2,5/3/1,vvw,qcap,7.83416748046875,enforced,LOCALLY_INFEASIBLE,false,infeasible: vuf endbus,,,,,,,,,,,,,,,,,,,,,,,,,,
2,5/3/1,vvw,qcap,7.783050537109375,relaxed,LOCALLY_SOLVED,false,vuf endbus,249.76411495359866,endbus ph1,230.8801366947766,sourcebus ph1,2.8201413359924823,endbus,0.023478644173646947,0.6844196034578178,line1 c1,47.197535796504035,7.628848860765893,161.07760188290052,163.44406127929685,2.3664593963963254,-16.378686590869986,-14.267343407458952,-1.3834373184696207,-0.7279058649414143,0.0021064138649433428,2.4999392976541104e-7,2.499939318717863e-7,2.499939262814908e-7,8.299352647008837e-5,9.999963837933295,3.4786858460075374e-5,0.9999963837933297
2,5/3/1,vvw,qcap,7.783050537109375,enforced,LOCALLY_SOLVED,true,,252.9867602024394,endbus ph1,230.9331300680861,sourcebus ph1,2.0000213718170725,endbus,0.023815414459325807,0.6467739661667476,line1 c1,48.245242307174365,6.95839724708779,159.25951891261448,163.44406127929685,4.184542366682353,-20.815612211400982,-19.356515875601332,-1.459096281674427,-5.412522316948951e-8,0.0010986122887437417,2.4998721512979053e-7,2.499872099021606e-7,2.4998718877569715e-7,9.999964231146445,4.85783158928153,1.854815529330393e-5,0.9999964231146448
2,5/3/1,vvw,qcap,7.8086090087890625,relaxed,LOCALLY_SOLVED,false,vuf endbus,249.80859825712085,endbus ph1,230.87921717156675,sourcebus ph1,2.8293091721576196,endbus,0.023601558755421748,0.6868543833428195,line1 c1,47.44437824046465,7.684078697607993,161.58315030780872,163.98078918457028,2.3976388767615653,-16.546109272269348,-14.386293363056035,-1.4059543555825438,-0.7538615536307698,0.0019075276353460434,2.499939301995846e-7,2.499939324772127e-7,2.499939265602183e-7,8.164685671521591e-5,9.99996404838577,3.489408960134762e-5,0.9999964048385774
2,5/3/1,vvw,qcap,7.8086090087890625,enforced,LOCALLY_INFEASIBLE,false,infeasible: vuf endbus,,,,,,,,,,,,,,,,,,,,,,,,,,
2,5/3/1,vvw,ponly,6.9140625,relaxed,LOCALLY_SOLVED,true,,244.06119565719248,endbus ph3,230.9543815654033,sourcebus ph1,0.4855370695594102,endbus,0.008410565830337972,0.49516094769482244,line1 c1,16.571716281240803,5.126420798772695,144.70654536607134,145.19531249999997,0.488767133928647,-6.64315755003748,-4.5661687626294425,-1.0550290507948923,-1.0219597366131463,0.001964313468973426,-9.999937249100391,6.776537193003817e-5,9.999869483728462,1.1610552513265095e-16,-3.7129533035724226e-17,-7.957071272912928e-17,0.9999937249100391
2,5/3/1,vvw,ponly,20.0,relaxed,LOCALLY_SOLVED,false,vuf endbus,256.37146592987375,endbus ph1,230.40571351879393,sourcebus ph1,4.793871696940087,endbus,0.04087376723074845,1.5132646203438953,line1 c1,80.37733658372335,44.86279951408226,364.83553778806413,419.99999999999994,55.164462211935785,-133.99573886785387,-68.21400242522661,-38.87520555666342,-26.906530885963853,0.0005012462115297489,-9.999987207044574,3.9665159840064836,6.033471223038096,3.3613812455789347e-15,-2.6935291886295462e-15,-3.297753614556783e-16,0.9999987207044574
2,5/3/1,vvw,ponly,20.0,enforced,LOCALLY_INFEASIBLE,false,infeasible: vuf endbus,,,,,,,,,,,,,,,,,,,,,,,,,,
2,5/3/1,vvw,ponly,13.45703125,relaxed,LOCALLY_SOLVED,false,vuf endbus,254.19517549969677,endbus ph1,230.6851634327745,sourcebus ph1,3.0101101201511598,endbus,0.036568369515745734,1.1053929654197248,line1 c1,74.39923325034313,22.68774813804986,269.0890107998487,282.59765625,13.508645450151269,-63.60795902885257,-37.55652597754752,-12.303283609471984,-13.748149441833046,0.0010986510935156858,-9.999986066994342,-2.293329352829964e-6,9.999988360323696,1.6110851194422604e-16,-4.948512915061614e-17,-1.2572994656438038e-16,0.9999988360323696
2,5/3/1,vvw,ponly,13.45703125,enforced,LOCALLY_INFEASIBLE,false,infeasible: vuf endbus,,,,,,,,,,,,,,,,,,,,,,,,,,
2,5/3/1,vvw,ponly,10.185546875,relaxed,LOCALLY_SOLVED,true,,250.50470225692237,endbus ph1,230.8338752822687,sourcebus ph1,1.8318434479278296,endbus,0.024606073465953296,0.8147778414095745,line1 c1,49.17019128347423,12.578090725508625,209.3857276022379,213.89648437499997,4.51075677276207,-31.677531488090686,-20.57378702179184,-4.984208599496767,-6.11953586680208,0.001098612288668133,-9.99997066921716,9.055686436853699e-6,9.999961613530722,6.311784533486763e-16,-3.8385151590074883e-16,-2.60543153300463e-16,0.999997066921716
2,5/3/1,vvw,ponly,11.8212890625,relaxed,LOCALLY_SOLVED,false,vuf endbus,252.70361950141205,endbus ph1,230.75924869809785,sourcebus ph1,2.474447904834085,endbus,0.03161325070726783,0.9671144583472583,line1 c1,63.503318058874825,17.437381521339294,240.1264443540209,248.24707031249997,8.120625958479089,-46.98350778028756,-29.276406193901217,-8.177565783602457,-9.529535802783883,0.0012146077758313088,-9.999973734712128,5.599000546708428e-6,9.999968135711581,2.4002310053693594e-16,-1.9833744839355463e-16,-4.2673371813099116e-17,0.9999973734712129
2,5/3/1,vvw,ponly,11.8212890625,enforced,LOCALLY_INFEASIBLE,false,infeasible: vuf endbus,,,,,,,,,,,,,,,,,,,,,,,,,,
2,5/3/1,vvw,ponly,11.00341796875,relaxed,LOCALLY_SOLVED,false,vuf endbus,251.671942136572,endbus ph1,230.79741644958187,sourcebus ph1,2.155910024729023,endbus,0.02819398928542545,0.8914634571478053,line1 c1,56.473344324820374,14.918829216330613,224.8797320678647,231.07177734374997,6.192045275885283,-39.15103864199008,-24.894078201754837,-6.5035167935475116,-7.753443646687727,0.0010986122959214131,-9.999972537190528,7.129601468008795e-6,9.99996540758906,4.0316636752772064e-16,-2.663087712899126e-16,-1.454101701963168e-16,0.9999972537190528
2,5/3/1,vvw,ponly,11.00341796875,enforced,LOCALLY_INFEASIBLE,false,infeasible: vuf endbus,,,,,,,,,,,,,,,,,,,,,,,,,,
2,5/3/1,vvw,ponly,10.594482421875,relaxed,LOCALLY_SOLVED,true,,251.1066797070967,endbus ph1,230.8158773601708,sourcebus ph1,1.9945294697235945,endbus,0.026421319301708553,0.8532566439954141,line1 c1,52.85899140979456,13.725910304177088,217.16435339737288,222.48413085937497,5.3197774620020954,-35.37006932974228,-22.724885625296842,-5.724173816967937,-6.921009887477498,0.001098612288695169,-9.99997171273581,8.01236950114872e-6,9.999963700366308,4.977697874543126e-16,-3.168684023073127e-16,-1.915279289276607e-16,0.999997171273581
2,5/3/1,vvw,ponly,10.7989501953125,relaxed,LOCALLY_SOLVED,false,vuf endbus,251.39370970910286,endbus ph1,230.80670257909875,sourcebus ph1,2.0753820347312733,endbus,0.027312808189980695,0.8723932027533313,line1 c1,54.6752024698181,14.316777729366011,221.02988394084645,226.77795410156247,5.7480701607160345,-37.24983192794564,-23.80738009151889,-6.109015626192795,-7.333436210233958,0.0010986122891167756,-9.999972143082935,7.547557884297734e-6,9.999964595525052,4.452433842403379e-16,-2.9005618473162136e-16,-1.6470857369140393e-16,0.9999972143082936
2,5/3/1,vvw,ponly,10.7989501953125,enforced,LOCALLY_INFEASIBLE,false,infeasible: vuf endbus,,,,,,,,,,,,,,,,,,,,,,,,,,
2,5/3/1,vvw,ponly,10.69671630859375,relaxed,LOCALLY_SOLVED,false,vuf endbus,251.25131745075788,endbus ph1,230.81130415440376,sourcebus ph1,2.0349964303241377,endbus,0.026868371540467603,0.8628333147434476,line1 c1,53.76938990848245,14.01994053210392,219.09908780374417,224.63104248046872,5.53195467672456,-36.3072322594601,-23.265588172825687,-5.915376203867577,-7.126267882766829,0.001098612288778443,-9.999971958035447,7.809166684302202e-6,9.999964148868765,4.776986055509204e-16,-3.0184062744417594e-16,-1.8602165928957525e-16,0.9999971958035447
2,5/3/1,vvw,ponly,10.69671630859375,enforced,LOCALLY_INFEASIBLE,false,infeasible: vuf endbus,,,,,,,,,,,,,,,,,,,,,,,,,,
2,5/3/1,vvw,ponly,10.645599365234375,relaxed,LOCALLY_SOLVED,false,vuf endbus,251.17928221455338,endbus ph1,230.81359433739203,sourcebus ph1,2.014773136378766,endbus,0.026645174999273716,0.8580470904358438,line1 c1,53.314768149336054,13.872573844174674,218.1322139059863,223.55758666992185,5.425372763935554,-35.837966021292274,-22.9950982679054,-5.819468924169714,-7.0233988292171645,0.0010986122887227314,-9.999971833117689,7.913173915801628e-6,9.999963919943774,4.870110323786872e-16,-3.096802911404348e-16,-1.8777420990636687e-16,0.9999971833117689
2,5/3/1,vvw,ponly,10.645599365234375,enforced,LOCALLY_INFEASIBLE,false,infeasible: vuf endbus,,,,,,,,,,,,,,,,,,,,,,,,,,
2,5/3/1,vvw,ponly,10.620040893554688,relaxed,LOCALLY_SOLVED,true,,251.1430522409287,endbus ph1,230.8147367481267,sourcebus ph1,2.004653851016274,endbus,0.02653332989339521,0.8556523966722323,line1 c1,53.08702470698638,13.799154091604066,217.64840710218482,223.0208587646484,5.372451662463584,-35.603845811633796,-22.859956973119587,-5.7717446583490855,-6.972144180165126,0.0010986122887064352,-9.999971769150735,7.952173242661374e-6,9.999963816977493,4.906970996312754e-16,-3.1331043674469e-16,-1.8786605192527396e-16,0.9999971769150735
2,5/3/1,vvw,pq,6.9140625,relaxed,LOCALLY_SOLVED,true,,244.2470813111931,endbus ph3,230.96745633072325,sourcebus ph1,0.6039380286858779,endbus,0.00682474726237014,0.4959342382189856,line1 c1,13.318497593253921,5.075449076700577,144.75722437372684,145.19531249999997,0.43808812627312843,-6.616286526438131,-3.2990697926377974,-2.2175379680672243,-1.0996787657331097,0.0010986221360192534,-9.999636820696988,0.015338761928194729,9.984298058768793,0.07088669185214819,4.478610693146311,-0.5587299444611725,0.9999919343533319
2,5/3/1,vvw,pq,20.0,relaxed,LOCALLY_SOLVED,false,vuf endbus,255.90416689016035,endbus ph1,230.3781482169998,sourcebus ph1,4.707135653785003,endbus,0.0369840788708971,1.5838033958529392,line1 c1,72.46219378039359,46.92815575973163,369.849672746815,419.99999999999994,50.150327253184955,-134.48568014877117,-66.09581880121223,-42.425833821859186,-25.964027525699755,0.0006023325912861421,-9.093480651057908,3.8853007687382286,5.2081798823196745,-4.160333958086664,5.480208104480851,-8.536665902172599,0.9999990120590905
2,5/3/1,vvw,pq,20.0,enforced,LOCALLY_INFEASIBLE,false,infeasible: vuf endbus,,,,,,,,,,,,,,,,,,,,,,,,,,
2,5/3/1,vvw,pq,13.45703125,relaxed,LOCALLY_SOLVED,false,vuf endbus,253.78383921959184,endbus ph3,230.69954865157578,sourcebus ph1,3.2763966290628903,endbus,0.03300575158765328,1.1281009032939247,line1 c1,65.24668958141618,22.69497185787161,270.5042511465518,282.59765625,12.093405103448207,-65.2145673979446,-34.89191005826984,-16.950498251992414,-13.372159087682345,0.0010986171671155608,-9.932361658609366,0.5409297188409857,9.391431939768383,-1.1609859160616904,9.985295045244175,-3.4352157723489727,0.999998506408369
2,5/3/1,vvw,pq,13.45703125,enforced,LOCALLY_INFEASIBLE,false,infeasible: vuf endbus,,,,,,,,,,,,,,,,,,,,,,,,,,
2,5/3/1,vvw,pq,10.185546875,relaxed,LOCALLY_SOLVED,false,vuf endbus,249.4997192743972,endbus ph3,230.85590401379196,sourcebus ph1,2.121377868994872,endbus,0.020183573362545726,0.82408318261935,line1 c1,39.2308089758674,12.41774153807447,209.83037528219853,213.89648437499997,4.066109092801451,-32.268113155407505,-17.080681449307495,-9.16444211354726,-6.022989592552748,0.001098612288668133,-9.916352797983155,0.24922405886783622,9.667128739115332,-1.2905469945146986,9.996715627722876,-2.558548401406062,0.9999978217932239
2,5/3/1,vvw,pq,10.185546875,enforced,LOCALLY_SOLVED,true,,249.16658757545028,endbus ph1,230.86535682233,sourcebus ph1,2.00001740366619,endbus,0.018226114018477284,0.8174171652630173,line1 c1,35.77734710239573,12.258064815188565,209.63465041177685,213.89648437499997,4.261833963223127,-32.943629652848685,-17.9805965818372,-9.223818202665255,-5.739214868346232,0.001098612288668269,-9.98962113050258,0.2975179061887946,9.692103224313788,0.4551507329159875,9.53520164982543,-2.462282068094235,0.9999984894669198
2,5/3/1,vvw,pq,11.8212890625,relaxed,LOCALLY_SOLVED,false,vuf endbus,251.7379584055265,endbus ph3,230.78010462157675,sourcebus ph1,2.7144796678473275,endbus,0.026800413035514493,0.9786600852447712,line1 c1,52.25057285827704,17.216083436915063,240.66710921159645,248.24707031249997,7.579961100903532,-47.84534861437491,-25.85904926756884,-12.771198627458716,-9.215100719347358,0.0010986288545806278,-9.912245404601025,0.3995597597506142,9.512685644850418,-1.321759038825282,9.991930619310038,-3.0835798638093816,0.9999982795872725
2,5/3/1,vvw,pq,11.8212890625,enforced,LOCALLY_INFEASIBLE,false,infeasible: vuf endbus,,,,,,,,,,,,,,,,,,,,,,,,,,
2,5/3/1,vvw,pq,11.00341796875,relaxed,LOCALLY_SOLVED,false,vuf endbus,250.63729774747273,endbus ph3,230.8186885405416,sourcebus ph1,2.421717375959861,endbus,0.02351399602298819,0.9021099865897185,line1 c1,45.753874669870434,14.729977178728415,225.3827515350527,231.07177734374997,5.689025808697279,-39.87869791377099,-21.423090255269305,-10.897719401797387,-7.557888256704307,0.001098612289272234,-9.90968114628807,0.32321859663011177,9.586462549657968,-1.3408354969988852,9.994665743314425,-2.8459352582659565,0.9999981012537449
2,5/3/1,vvw,pq,11.00341796875,enforced,LOCALLY_SOLVED,true,,251.81765483148058,endbus ph1,230.82575847841272,sourcebus ph1,2.0000205128675277,endbus,0.02082710970251354,0.8864851206238332,line1 c1,40.79380657967276,14.502671471185394,224.65848118468722,231.07177734374997,6.413296159062742,-40.8471247440107,-25.344572012331877,-9.031216579615856,-6.471336152062962,0.0010986122886831157,-9.556754932157967,0.09745267456171525,9.45930225759625,2.944194729858246,3.6500958158745487,-3.2436825009784487,0.9999993768384025
2,5/3/1,vvw,pq,11.412353515625,relaxed,LOCALLY_SOLVED,false,vuf endbus,251.19205339031868,endbus ph3,230.79956250044413,sourcebus ph1,2.5689246605552336,endbus,0.025164232670919513,0.9405549972341926,line1 c1,48.99031402709136,15.951583040748133,233.05737024338288,239.65942382812497,6.602053584742107,-43.81879459061079,-23.631542889109415,-11.817806563632672,-8.369445137868704,0.001098612397943838,-9.910087809824155,0.3615839087659196,9.548503901058242,-1.3378338979777342,9.993366602893685,-2.9708092474287584,0.9999981996833975
2,5/3/1,vvw,pq,11.412353515625,enforced,LOCALLY_INFEASIBLE,false,infeasible: vuf endbus,,,,,,,,,,,,,,,,,,,,,,,,,,
2,5/3/1,vvw,pq,11.2078857421875,relaxed,LOCALLY_SOLVED,false,vuf endbus,250.91591353763317,endbus ph3,230.8091676316449,sourcebus ph1,2.4955429604045993,endbus,0.02434108438460943,0.9213769355582933,line1 c1,47.36402470390974,15.335392849903299,229.22831351775827,235.36560058593747,6.137287068179198,-41.838109276318505,-22.524640573571258,-11.353420850621026,-7.960047852126223,0.0010986122969046858,-9.90962726080782,0.34231534582756545,9.567311914980262,-1.3412375517322808,9.994038324474637,-2.909667734818074,0.999998153089906
2,5/3/1,vvw,pq,11.2078857421875,enforced,LOCALLY_SOLVED,true,,252.50597929358324,endbus ph1,230.81433975722615,sourcebus ph1,2.0000207321998063,endbus,0.022281755308154683,0.9037398842080182,line1 c1,43.470960397994176,15.130144273763118,228.29391126264503,235.36560058593747,7.071689323292452,-42.7583437641184,-27.36838079032723,-8.726827852413084,-6.663135121378086,0.0010986122893234583,-9.326838501121957,-0.055972798546424625,9.382811299668372,3.6069312339863187,1.7311384377870647,-3.4587211938195446,0.9999995009086803
2,5/3/1,vvw,pq,11.31011962890625,relaxed,LOCALLY_SOLVED,false,vuf endbus,251.05429162433248,endbus ph3,230.80437549118435,sourcebus ph1,2.5322877107916355,endbus,0.024753174389717903,0.9309768713153299,line1 c1,48.17591974455576,15.64214585106686,231.14488914176738,237.51251220703122,6.367623065263839,-42.8258159626978,-23.077452646039763,-11.584540777296803,-8.163822539361234,0.0010986123187841285,-9.909797076658904,0.3519341305144618,9.55786294614445,-1.339984066742151,9.993707844847256,-2.9405586215405286,0.9999981769967393
2,5/3/1,vvw,pq,11.31011962890625,enforced,LOCALLY_SOLVED,true,,252.85745371063888,endbus ph1,230.8084260629715,sourcebus ph1,2.0000208221454914,endbus,0.023144968911844976,0.9123771263937945,line1 c1,45.404375950468435,15.454769108347888,230.08702925790732,237.51251220703122,7.425482949123907,-43.699089257106834,-28.415781824394642,-8.520329650147652,-6.762977782564549,0.0010986122930198156,-9.184729889878918,-0.15804075644990828,9.342770646328749,3.9548219885066995,0.6915988572951065,-3.5654660279444013,0.9999995567315404
2,5/3/1,vvw,pq,11.361236572265625,relaxed,LOCALLY_SOLVED,false,vuf endbus,251.123248665559,endbus ph3,230.80197159002412,sourcebus ph1,2.5506194519038328,endbus,0.024958832859207112,0.9357686334868411,line1 c1,48.58318276729045,15.796529441867202,232.10163944634422,238.5859680175781,6.484328571233888,-43.321647182179156,-23.354341957977663,-11.700907472587465,-8.266397751614022,0.0010986123460942723,-9.909927842881281,0.35675637528166826,9.55317146759962,-1.3390174930650112,9.99353851979627,-2.955764987594977,0.9999981884875979
2,5/3/1,vvw,pq,11.361236572265625,enforced,LOCALLY_SOLVED,true,,252.9999988998407,endbus ph1,230.80129398469933,sourcebus ph1,2.000021259345016,endbus,0.02376943206383784,0.9163573426898872,line1 c1,46.82022961725077,15.697258415708362,231.04236377970713,238.5859680175781,7.543604237870971,-43.92299932711979,-28.865990104804197,-8.317752147613684,-6.739257074701915,0.0010986122972226587,-9.31262766338945,0.028323193120390954,9.284304470268939,3.6434758064459087,-0.5281931071684575,-3.715058244514148,0.9999998362839284
2,5/3/1,vvw,pq,11.386795043945312,relaxed,LOCALLY_SOLVED,false,vuf endbus,251.1576698881779,endbus ph3,230.80076769239344,sourcebus ph1,2.5597753451631537,endbus,0.02506156490915606,0.9381624866277066,line1 c1,48.78676390220568,15.873972548371688,232.5796320175541,239.12269592285153,6.543063905297419,-43.57005629072251,-23.492903993685992,-11.759290768885887,-8.31786152815063,0.0010986123679060946,-9.910004244629796,0.35916968235268804,9.550834562277116,-1.3384523510757107,9.993452878993885,-2.963307647577978,0.9999981941217728
2,5/3/1,vvw,pq,11.386795043945312,enforced,LOCALLY_INFEASIBLE,false,infeasible: vuf endbus,,,,,,,,,,,,,,,,,,,,,,,,,,
2,6/2/1,vvw,qonly,6.1328125,relaxed,LOCALLY_SOLVED,false,vuf endbus,246.7276672270738,endbus ph1,230.88570464151968,sourcebus ph3,2.9730002704516876,endbus,0.014836184237433091,0.5816761912735349,line1 c1,29.266567247795866,5.024721978032935,127.74754815075298,128.7890625,1.0415143492470191,-8.692991255989323,-8.692991239895342,-1.519505474647152e-8,-8.989260104459123e-10,0.0010986122886687258,2.4998863599234087e-7,2.4998861158205883e-7,2.499886154692466e-7,0.12939694992408304,9.999933302744747,-9.99990388877726,0.999993330274475
2,6/2/1,vvw,qonly,6.1328125,enforced,LOCALLY_SOLVED,true,,250.73660239642038,endbus ph1,230.9242456452484,sourcebus ph3,2.000021573040253,endbus,0.022246918424288397,0.5535555447523339,line1 c1,44.44453247475184,4.509676194344583,126.1947445047567,128.7890625,2.5943179952433004,-14.472084911189775,-14.472084911189784,5.547558644974195e-15,5.186855466447483e-15,0.0010986122886732514,2.4998565615674524e-7,2.4998561752242945e-7,2.499855831289627e-7,7.958622630384174,2.49086971710703,-5.992385979808959,0.7958622630384178
2,6/2/1,vvw,qonly,20.0,relaxed,LOCALLY_SOLVED,false,vuf endbus,257.1819845303094,endbus ph3,230.36779364232243,sourcebus ph1,6.360147445143001,endbus,0.06380575001244446,1.6850593648931234,line1 c1,127.37201118220452,44.20932808551926,354.044245776973,419.99999999999994,65.9557542230269,-130.90021327778396,-77.73302517556166,-23.698552407364463,-29.46863569485784,0.0009394166666767956,2.499923345383454e-7,2.4999234454424266e-7,2.4999233278800266e-7,9.999978051262612,9.999846247880367,-9.999993858729134,0.9999993858729137
2,6/2/1,vvw,qonly,20.0,enforced,LOCALLY_INFEASIBLE,false,infeasible: vuf endbus,,,,,,,,,,,,,,,,,,,,,,,,,,
2,6/2/1,vvw,qonly,13.06640625,relaxed,LOCALLY_SOLVED,false,vuf endbus,254.72196515044985,endbus ph1,230.62775647155684,sourcebus ph1,5.3621614904693224,endbus,0.05901804544229332,1.240634100907761,line1 c1,114.87630507301049,23.949955985723747,255.90773104192462,274.39453125,18.48680020807536,-60.3864733871347,-43.48739215043314,-3.677602722364544,-13.221478514337026,0.0010986122891997216,2.4998842956596925e-7,2.4998842943590607e-7,2.499884296892426e-7,2.520691180452631,9.999979417427033,-9.999992801053383,0.9999992801053385
2,6/2/1,vvw,qonly,13.06640625,enforced,LOCALLY_INFEASIBLE,false,infeasible: vuf endbus,,,,,,,,,,,,,,,,,,,,,,,,,,
2,6/2/1,vvw,qonly,9.599609375,relaxed,LOCALLY_SOLVED,false,vuf endbus,253.27359775834728,endbus ph1,230.80040556765297,sourcebus ph1,4.166281268371728,endbus,0.038834946558801826,0.92727694053403,line1 c1,77.72510193443362,13.013490762006652,194.94474956651462,201.59179687499997,6.647047308485354,-32.63197567193944,-28.622848350798996,-0.0035765993441212868,-4.005550721796325,0.00109861806709706,2.49988177370271e-7,2.4998814814125856e-7,2.499881653564019e-7,5.177147752250573,9.999978674677699,-9.99998067717983,0.9999980677179833
2,6/2/1,vvw,qonly,9.599609375,enforced,LOCALLY_INFEASIBLE,false,infeasible: vuf endbus,,,,,,,,,,,,,,,,,,,,,,,,,,
2,6/2/1,vvw,qonly,7.8662109375,relaxed,LOCALLY_SOLVED,false,vuf endbus,250.23483025330592,endbus ph1,230.84905866465465,sourcebus ph1,3.6148336105663494,endbus,0.030780903554740165,0.7659409778076703,line1 c1,61.70367566504954,8.833290052283369,162.11210674974126,165.19042968749997,3.078322937758715,-18.88883910186723,-17.77308480840333,-1.569021358488022e-9,-1.11575429189488,0.0010986122886682188,2.4998727750165754e-7,2.499872766940635e-7,2.4998727695265123e-7,0.5011292076194985,9.999971425982848,-9.999969423309023,0.9999971425982851
2,6/2/1,vvw,qonly,7.8662109375,enforced,LOCALLY_INFEASIBLE,false,infeasible: vuf endbus,,,,,,,,,,,,,,,,,,,,,,,,,,
2,6/2/1,vvw,qonly,6.99951171875,relaxed,LOCALLY_SOLVED,false,vuf endbus,248.54726940597467,endbus ph1,230.880893757559,sourcebus ph1,3.2987272185898746,endbus,0.024102506807942188,0.6767005571743059,line1 c1,48.04780707162797,6.8476050327692395,145.10781773130768,146.98974609374997,1.8819283624422978,-13.263812093793122,-12.984471881105474,-2.760283643585621e-10,-0.27934021241161955,0.0010986122886680444,3.4189223461751127e-7,2.2578795428121653e-7,2.60556015189231e-7,-0.32842786376772365,9.999961876796103,-9.99995482277088,0.9999961876796105
2,6/2/1,vvw,qonly,6.99951171875,enforced,LOCALLY_SOLVED,true,,252.9999925401887,endbus ph1,230.89122497763233,sourcebus ph1,2.000022102520808,endbus,0.029110123456735207,0.6402017373966733,line1 c1,57.9958560913414,6.308125631557253,142.58208218608104,146.98974609374997,4.407663907668935,-20.307928718156735,-20.307928718156766,1.8088406128007075e-14,1.6978100943037545e-14,0.0010986122886686392,2.499844785657624e-7,2.499844711201869e-7,2.49984466788978e-7,7.534941924350575,-3.00138930888844,-9.241973672617803,0.9241973672617807
2,6/2/1,vvw,qonly,7.432861328125,relaxed,LOCALLY_SOLVED,false,vuf endbus,249.48357884317295,endbus ph1,230.8667894200666,sourcebus ph1,3.445751206943589,endbus,0.02727307749202527,0.7208017387845205,line1 c1,54.70757419039312,7.788067754645565,153.6195565183804,156.09008789062497,2.4705313722445776,-16.03032830309917,-15.460026895675675,-6.935870409199633e-10,-0.5703014067299123,0.0010986125402412943,2.4996168225298165e-7,2.4998281716499013e-7,2.4999263696946855e-7,0.31245924958314714,9.999967572971567,-9.999965118369918,0.9999967572971571
2,6/2/1,vvw,qonly,7.432861328125,enforced,LOCALLY_INFEASIBLE,false,infeasible: vuf endbus,,,,,,,,,,,,,,,,,,,,,,,,,,
2,6/2/1,vvw,qonly,7.2161865234375,relaxed,LOCALLY_SOLVED,false,vuf endbus,249.01559895842908,endbus ph1,230.8735829183391,sourcebus ph1,3.3738056691139677,endbus,0.02575870698619657,0.6990042368052657,line1 c1,51.50922170253584,7.3160577103576045,149.37889920897794,151.53991699218747,2.16101778320954,-14.62282365855499,-14.19834735020404,-3.815464364604751e-10,-0.4244763079694015,0.0010986122887682878,2.2956082911259084e-7,2.2578797081676926e-7,2.542425033130259e-7,-0.0608426534206937,9.999965004646306,-9.999960494543206,0.999996500464631
2,6/2/1,vvw,qonly,7.2161865234375,enforced,LOCALLY_SOLVED,true,,252.99999962441618,endbus ph1,230.82095062790074,sourcebus ph1,2.000022629310389,endbus,0.03815021743780109,0.6853449752050995,line1 c1,74.61203119174601,7.6243596260651465,147.00172741976792,151.53991699218747,4.53818957241956,-20.897369450978527,-20.897368921238353,8.991925957283638e-15,-5.297401874759217e-7,0.0010986122886682843,2.499868128007023e-7,2.499868206727239e-7,2.499868291212939e-7,0.9952670693372235,-7.428034470458897,-9.999985798594503,0.9999985798594505
2,6/2/1,vvw,qonly,7.32452392578125,relaxed,LOCALLY_SOLVED,false,vuf endbus,249.2515216357022,endbus ph1,230.8701836373383,sourcebus ph1,3.409867146592039,endbus,0.026522423256550166,0.7099371022657132,line1 c1,53.120468904150705,7.5508348369304175,151.50221345694675,153.81500244140622,2.3127889844594796,-15.323052548941796,-14.826528559333854,-5.056592775733255e-10,-0.4965239891022804,0.0010986122937757567,3.146508841975143e-7,2.2578797243467816e-7,2.4756895533313267e-7,0.12165406990924069,9.999966359036016,-9.999962952071249,0.9999966359036018
2,6/2/1,vvw,qonly,7.32452392578125,enforced,LOCALLY_INFEASIBLE,false,infeasible: vuf endbus,,,,,,,,,,,,,,,,,,,,,,,,,,
2,6/2/1,vvw,qonly,7.270355224609375,relaxed,LOCALLY_SOLVED,false,vuf endbus,249.13376745662504,endbus ph1,230.87187345194897,sourcebus ph1,3.3919053284641287,endbus,0.026143837495056735,0.7044836771145602,line1 c1,52.32088686025594,7.433265772089104,150.44143749143643,152.67745971679685,2.2360222253604123,-14.97169124240253,-14.511272868323333,-4.3627423864151554e-10,-0.46041837364292226,0.0010986122893886347,3.355597182373381e-7,2.2578797216838135e-7,2.4176719249363334e-7,0.02802218205601142,9.999965700054485,-9.999961766173127,0.9999965700054488
2,6/2/1,vvw,qonly,7.270355224609375,enforced,LOCALLY_SOLVED,true,,253.0000003143416,endbus ph1,230.23059284449363,endbus ph2,2.0000227905718146,endbus,0.04223249984408026,0.700924960858182,line1 c1,82.3352038064671,8.181007450364016,148.10861321404732,152.67745971679685,4.568846502749513,-21.032898263954166,-21.0313185010218,-8.048561126829555e-14,-0.0015797629322858535,0.0010986201576875289,2.4998770440569115e-7,2.499879614688766e-7,2.4998823523916233e-7,-1.502051925669914,-9.19201404501006,-9.999993751853054,0.9999993751853058
2,6/2/1,vvw,qonly,7.2974395751953125,relaxed,LOCALLY_SOLVED,false,vuf endbus,249.1927273775864,endbus ph1,230.8710271177184,sourcebus ph1,3.4008983807621247,endbus,0.026333763046277544,0.7072131507642705,line1 c1,52.72184310998312,7.491991693006931,150.97203153286145,153.24623107910153,2.2741995462400855,-15.14710258662303,-14.668664710794028,-4.690266881101386e-10,-0.4784378753599761,0.0010986122905893593,2.48213940367027e-7,2.257879711994003e-7,2.4512380155154e-7,0.07439240256954276,9.999966033888022,-9.99996236985803,0.9999966033888026
2,6/2/1,vvw,qonly,7.2974395751953125,enforced,LOCALLY_INFEASIBLE,false,infeasible: vuf endbus,,,,,,,,,,,,,,,,,,,,,,,,,,
2,6/2/1,vvw,qcap,6.1328125,relaxed,LOCALLY_SOLVED,false,vuf endbus,248.55631303461837,endbus ph1,230.90745950940936,sourcebus ph1,2.5930220323380615,endbus,0.03161186252562283,0.573775834966021,line1 c1,61.64053698556718,5.090834783682309,127.13283026754834,128.7890625,1.6562322324516598,-11.760098646158855,-11.297311907138335,-5.111719696756421e-14,-0.4627867390204711,0.0010986122886750618,2.4999066413904867e-7,2.49990709980846e-7,2.499906092330242e-7,1.9147155918766423,9.999964621887122,2.199481487456481e-5,0.9999964621887125
2,6/2/1,vvw,qcap,6.1328125,enforced,LOCALLY_SOLVED,true,,251.1477635571553,endbus ph1,230.95309632405068,sourcebus ph1,2.000021470178122,endbus,0.027594765160272105,0.5477579405203945,line1 c1,54.041001745880976,4.512638829326213,125.98781863639414,128.7890625,2.801243863605851,-15.061677250545014,-15.061676475464203,-6.317567715649951e-15,-7.750808046455394e-7,0.0010986122886757408,2.499865778870762e-7,2.4998653311133385e-7,2.4998649936224585e-7,9.999783615498812,6.267629437219314,3.333059509588858e-5,0.9999783615498815
2,6/2/1,vvw,qcap,20.0,relaxed,LOCALLY_SOLVED,false,vuf endbus,258.5525597231281,endbus ph3,230.3614938519057,sourcebus ph1,6.698545029492509,endbus,0.07092622268737357,1.6615183557875772,line1 c1,144.26237911257746,42.83447766653035,348.83927477226064,419.99999999999994,71.1607252277393,-130.57152075836413,-78.1169059690066,-20.99478139762635,-31.459833391731195,0.0009870049574617346,2.499907823353736e-7,2.499908015549654e-7,2.499907792437283e-7,9.999985491350758,9.999302752021505,4.914553782492494e-6,0.9999985491350761
2,6/2/1,vvw,qcap,20.0,enforced,LOCALLY_INFEASIBLE,false,infeasible: vuf endbus,,,,,,,,,,,,,,,,,,,,,,,,,,
2,6/2/1,vvw,qcap,13.06640625,relaxed,LOCALLY_SOLVED,false,vuf endbus,255.3909989481568,endbus ph1,230.68710625446238,sourcebus ph1,4.710998383060846,endbus,0.05651571632726283,1.1585129608933904,line1 c1,111.84384302143012,20.86935985216067,249.3138253955044,274.39453125,25.080705854495555,-62.38895978010937,-45.68554681420815,-2.9468512491182195,-13.756561716782997,0.0010986129450370392,2.4998836492245983e-7,2.4998836422819557e-7,2.499883647578039e-7,9.999971969235224,9.999972620463208,4.656849739307998e-6,0.9999972620463211
2,6/2/1,vvw,qcap,13.06640625,enforced,LOCALLY_INFEASIBLE,false,infeasible: vuf endbus,,,,,,,,,,,,,,,,,,,,,,,,,,
2,6/2/1,vvw,qcap,9.599609375,relaxed,LOCALLY_SOLVED,false,vuf endbus,253.98508642118102,endbus ph1,230.77086569961085,sourcebus ph1,4.081216791225498,endbus,0.054233586955064625,0.9247119824095281,line1 c1,106.00120182113481,13.410178143390592,193.69750712646237,201.59179687499997,7.8942897485376085,-36.54663688552494,-30.070626748936125,1.0345787519503087e-15,-6.476010136588818,0.0010986122886719428,2.4999164574837173e-7,2.499916501475748e-7,2.4999165226083494e-7,4.335590983980022,9.999983869141543,1.0834807243334652e-5,0.9999983869141547
2,6/2/1,vvw,qcap,9.599609375,enforced,LOCALLY_INFEASIBLE,false,infeasible: vuf endbus,,,,,,,,,,,,,,,,,,,,,,,,,,
2,6/2/1,vvw,qcap,7.8662109375,relaxed,LOCALLY_SOLVED,false,vuf endbus,251.87429256738,endbus ph1,230.8462739068384,sourcebus ph1,3.3040818722778114,endbus,0.043259771322571944,0.7506300593704648,line1 c1,84.18717522447155,8.779034987043167,160.88941325155133,165.19042968749997,4.301016435948646,-23.489532161016502,-20.72777403865418,-3.591492573353404e-14,-2.7617581223622873,0.0010986122886692774,3.789716052383324e-7,2.2578676116267441e-7,1.9824620422056832e-7,3.51010826977962,9.99997792299389,1.5230245059712674e-5,0.9999977922993895
2,6/2/1,vvw,qcap,7.8662109375,enforced,LOCALLY_INFEASIBLE,false,infeasible: vuf endbus,,,,,,,,,,,,,,,,,,,,,,,,,,
2,6/2/1,vvw,qcap,6.99951171875,relaxed,LOCALLY_SOLVED,false,vuf endbus,250.21699969009353,endbus ph1,230.87222289601866,sourcebus ph1,2.981371397098498,endbus,0.03865349988278325,0.6660140817181426,line1 c1,75.5247480794815,6.916972438773829,144.23100723113058,146.98974609374997,2.758738862619392,-17.096320571944457,-15.679865226217316,1.701633109176245e-14,-1.4164553457271607,0.0010986122886680444,2.4999766475174527e-7,2.4999766571063453e-7,2.499976635624573e-7,1.8646787207319624,9.99999113746241,5.949750883358983e-6,0.9999991137462414
2,6/2/1,vvw,qcap,6.99951171875,enforced,LOCALLY_INFEASIBLE,false,infeasible: vuf endbus,,,,,,,,,,,,,,,,,,,,,,,,,,
2,6/2/1,vvw,qcap,6.566162109375,relaxed,LOCALLY_SOLVED,false,vuf endbus,249.4909491496588,endbus ph1,230.8917460130959,sourcebus ph1,2.7746091554607135,endbus,0.035046616627325,0.6192894238519736,line1 c1,68.6752432272712,5.953514891611196,135.68839427849952,137.88940429687497,2.201010018375471,-14.333250223922372,-13.571847002185761,1.4483670790965176e-14,-0.7614032217366259,0.001098675983472793,2.499936204683517e-7,2.499936204492608e-7,2.499936204190049e-7,2.128491430187698,9.999970313528376,1.937586216826887e-5,0.9999970313528379
2,6/2/1,vvw,qcap,6.566162109375,enforced,LOCALLY_SOLVED,true,,252.49360880422577,endbus ph1,230.9270410616708,sourcebus ph1,2.000021633166493,endbus,0.033397641339688165,0.5887968234962372,line1 c1,65.1785533470047,5.319977957846691,134.08945516302086,137.88940429687497,3.799949133854108,-18.24715283719986,-18.230540796513996,8.404503075760571e-15,-0.016612040685875094,0.0021045895563783614,2.499840329258666e-7,2.49984044352105e-7,2.4998403277635867e-7,9.999941493696577,3.9079738544004496,2.4920518434676135e-5,0.999994149369658
2,6/2/1,vvw,qcap,6.7828369140625,relaxed,LOCALLY_SOLVED,false,vuf endbus,249.79682949536604,endbus ph1,230.87978694514538,sourcebus ph1,2.8914284334598617,endbus,0.037221000474978,0.6437554168754461,line1 c1,72.83123974020357,6.458398427053293,139.9968131986554,142.43957519531247,2.4427619966570724,-15.60510682275818,-14.514946292922007,1.682411992101632e-14,-1.0901605298361894,0.0010986122886681984,2.4999361914052925e-7,2.4999361948542244e-7,2.4999361876086945e-7,1.6737370042988635,9.999972249609964,1.9029830709390944e-5,0.9999972249609967
2,6/2/1,vvw,qcap,6.7828369140625,enforced,LOCALLY_SOLVED,true,,253.00000038640783,endbus ph1,230.8841019690993,sourcebus ph1,2.0000226192728787,endbus,0.0404541818747167,0.6181187212104586,line1 c1,78.6906961479418,6.078099343288269,138.17400427805495,142.43957519531247,4.265570917257522,-19.89217645874151,-19.627093602939254,1.7358105085489584e-14,-0.2650828558022701,0.0010986122886681984,2.499852758539212e-7,2.499852748962435e-7,2.499852738050447e-7,6.862615325192607,0.5065365473996761,4.3683571533388e-6,0.6862615325192611
2,6/2/1,vvw,qcap,6.89117431640625,relaxed,LOCALLY_SOLVED,false,vuf endbus,250.0057096776551,endbus ph1,230.87590040514763,sourcebus ph1,2.937163427892878,endbus,0.03795940457747743,0.6549624656776738,line1 c1,74.21984424461617,6.687813647688657,142.1178886522172,144.71466064453122,2.5967719923140287,-16.343122600339832,-15.090028487815502,1.5587130424126918e-14,-1.2530941125243482,0.0010986122886681201,2.499936220655477e-7,2.4999362350729866e-7,2.4999362053983467e-7,1.7507590583551131,9.999973065359526,1.8592109212616033e-5,0.999997306535953
2,6/2/1,vvw,qcap,6.89117431640625,enforced,LOCALLY_INFEASIBLE,false,infeasible: vuf endbus,,,,,,,,,,,,,,,,,,,,,,,,,,
2,6/2/1,vvw,qcap,6.837005615234375,relaxed,LOCALLY_SOLVED,false,vuf endbus,249.9003735462907,endbus ph1,230.87779813353418,sourcebus ph1,2.914607279117506,endbus,0.03759870754362198,0.6493875123050534,line1 c1,73.5415953609824,6.5733948771543345,141.05859983239256,143.57711791992185,2.518518087529298,-15.971461475757174,-14.799680265025362,1.651654696740784e-14,-1.1717812107318286,0.001098612288668159,2.4999766352671466e-7,2.499976639348092e-7,2.4999766285284257e-7,1.704848313595042,9.999990720842494,6.187885517193064e-6,0.9999990720842498
2,6/2/1,vvw,qcap,6.837005615234375,enforced,LOCALLY_INFEASIBLE,false,infeasible: vuf endbus,,,,,,,,,,,,,,,,,,,,,,,,,,
2,6/2/1,vvw,qcap,6.8099212646484375,relaxed,LOCALLY_SOLVED,false,vuf endbus,249.8482609709037,endbus ph1,230.87877707471648,sourcebus ph1,2.9031188310082516,endbus,0.03741262136833413,0.6465804476344804,line1 c1,73.19165285900716,6.516021588702195,140.5280670815965,143.00834655761716,2.4802794760206526,-15.78747095333371,-14.65642563557428,1.7681885680998147e-14,-1.131045317759445,0.0010986122886681787,2.499936189833712e-7,2.499936193081922e-7,2.499936186294064e-7,1.6868730277115895,9.999972460403574,1.892291045614769e-5,0.9999972460403578
2,6/2/1,vvw,qcap,6.8099212646484375,enforced,LOCALLY_INFEASIBLE,false,infeasible: vuf endbus,,,,,,,,,,,,,,,,,,,,,,,,,,
2,6/2/1,vvw,ponly,6.1328125,relaxed,LOCALLY_SOLVED,true,,244.62401979885993,endbus ph1,230.93396362801568,sourcebus ph1,0.8119017537360482,endbus,0.017643865121324282,0.47323558061249277,line1 c1,34.76473461956773,4.115435758079845,128.2265769924684,128.7890625,0.5624855075315738,-6.303781159113354,-5.715397501925251,4.237749641234527e-15,-0.5883836571881078,0.0014002451845613096,-9.999976386066164,3.032961050804348,6.967015335261821,4.228585108814694e-15,-2.772674260874522e-15,-1.6281687072936967e-15,0.9999976386066164
2,6/2/1,vvw,ponly,20.0,relaxed,LOCALLY_SOLVED,false,vuf endbus,257.47957913826997,endbus ph3,230.29119132381732,sourcebus ph1,6.625789212343762,endbus,0.06450361049945387,1.6751076864448935,line1 c1,130.9418821658051,46.87688828721935,358.7822336695247,419.99999999999994,61.2177663304752,-129.10496116297762,-75.50770234139861,-23.423288830657732,-30.17396999092128,0.0010205497037751865,-9.999988328396256,9.999981431182164,6.897214092832301e-6,2.5834281569289564e-17,1.8771223673101133e-17,-6.141215009378092e-17,0.9999988328396257
2,6/2/1,vvw,ponly,20.0,enforced,LOCALLY_INFEASIBLE,false,infeasible: vuf endbus,,,,,,,,,,,,,,,,,,,,,,,,,,
2,6/2/1,vvw,ponly,13.06640625,relaxed,LOCALLY_SOLVED,false,vuf endbus,254.4983585831349,endbus ph1,230.61456013513418,sourcebus ph1,4.392997804608741,endbus,0.05285405880486997,1.1691848720089102,line1 c1,105.86036032945394,22.94087376179787,257.83492324564116,274.39453125,16.559608004358807,-60.68328479041235,-42.98174782613477,-4.372570731617577,-13.328966232660001,0.0010986122925950325,-9.999993295264485,7.760786471835826,2.2392068234286597,-5.795110527089551e-16,2.0686303376536703e-16,4.2630782020045904e-16,0.9999993295264484
2,6/2/1,vvw,ponly,13.06640625,enforced,LOCALLY_INFEASIBLE,false,infeasible: vuf endbus,,,,,,,,,,,,,,,,,,,,,,,,,,
2,6/2/1,vvw,ponly,9.599609375,relaxed,LOCALLY_SOLVED,false,vuf endbus,251.59136759793128,endbus ph1,230.78184354974402,sourcebus ph1,2.8728227840603857,endbus,0.03866784144951646,0.8483102949550603,line1 c1,76.10038749161772,12.205452613081563,196.24508923463875,201.59179687499997,5.346707640361226,-30.185322920706696,-24.885674240023445,-0.003568957336165128,-5.2960797233470895,0.0010986180418228453,-9.999990133056496,5.998168768880633,4.001821364175863,2.0514465139932779e-16,-1.8138816894178837e-15,1.3640506472584666e-15,0.9999990133056496
2,6/2/1,vvw,ponly,9.599609375,enforced,LOCALLY_INFEASIBLE,false,infeasible: vuf endbus,,,,,,,,,,,,,,,,,,,,,,,,,,
2,6/2/1,vvw,ponly,7.8662109375,relaxed,LOCALLY_SOLVED,true,,248.6862705166417,endbus ph1,230.8647203958502,sourcebus ph1,1.772899799571236,endbus,0.0302855698319968,0.6644640737214861,line1 c1,59.49136875578438,7.681553139225353,162.8005046218275,165.19042968749997,2.38992506567246,-17.69919610078497,-14.958133185727876,-1.003816774940905e-12,-2.7410629150560895,0.0010986122886682188,-9.999987152402358,3.782384151829108,6.217603000573251,1.5302179492719124e-15,-8.569956109896003e-16,-7.932440897297077e-16,0.9999987152402359
2,6/2/1,vvw,ponly,8.73291015625,relaxed,LOCALLY_SOLVED,false,vuf endbus,250.27992379073487,endbus ph1,230.82419580280566,sourcebus ph1,2.3265372443224566,endbus,0.03462512525941626,0.7571497233772679,line1 c1,68.05326967268653,9.824723939596506,179.63722546508748,183.39111328124994,3.7538878161624822,-23.847063032673322,-19.92117580541156,-4.323065051321216e-8,-3.9258871840311107,0.0010986122886680408,-9.99998905436475,4.913694974295613,5.086294080069137,2.430791315702354e-16,-1.237390873824255e-16,-1.365985384294422e-16,0.9999989054364751
2,6/2/1,vvw,ponly,8.73291015625,enforced,LOCALLY_SOLVED,true,,250.77735850990027,endbus ph3,230.83200372631072,sourcebus ph1,2.000019931108171,endbus,0.04050424056962161,0.7576981379661046,line1 c1,81.3317504818716,9.935735838351647,179.58485805614487,183.39111328124994,3.8062552251050707,-24.499385639681908,-18.808812694064322,-1.9523653520455343e-14,-5.690572945617565,0.0010986122886686765,-9.9999914664029,1.3175199769731498,8.682471489429743,1.7414385731174446e-14,-2.0604767025181376e-14,1.4700536570916233e-15,0.99999914664029
2,6/2/1,vvw,ponly,9.166259765625,relaxed,LOCALLY_SOLVED,false,vuf endbus,250.9751877456978,endbus ph1,230.80308809113922,sourcebus ph1,2.6066332054053314,endbus,0.03659047989514468,0.8028914308338398,line1 c1,71.93496799121783,10.985300848663696,187.96659730473036,192.49145507812494,4.524857773394597,-26.982549246215616,-22.42416991150362,-1.7583149991040503e-5,-4.558361751562009,0.0010986122888211821,-9.99998970163794,5.520381971590684,4.479607730047257,-3.7900861421798155e-16,1.95679506271752e-16,2.0744389912422848e-16,0.999998970163794
2,6/2/1,vvw,ponly,9.166259765625,enforced,LOCALLY_INFEASIBLE,false,infeasible: vuf endbus,,,,,,,,,,,,,,,,,,,,,,,,,,
2,6/2/1,vvw,ponly,8.9495849609375,relaxed,LOCALLY_SOLVED,false,vuf endbus,250.63519744786615,endbus ph1,230.813705684682,sourcebus ph1,2.4663214737481884,endbus,0.03562396443853945,0.7800669709252729,line1 c1,70.02633846236435,10.39768234792722,183.808653175139,187.94128417968744,4.132631004548459,-25.410482586627047,-21.171329286987437,-8.253786811437085e-7,-4.239152474260931,0.0010986122886685445,-9.999989414844574,5.213485745178738,4.786503669665835,-2.0698709631259253e-16,1.313052702037985e-16,9.132572391455444e-17,0.9999989414844574
2,6/2/1,vvw,ponly,8.9495849609375,enforced,LOCALLY_INFEASIBLE,false,infeasible: vuf endbus,,,,,,,,,,,,,,,,,,,,,,,,,,
2,6/2/1,vvw,ponly,8.84124755859375,relaxed,LOCALLY_SOLVED,false,vuf endbus,250.45952614887736,endbus ph1,230.8189671545334,sourcebus ph1,2.3963616626063056,endbus,0.03512866849553062,0.7686201957659197,line1 c1,69.04798561980404,10.109365086676465,181.72467071063934,185.6661987304687,3.9415280198293656,-24.62763969849816,-20.54588368516144,-1.8627813698388977e-7,-4.081755827058584,0.0010986122886681388,-9.999989261815239,5.062699301336254,4.937289960478986,-8.68601099489131e-17,6.944214383651537e-17,2.6325657585658233e-17,0.9999989261815239
2,6/2/1,vvw,ponly,8.84124755859375,enforced,LOCALLY_SOLVED,true,,251.63090004646844,endbus ph3,230.8285144348866,sourcebus ph1,2.0000204352603026,endbus,0.04255581060144413,0.7693221901445196,line1 c1,85.80334001316774,10.263182470743196,181.62705222279956,185.6661987304687,4.039146507669145,-25.45777649867799,-19.17384727655668,-2.122570304327706e-13,-6.283929222121105,0.0010986122886706502,-9.999992136757383,0.5891638617967326,9.410828274960624,1.0268387242016477e-13,-1.1692575269801798e-13,4.693790791832891e-15,0.9999992136757383
2,6/2/1,vvw,ponly,8.895416259765625,relaxed,LOCALLY_SOLVED,false,vuf endbus,250.54784491880895,endbus ph1,230.8163404797916,sourcebus ph1,2.4313240085348733,endbus,0.03537734978909714,0.7743465152740084,line1 c1,69.53922080437205,10.253065025727496,182.76708895892662,186.80374145507807,4.0366524961514605,-25.018786346705507,-20.858515851588706,-3.907325482388484e-7,-4.160270104384255,0.0010986122886681088,-9.999989305482398,5.137861547267307,4.862127758215092,-2.7989723736902087e-17,2.773187466487869e-17,2.7745516147878333e-18,0.9999989305482397
2,6/2/1,vvw,ponly,8.895416259765625,enforced,LOCALLY_SOLVED,true,,252.06906101374096,endbus ph3,230.8267709319015,sourcebus ph1,2.000020661781961,endbus,0.043625707265674746,0.7751303019937745,line1 c1,88.13752006198094,10.431609223385202,182.64071401716367,186.80374145507807,4.163027437914391,-25.944365041913812,-19.352727302724514,2.457831336705801e-14,-6.591637739189325,0.0010986122886757533,-9.99999246435841,0.2058402942714105,9.794152170087,-2.0585556455147634e-16,4.640667836644311e-16,-2.349642038712298e-16,0.999999246435841
2,6/2/1,vvw,ponly,8.922500610351562,relaxed,LOCALLY_SOLVED,false,vuf endbus,250.59164098758654,endbus ph1,230.81502409148936,sourcebus ph1,2.44881830004277,endbus,0.03550091531274856,0.7772074723135053,line1 c1,69.78329499450535,10.325259109836766,183.28797710278295,187.37251281738276,4.084535714599813,-25.21456675815717,-21.014900184528415,-5.673927145512904e-7,-4.199666006236042,0.001098612288668405,-9.999989349343853,5.1756151667052235,4.824374182638631,-6.370547762378507e-17,4.6306108874746586e-17,2.1901121769793285e-17,0.9999989349343853
2,6/2/1,vvw,ponly,8.922500610351562,enforced,LOCALLY_SOLVED,true,,252.29135348449256,endbus ph3,230.8258998781196,sourcebus ph1,2.0000207546818216,endbus,0.04417266805283085,0.7780334276621326,line1 c1,89.33144895483251,10.517083413453049,183.14551680797135,187.37251281738276,4.22699600941141,-26.189650889420733,-19.441158722082573,1.2353455167645893e-14,-6.748492167338174,0.0010986122886936021,-9.999992722059952,0.008852534546526536,9.991140187513405,2.3128622670664396e-14,-4.270548803452763e-15,-1.977943928789992e-14,0.9999992722059952
2,6/2/1,vvw,pq,6.1328125,relaxed,LOCALLY_SOLVED,true,,242.4300483877095,endbus ph1,230.94966533077348,sourcebus ph3,1.2643894848146728,endbus,0.008393426569743604,0.47358270617490994,line1 c1,16.37062208296513,4.041644147682128,128.55228137958682,128.7890625,0.23678112041316535,-3.925922224480523,-2.9806073514212597,-0.5954676757480041,-0.34984719731125935,0.0010986122886695179,-9.970298963655463,2.8563551599542043,7.1139438037012575,0.7698140736919965,6.285468136637898,-4.405091664003535,0.9999973756601737
2,6/2/1,vvw,pq,20.0,relaxed,LOCALLY_SOLVED,false,vuf endbus,256.20699552938106,endbus ph3,230.31382818952483,sourcebus ph1,6.096195319012041,endbus,0.05623154365840809,1.6907379240532607,line1 c1,111.72240733962114,47.469594697992335,363.1051796094251,419.99999999999994,56.89482039057485,-130.3240966620765,-75.37203696429286,-26.9912460419985,-27.96081365578511,0.000952686646386175,-9.834464535013192,9.67989448788922,0.15457004712394407,1.8119552869643833,2.509871032009988,-9.998797993457583,0.9999993732617556
2,6/2/1,vvw,pq,20.0,enforced,LOCALLY_INFEASIBLE,false,infeasible: vuf endbus,,,,,,,,,,,,,,,,,,,,,,,,,,
2,6/2/1,vvw,pq,13.06640625,relaxed,LOCALLY_SOLVED,false,vuf endbus,253.9702688589635,endbus ph3,230.64127057619922,sourcebus ph1,4.606882626071134,endbus,0.04917522402882398,1.2086440998636612,line1 c1,96.13976375716608,23.780188685965786,262.233870463586,274.39453125,12.16066078641398,-61.45862169490454,-40.84668030850945,-7.57055648167216,-13.041384904722914,0.00109861228933567,-9.980765923208278,5.686767978569966,4.293997944638311,0.6198918300716625,8.22559714230808,-9.031137482519554,0.9999997714742997
2,6/2/1,vvw,pq,13.06640625,enforced,LOCALLY_INFEASIBLE,false,infeasible: vuf endbus,,,,,,,,,,,,,,,,,,,,,,,,,,
2,6/2/1,vvw,pq,9.599609375,relaxed,LOCALLY_SOLVED,false,vuf endbus,249.35551003991117,endbus ph1,230.8332828242573,sourcebus ph1,3.079092482190469,endbus,0.029059187293331814,0.8545913967925983,line1 c1,57.53466240722647,12.029301651534377,197.8661930117366,201.59179687499997,3.7256038632633492,-27.936102747279723,-20.008361051349357,-3.0489816750446117,-4.878760020885752,0.0010986122886680395,-9.999376866704647,3.9976191468668807,6.001757719837767,0.11085490421613292,9.166138599826395,-7.998642157850244,0.999999132660508
2,6/2/1,vvw,pq,9.599609375,enforced,LOCALLY_SOLVED,true,,252.08482326741415,endbus ph1,230.79462200510503,sourcebus ph1,2.000021326873894,endbus,0.037705516913832796,0.8414353087288478,line1 c1,75.10153417934933,12.166463692215345,195.79531383569608,201.59179687499997,5.79648303930389,-31.375513807115812,-26.010607341850527,-8.6681358599826e-14,-5.364906465265193,0.001098612288668184,-9.736692512511267,1.7667467874288352,7.969945725082431,2.279637980420202,-6.058021339942776,-6.0398491336605575,0.9999996520247757
2,6/2/1,vvw,pq,11.3330078125,relaxed,LOCALLY_SOLVED,false,vuf endbus,251.83787087741436,endbus ph1,230.74082063579417,sourcebus ph1,3.85171635971218,endbus,0.03977125732780313,1.0343618633344214,line1 c1,78.0872794891949,17.467195583194904,230.57588736749386,237.99316406249997,7.417276695006114,-43.79203686836846,-30.305160363745927,-4.958180147317116,-8.528696357305419,0.0010986125501710306,-9.995274954044923,4.766016614888942,5.229258339155981,0.30714187506824614,8.79115386845285,-8.523755172025771,0.9999992876916372
2,6/2/1,vvw,pq,11.3330078125,enforced,LOCALLY_INFEASIBLE,false,infeasible: vuf endbus,,,,,,,,,,,,,,,,,,,,,,,,,,
2,6/2/1,vvw,pq,10.46630859375,relaxed,LOCALLY_SOLVED,false,vuf endbus,250.6871334583244,endbus ph1,230.78799091442346,sourcebus ph1,3.4667868973667937,endbus,0.034493350483989174,0.9452187511309447,line1 c1,67.99155625619214,14.63380210724545,214.36209153685132,219.79248046874997,5.430388931898644,-35.68766472000075,-25.130529719563878,-3.928637854726337,-6.628497145710523,0.0010986122886690992,-9.998137986739493,4.384957984633184,5.61318000210631,0.19256752141532119,8.987288937902544,-8.275970717114738,0.999999227260638
2,6/2/1,vvw,pq,10.46630859375,enforced,LOCALLY_INFEASIBLE,false,infeasible: vuf endbus,,,,,,,,,,,,,,,,,,,,,,,,,,
2,6/2/1,vvw,pq,10.032958984375,relaxed,LOCALLY_SOLVED,false,vuf endbus,250.04645291740994,endbus ph1,230.81088173720138,sourcebus ph1,3.2732632780760453,endbus,0.031789736823592325,0.9001033128621136,line1 c1,62.798536511537385,13.302292871488493,206.15051563547317,210.69213867187497,4.541623036401798,-31.765057989349838,-22.561888429117978,-3.470279288774774,-5.7328902714570775,0.0010986122886681082,-9.998917620080581,4.193242116281482,5.805675503799098,0.14657326275691354,9.078318850596641,-8.142086135927515,0.9999991864722346
2,6/2/1,vvw,pq,10.032958984375,enforced,LOCALLY_SOLVED,true,,252.9999991611957,endbus ph1,230.75739402350385,sourcebus ph1,2.0000217473192614,endbus,0.04585698146779512,0.8851858485628229,line1 c1,92.54490114914849,13.76265833241059,203.3983334182644,210.69213867187497,7.293805253610586,-36.326183465191555,-29.288829113106136,8.277203386006821e-14,-7.037354352085499,0.001098612288731598,-9.851886864614334,1.0175802849474986,8.834306579666814,1.7147266636901637,-8.99568402975328,-4.6856135080991725,0.9999998116216344
2,6/2/1,vvw,pq,10.2496337890625,relaxed,LOCALLY_SOLVED,false,vuf endbus,250.37264750897327,endbus ph1,230.79949312719518,sourcebus ph1,3.3701340599865635,endbus,0.03314621015357555,0.9227105724632714,line1 c1,65.40605475529428,13.96087935273616,210.26531256810733,215.24230957031247,4.976997002205152,-33.71483413856845,-23.84424757651998,-3.694788381316922,-6.175798180731548,0.0010986122886681403,-9.998586932191106,4.2894995602578385,5.709087371933268,0.16793851578339275,9.033266291040075,-8.210123381595853,0.9999997199282922
2,6/2/1,vvw,pq,10.2496337890625,enforced,LOCALLY_INFEASIBLE,false,infeasible: vuf endbus,,,,,,,,,,,,,,,,,,,,,,,,,,
2,6/2/1,vvw,pq,10.14129638671875,relaxed,LOCALLY_SOLVED,false,vuf endbus,250.21102335770092,endbus ph1,230.80520067529463,sourcebus ph1,3.3217340546162175,endbus,0.03246915375546241,0.9114201223371998,line1 c1,64.10509645198825,13.629803538355887,208.21020496233214,212.96722412109372,4.757019158761588,-32.736953303503455,-23.202486754037448,-3.581370540532743,-5.953096008933269,0.001098612288668056,-9.99877006264141,4.241515901310518,5.7572541613308905,0.15665431948343025,9.055895480985686,-8.176418821829209,0.9999997167068946
2,6/2/1,vvw,pq,10.14129638671875,enforced,LOCALLY_INFEASIBLE,false,infeasible: vuf endbus,,,,,,,,,,,,,,,,,,,,,,,,,,
2,6/2/1,vvw,pq,10.087127685546875,relaxed,LOCALLY_SOLVED,false,vuf endbus,250.12907130469847,endbus ph1,230.80804307907124,sourcebus ph1,3.2975186286381417,endbus,0.032129873505798906,0.905765812683395,line1 c1,63.45276156896974,13.465627770562458,207.18096363943692,211.82968139648435,4.648717757047427,-32.25016586098957,-22.881943138092975,-3.525536496067948,-5.842686226828642,0.001098612288668082,-9.998853544640765,4.217453566414618,5.781399978226148,0.15123095693493802,9.06712645589846,-8.159363469895462,0.9999997150475126
2,6/2/1,vvw,pq,10.087127685546875,enforced,LOCALLY_INFEASIBLE,false,infeasible: vuf endbus,,,,,,,,,,,,,,,,,,,,,,,,,,
2,6/2/1,vvw,pq,10.060043334960938,relaxed,LOCALLY_SOLVED,false,vuf endbus,250.08780577142278,endbus ph1,230.80946142091148,sourcebus ph1,3.285407097666182,endbus,0.03196005713616536,0.9029363628780873,line1 c1,63.12614884441729,13.383881557221116,206.66591908834997,211.26091003417966,4.594990945829691,-32.00731550978956,-22.721757621921302,-3.4978377880942975,-5.787720099773956,0.001098612288668095,-9.998893337706404,4.205402776416682,5.793490561289722,0.1485761162083519,9.07272189065538,-8.150783022728316,0.9999997142056445
2,6/2/1,vvw,pq,10.060043334960938,enforced,LOCALLY_SOLVED,true,,253.0000006233401,endbus ph1,230.7495971833163,sourcebus ph1,2.0000219254666494,endbus,0.048014456384147426,0.8894227978486421,line1 c1,97.17070128988705,13.988971879980769,203.8376931586078,211.26091003417966,7.423216875571859,-36.79260016134383,-29.34510754792261,3.2194700957199795e-14,-7.447492613421256,0.0010986122899777884,-9.942909944802834,0.805249745897373,9.137660198905465,1.067015580455318,-9.449395593526772,-4.062406072749339,0.9999999020969627
2,7/1/1,vvw,qonly,5.390625,relaxed,LOCALLY_SOLVED,false,vuf endbus,247.14018745278184,endbus ph1,230.87869597376783,sourcebus ph3,3.086820173089784,endbus,0.021837645388248134,0.539949798311322,line1 c1,42.600810295147255,4.230136204618378,112.0332407268493,113.203125,1.1698842731507009,-9.355221344945434,-9.355221342725377,-5.771493177605387e-15,-2.2200508103239757e-9,0.0010986122886690946,2.4998862120219365e-7,2.499886064571298e-7,2.4998860899584675e-7,3.1109804614523053,9.999938384085343,-9.999943962786803,0.9999943962786805
2,7/1/1,vvw,qonly,5.390625,enforced,LOCALLY_SOLVED,true,,251.0339444616741,endbus ph1,229.08705922847668,endbus ph2,2.000022002352119,endbus,0.032872550018181325,0.5174908808631107,line1 c1,64.88822633374474,3.940497459546124,110.43089348732187,113.203125,2.772231512678136,-14.97685507945749,-14.976855079457504,1.2260527536415116e-14,-2.687059252441031e-15,0.0010986122886683222,2.499912775005614e-7,2.499912766656673e-7,2.4999127594771033e-7,8.242825569412611,0.6442067400921945,-5.697720038956647,0.8242825569412615
2,7/1/1,vvw,qonly,20.0,relaxed,LOCALLY_SOLVED,false,vuf endbus,265.11329948119055,endbus ph3,230.2299761806567,sourcebus ph1,8.257786693533795,endbus,0.11564533718321103,1.8200246934882844,line1 c1,241.9215142374221,50.87321696349719,341.50614441294357,419.99999999999994,78.49385558705637,-124.33660045856374,-84.33847672085506,-3.3223252711995688,-36.67579846650913,0.0010986141467118904,2.4999451592670825e-7,2.49994516658716e-7,2.499945151878747e-7,9.999997996796175,3.2147045361060855,-9.999999022576734,0.9999999022576738
2,7/1/1,vvw,qonly,20.0,enforced,LOCALLY_INFEASIBLE,false,infeasible: vuf endbus,,,,,,,,,,,,,,,,,,,,,,,,,,
2,7/1/1,vvw,qonly,12.6953125,relaxed,LOCALLY_SOLVED,false,vuf endbus,256.0898235054876,endbus ph3,230.61916735396457,sourcebus ph1,5.765211224069843,endbus,0.07877851289188567,1.230700564409744,line1 c1,156.3828363690213,23.110521741849432,236.7384864673979,266.6015625,29.8630760326021,-64.91852083754223,-50.072095885991594,-2.4762549162678655e-14,-14.846424951550635,0.001098612288669406,2.4999592280970184e-7,2.49995923165712e-7,2.4999592269121596e-7,9.999987305294221,9.99995807964105,-9.99999565545905,0.9999995655459054
2,7/1/1,vvw,qonly,12.6953125,enforced,LOCALLY_INFEASIBLE,false,infeasible: vuf endbus,,,,,,,,,,,,,,,,,,,,,,,,,,
2,7/1/1,vvw,qonly,9.04296875,relaxed,LOCALLY_SOLVED,false,vuf endbus,253.99296750038457,endbus ph1,230.19259287325497,endbus ph2,4.608830299586276,endbus,0.06308297312490342,0.9458526593095848,line1 c1,123.28336477735782,13.798130639226663,181.48422412635009,189.90234375,8.418119623649932,-38.27711724795066,-32.37753842206449,2.2170782853666257e-14,-5.899578825886202,0.0010986122886681622,2.499914865598225e-7,2.499914890130573e-7,2.4999148999839274e-7,5.863660588520967,9.999983893853551,-9.9999885638839,0.9999988563883904
2,7/1/1,vvw,qonly,9.04296875,enforced,LOCALLY_INFEASIBLE,false,infeasible: vuf endbus,,,,,,,,,,,,,,,,,,,,,,,,,,
2,7/1/1,vvw,qonly,7.216796875,relaxed,LOCALLY_SOLVED,false,vuf endbus,251.55920994889152,endbus ph1,230.85375318034562,sourcebus ph1,3.764998647686795,endbus,0.04322389724590658,0.7434599993082469,line1 c1,84.85398480849388,8.252493405146643,147.37295766486753,151.552734375,4.1797767101324546,-22.656339931686166,-21.18764273314975,2.1186622047420523e-14,-1.468697198536438,0.0010986122886686065,2.499872108044661e-7,2.499872043159371e-7,2.4998721441412096e-7,5.424220005958099,9.999975100126433,-9.99997858774972,0.9999978587749723
2,7/1/1,vvw,qonly,7.216796875,enforced,LOCALLY_INFEASIBLE,false,infeasible: vuf endbus,,,,,,,,,,,,,,,,,,,,,,,,,,
2,7/1/1,vvw,qonly,6.3037109375,relaxed,LOCALLY_SOLVED,false,vuf endbus,249.4972723659408,endbus ph1,230.88765072005233,sourcebus ph3,3.428237172808017,endbus,0.034020719510199054,0.64540973514682,line1 c1,66.65791880958156,6.147315405975533,129.976623971802,132.37792968749997,2.4013057156979656,-15.374629366506875,-14.984718527387358,1.7122242924534663e-14,-0.3899108391195324,0.0010986122886688153,2.3104109193777513e-7,2.606913062314236e-7,2.558008611060761e-7,3.5668589337963614,9.99996652512571,-9.99997013746306,0.9999970137463065
2,7/1/1,vvw,qonly,6.3037109375,enforced,LOCALLY_SOLVED,true,,252.99999729416157,endbus ph1,224.70714692237712,endbus ph2,2.0000228040025707,endbus,0.04836393338738019,0.6410220076221919,line1 c1,94.68825111907103,6.763359707082437,127.8183464381071,132.37792968749997,4.559583249392873,-20.851045814676247,-20.84444909990435,1.260807267861851e-14,-0.006596714771909633,0.0010987948425043562,2.499867216398315e-7,2.4998672126419905e-7,2.499867211158964e-7,2.004809089814764,-7.639362368713727,-9.999928248424988,0.9999928248424992
2,7/1/1,vvw,qonly,6.76025390625,relaxed,LOCALLY_SOLVED,false,vuf endbus,250.65003524044425,endbus ph1,230.87386891200842,sourcebus ph1,3.584150664466775,endbus,0.03848609930949103,0.6938397186388479,line1 c1,75.77489244229713,7.13575907601933,138.69073399927862,141.96533203125,3.2745980319713652,-18.917133015374972,-18.189831279585842,1.7900828740923088e-14,-0.7273017357891532,0.0010986298290991709,2.499871324197244e-7,2.499871273122307e-7,2.4998713463265416e-7,4.779229554592491,9.999971736533661,-9.99997602658248,0.9999976026582484
2,7/1/1,vvw,qonly,6.76025390625,enforced,LOCALLY_INFEASIBLE,false,infeasible: vuf endbus,,,,,,,,,,,,,,,,,,,,,,,,,,
2,7/1/1,vvw,qonly,6.531982421875,relaxed,LOCALLY_SOLVED,false,vuf endbus,250.09645329821268,endbus ph1,230.88204351703584,sourcebus ph1,3.505354826443128,endbus,0.036228342941737074,0.6696457243891676,line1 c1,71.17072001413219,6.630344871573579,134.3459853608903,137.17163085937503,2.825645498484719,-17.141484861949348,-16.592359547145847,1.6877082938256224e-14,-0.5491253148035139,0.001098612290042146,2.2936021624151686e-7,2.3007398976116844e-7,2.538676995186626e-7,4.204869648409301,9.999969418562218,-9.999973597395302,0.9999973597395305
2,7/1/1,vvw,qonly,6.531982421875,enforced,LOCALLY_INFEASIBLE,false,infeasible: vuf endbus,,,,,,,,,,,,,,,,,,,,,,,,,,
2,7/1/1,vvw,qonly,6.4178466796875,relaxed,LOCALLY_SOLVED,false,vuf endbus,249.80028600700894,endbus ph1,230.88577078477493,sourcebus ph1,3.4669434676477837,endbus,0.03513285882078561,0.6575760672193021,line1 c1,68.92963458098417,6.387353247074793,132.16589481049587,134.7747802734375,2.6088854629416236,-16.253759442313743,-15.785256745881831,1.321317103690081e-14,-0.46850269643192455,0.0010986122886810304,2.4998871049000185e-7,2.499887081542642e-7,2.499887107214218e-7,3.8814387006774362,9.999968055033401,-9.999972014174261,0.9999972014174263
2,7/1/1,vvw,qonly,6.4178466796875,enforced,LOCALLY_SOLVED,true,,252.99999885478286,endbus ph1,223.14139532921024,endbus ph2,2.0000229776908887,endbus,0.05360828417891399,0.6671786903725345,line1 c1,104.79199976472124,7.590846675038461,130.13442298962968,134.7747802734375,4.640357283807828,-21.430093375293165,-21.196006429437908,-8.895376996617091e-14,-0.2340869458551743,0.0010986122886717322,2.499885743718488e-7,2.499887347081358e-7,2.4998885731455565e-7,-1.078812212703435,-9.444827475838814,-9.9999742834983,0.9999974283498304
2,7/1/1,vvw,qonly,6.47491455078125,relaxed,LOCALLY_SOLVED,false,vuf endbus,249.94944045528882,endbus ph1,230.88391695953257,sourcebus ph1,3.4861550790698677,endbus,0.03568126663074426,0.663619070508746,line1 c1,70.051335836916,6.508366661348868,133.25695492477652,135.97320556640625,2.716250641629725,-16.696886373711305,-16.188408528940496,1.430671810674747e-14,-0.5084778447708228,0.0010986122888015368,3.435460943618418e-7,2.2578795109527357e-7,1.8479636767757328e-7,4.043212214140239,9.999968755990816,-9.999972837030791,0.9999972837030793
2,7/1/1,vvw,qonly,6.47491455078125,enforced,LOCALLY_INFEASIBLE,false,infeasible: vuf endbus,,,,,,,,,,,,,,,,,,,,,,,,,,
2,7/1/1,vvw,qonly,6.446380615234375,relaxed,LOCALLY_SOLVED,false,vuf endbus,249.8751112220789,endbus ph1,230.88484557098747,sourcebus ph1,3.476553815411372,endbus,0.03540736338886248,0.6605999982308353,line1 c1,69.49102716903536,6.447750551751828,132.71169247626997,135.37399291992185,2.662300443651877,-16.475106455843516,-15.986691659049809,1.4102919331099766e-14,-0.4884147967937208,0.0010986122887096889,2.4998871047232813e-7,2.499887080742966e-7,2.4998871079693683e-7,3.9622286862503406,9.999968410457894,-9.999972433552857,0.999997243355286
2,7/1/1,vvw,qonly,6.446380615234375,enforced,LOCALLY_SOLVED,true,,253.00000050048428,endbus ph1,222.71106280128646,endbus ph2,2.0000232733546013,endbus,0.055032544856973564,0.6741782125472933,line1 c1,107.54866780351001,7.827893820124624,130.71256622881276,135.37399291992185,4.661426691109094,-21.583288865705672,-21.28246692395136,9.998425406035591e-14,-0.300821941754418,0.001098612288670723,2.3948341405616063e-7,2.3948333128052666e-7,2.3948326893116626e-7,-1.9158754775662448,-9.9659796982312,-9.999993252217667,0.999999325221767
2,7/1/1,vvw,qcap,5.390625,relaxed,LOCALLY_SOLVED,false,vuf endbus,248.98994185083396,endbus ph1,229.31672367454055,endbus ph2,2.5811888672332244,endbus,0.03895070268363244,0.5312722523055974,line1 c1,76.09874291886504,4.4086622299830704,111.36135758402091,113.203125,1.8417674159791009,-12.434228369022238,-12.003861170400352,5.635105591332997e-15,-0.430367198621889,0.0010986122886690946,2.4999067442413204e-7,2.499906648950721e-7,2.499906733687466e-7,5.006030841466942,9.999966341548866,1.891831169632867e-5,0.9999966341548869
2,7/1/1,vvw,qcap,5.390625,enforced,LOCALLY_SOLVED,true,,251.29465064423798,endbus ph1,228.34843176900068,endbus ph2,2.0000217379786194,endbus,0.038430087499244314,0.5124914825631561,line1 c1,75.35751080057824,4.008177214048909,110.29465607265703,113.203125,2.9084689273429776,-15.356983810336605,-15.350686167226643,1.1067961370211159e-14,-0.006297643109974978,0.001168258431928424,2.499862892885038e-7,2.499862892295228e-7,2.4998628926407535e-7,9.99985093975056,4.65672996103966,3.316462266197467e-5,0.9999850939750564
2,7/1/1,vvw,qcap,20.0,relaxed,LOCALLY_SOLVED,false,vuf endbus,267.59661264185263,endbus ph3,230.22166251361026,sourcebus ph1,8.250796715256108,endbus,0.12400095602627463,1.7927257963362024,line1 c1,265.0533531913363,49.73335790818817,335.5215130656928,419.99999999999994,84.47848693430716,-125.25669500920398,-85.09723823815814,-2.026486610048652,-38.132970160997196,0.0010986122889068695,2.49988564247989e-7,2.4998856220233e-7,2.499885650630059e-7,9.999993176374513,3.0574264177669788,4.048928165999754e-6,0.9999993176374515
2,7/1/1,vvw,qcap,20.0,enforced,LOCALLY_INFEASIBLE,false,infeasible: vuf endbus,,,,,,,,,,,,,,,,,,,,,,,,,,
2,7/1/1,vvw,qcap,12.6953125,relaxed,LOCALLY_SOLVED,false,vuf endbus,257.7134780248804,endbus ph3,230.6075171052853,sourcebus ph1,5.58716193440161,endbus,0.08681851737433936,1.201058212466749,line1 c1,175.0964713043595,22.28159076820059,231.0723407852006,266.6015625,35.52922171479942,-67.56356733379253,-50.99527519031513,2.896220029396344e-14,-16.568292143477432,0.00109861228866875,2.4999354212552394e-7,2.4999354267068245e-7,2.4999354161959027e-7,9.999987372904204,9.999964705090203,4.012633205117843e-6,0.9999987372904208
2,7/1/1,vvw,qcap,12.6953125,enforced,LOCALLY_INFEASIBLE,false,infeasible: vuf endbus,,,,,,,,,,,,,,,,,,,,,,,,,,
2,7/1/1,vvw,qcap,9.04296875,relaxed,LOCALLY_SOLVED,false,vuf endbus,254.28367121567848,endbus ph1,227.06923655676073,endbus ph2,4.334324899579387,endbus,0.07595680286779481,0.9291145033362119,line1 c1,151.15424077992208,13.976160858188585,178.86533968377944,189.90234375,11.037004066220568,-40.921848713751025,-32.96391161795065,2.06378987618429e-14,-7.957937095800395,0.0010986129391916755,2.499970228204754e-7,2.4999702255650164e-7,2.4999702315636153e-7,5.036876820474717,9.999996384443616,1.3409089318489526e-6,0.9999996384443619
2,7/1/1,vvw,qcap,9.04296875,enforced,LOCALLY_INFEASIBLE,false,infeasible: vuf endbus,,,,,,,,,,,,,,,,,,,,,,,,,,
2,7/1/1,vvw,qcap,7.216796875,relaxed,LOCALLY_SOLVED,false,vuf endbus,253.19663774441278,endbus ph1,228.13690346805214,endbus ph2,3.3270758151720403,endbus,0.055613844595095274,0.7251676188828545,line1 c1,108.78828213654224,8.272486391566769,145.90108691586917,151.552734375,5.651647459130804,-27.235216159057618,-24.29463063314942,1.9879313857549445e-14,-2.940585525908218,0.0010986122886686065,2.5017037210778097e-7,2.4980800627793444e-7,2.4999808583200153e-7,8.836285181206108,9.99998030638953,1.2452981977306947e-5,0.9999980306389533
2,7/1/1,vvw,qcap,7.216796875,enforced,LOCALLY_INFEASIBLE,false,infeasible: vuf endbus,,,,,,,,,,,,,,,,,,,,,,,,,,
2,7/1/1,vvw,qcap,6.3037109375,relaxed,LOCALLY_SOLVED,false,vuf endbus,251.1368780690869,endbus ph1,228.3606412096896,endbus ph2,2.9917486269631066,endbus,0.048947422424913775,0.6336290735592356,line1 c1,95.32373548013044,6.348706550374822,128.97327140626354,132.37792968749997,3.404658281236439,-19.16783428085808,-17.710765563882834,2.1792767801960854e-14,-1.4570687169752687,0.0010986122886692557,2.4999114123843563e-7,2.4999113299206337e-7,2.499911471335221e-7,5.801358910471563,9.999976027895707,1.507784984326608e-5,0.9999976027895711
2,7/1/1,vvw,qcap,6.3037109375,enforced,LOCALLY_INFEASIBLE,false,infeasible: vuf endbus,,,,,,,,,,,,,,,,,,,,,,,,,,
2,7/1/1,vvw,qcap,5.84716796875,relaxed,LOCALLY_SOLVED,false,vuf endbus,250.20519249081875,endbus ph1,228.84315360908874,endbus ph2,2.772114323105678,endbus,0.04379931523310566,0.5817292130543189,line1 c1,85.1115735892584,5.313127301463073,120.18480801321361,122.79052734375,2.6057193305363935,-15.70610666925992,-14.956086766047875,1.538471696233934e-14,-0.7500199032120601,0.0010986216986609391,2.4999085790806566e-7,2.4999085444004e-7,2.499908596994193e-7,5.726555269196113,9.999972345582385,1.629107406622432e-5,0.9999972345582389
2,7/1/1,vvw,qcap,5.84716796875,enforced,LOCALLY_SOLVED,true,,252.79822095642305,endbus ph1,226.7509752023379,endbus ph2,2.000022011142658,endbus,0.04565066248658402,0.5606567261218801,line1 c1,89.23968685228057,4.946512295855928,118.69403353133406,122.79052734375,4.096493812415947,-19.277557636402324,-19.029716155332206,-2.066137562008527e-15,-0.24784148107011858,0.0010986122886687067,2.4998515550397886e-7,2.499851385210158e-7,2.499851366178828e-7,9.999935667037004,2.176037476065517,2.659536507919638e-5,0.9999935667037008
2,7/1/1,vvw,qcap,6.075439453125,relaxed,LOCALLY_SOLVED,false,vuf endbus,250.60370510397772,endbus ph1,228.5044328526701,endbus ph2,2.8961366646852773,endbus,0.046874526215305586,0.6091243666267134,line1 c1,91.1542874371969,5.86504906870634,124.63244251760581,127.58422851562499,2.951785998019174,-17.29171678040542,-16.193590284780605,1.4468700319325774e-14,-1.0981264956248302,0.0010986122886683634,2.499910916412284e-7,2.499910897282182e-7,2.4999109251639e-7,5.342421213245471,9.999974412618721,1.589671360404217e-5,0.9999974412618725
2,7/1/1,vvw,qcap,6.075439453125,enforced,LOCALLY_INFEASIBLE,false,infeasible: vuf endbus,,,,,,,,,,,,,,,,,,,,,,,,,,
2,7/1/1,vvw,qcap,5.9613037109375,relaxed,LOCALLY_SOLVED,false,vuf endbus,250.38355768374964,endbus ph1,228.63950425587373,endbus ph2,2.8380257144483414,endbus,0.04550687258477047,0.5958401126268675,line1 c1,88.42257480947109,5.599518049673255,122.4226831193256,125.1873779296875,2.7646948103619007,-16.44046291573905,-15.535447117420953,1.1876069638112876e-14,-0.9050157983181077,0.0014543563406707453,2.499908513976722e-7,2.499908514608409e-7,2.499908510991401e-7,5.404756033212539,9.99997345827572,1.6162483332681446e-5,0.9999973458275724
2,7/1/1,vvw,qcap,5.9613037109375,enforced,LOCALLY_SOLVED,true,,252.99999808237948,endbus ph1,225.61765150231048,endbus ph2,2.000022631937723,endbus,0.04966730313124022,0.5784246501647659,line1 c1,97.00072347995015,5.401048992529616,120.86649483459497,125.1873779296875,4.320883095092531,-20.125517834131454,-19.71455247845538,-1.6337914139505324e-13,-0.4109653556759156,0.0010986122886791822,2.499874799631618e-7,2.4998795886971224e-7,2.499882579594286e-7,8.174449958173478,0.6681646845457166,1.4646414001870622e-5,0.8174449958173481
2,7/1/1,vvw,qcap,6.01837158203125,relaxed,LOCALLY_SOLVED,false,vuf endbus,250.47975442330144,endbus ph1,228.55661958401453,endbus ph2,2.8696634373616927,endbus,0.0462729228942562,0.6027278264889467,line1 c1,89.94563199604534,5.739166832581866,123.53559558812329,126.38580322265625,2.850207634532964,-16.845671182454144,-15.83996953750741,1.4297210615119778e-14,-1.0057016449467522,0.0010986122886686486,2.4999091668618056e-7,2.499909134144675e-7,2.499909182298883e-7,5.299580990562886,9.999973954509048,1.6079727872424947e-5,0.9999973954509052
2,7/1/1,vvw,qcap,6.01837158203125,enforced,LOCALLY_INFEASIBLE,false,infeasible: vuf endbus,,,,,,,,,,,,,,,,,,,,,,,,,,
2,7/1/1,vvw,qcap,5.989837646484375,relaxed,LOCALLY_SOLVED,false,vuf endbus,250.42601248370875,endbus ph1,228.5919684780592,endbus ph2,2.8548594156230305,endbus,0.045922528460030206,0.5993796994116728,line1 c1,89.24256416990117,5.672121352431482,122.98216726254594,125.78659057617188,2.8044233136259367,-16.63493075247508,-15.678095380887985,1.2301054133266772e-14,-0.9568353715871027,0.001098612288668098,2.499909790212785e-7,2.499909790361525e-7,2.4999097901343075e-7,5.322838577086323,9.99997371093541,1.6140086486543612e-5,0.9999973710935415
2,7/1/1,vvw,qcap,5.989837646484375,enforced,LOCALLY_INFEASIBLE,false,infeasible: vuf endbus,,,,,,,,,,,,,,,,,,,,,,,,,,
2,7/1/1,vvw,ponly,5.390625,relaxed,LOCALLY_SOLVED,true,,244.7755175918679,endbus ph1,230.92092679952123,sourcebus ph1,0.9783148003528108,endbus,0.023976585122581755,0.4393984061958609,line1 c1,47.468929168172096,3.3244458495677085,112.63493239793713,113.203125,0.5681926020628669,-6.308339841793657,-6.01385890794384,1.0707874107557638e-14,-0.29448093384982826,0.0010986856625633658,-9.999979617520532,5.145930145651892,4.854049471868641,-1.3030997265024277e-16,8.377376207070021e-17,6.536249465464487e-17,0.9999979617520532
2,7/1/1,vvw,ponly,20.0,relaxed,LOCALLY_SOLVED,false,vuf endbus,266.7198520727001,endbus ph3,230.15515706158908,sourcebus ph1,8.680583199581998,endbus,0.11784980674589203,1.845823434232418,line1 c1,250.59125955621917,53.85235376316507,349.3826279063742,419.99999999999994,70.61737209362575,-123.61610491858119,-81.11412105107381,-4.982203982634995,-37.5197798848724,0.0010986122886680327,-9.999990001488959,9.999993899541021,-3.8980520636999155e-6,1.5699363580987986e-17,-1.027657605290021e-17,-7.600468592142553e-18,0.9999993899541021
2,7/1/1,vvw,ponly,20.0,enforced,LOCALLY_INFEASIBLE,false,infeasible: vuf endbus,,,,,,,,,,,,,,,,,,,,,,,,,,
2,7/1/1,vvw,ponly,12.6953125,relaxed,LOCALLY_SOLVED,false,vuf endbus,256.2760940383773,endbus ph3,230.53993038380435,sourcebus ph1,5.302497505444708,endbus,0.07775926945837075,1.2215406342424469,line1 c1,157.00724682072308,23.88855705707579,242.1921558732371,266.6015625,24.409406626762873,-63.22287775279156,-48.10965818182591,-2.1434626271713198e-11,-15.113219570944219,0.0010986122886680943,-9.999991267708346,9.999992923973682,-1.656265336629098e-6,6.52727689595444e-18,2.678873282256248e-19,-8.110451511460616e-18,0.9999992923973682
2,7/1/1,vvw,ponly,12.6953125,enforced,LOCALLY_INFEASIBLE,false,infeasible: vuf endbus,,,,,,,,,,,,,,,,,,,,,,,,,,
2,7/1/1,vvw,ponly,9.04296875,relaxed,LOCALLY_SOLVED,false,vuf endbus,252.81678756831118,endbus ph1,230.72388574325367,sourcebus ph1,3.4892669862254464,endbus,0.055004526066888146,0.8723764141401289,line1 c1,108.18467753048749,12.440436600969406,183.00028538100995,189.90234375,6.902058368990072,-34.60177133103289,-29.6503400648993,2.1609009041378014e-14,-4.951431266133619,0.0010986122886686228,-9.999991621236056,9.999772805193444,0.00021881604261937332,-2.6807250659679645e-15,1.5239026841768845e-15,1.387911954446182e-15,0.9999991621236056
2,7/1/1,vvw,ponly,9.04296875,enforced,LOCALLY_INFEASIBLE,false,infeasible: vuf endbus,,,,,,,,,,,,,,,,,,,,,,,,,,
2,7/1/1,vvw,ponly,7.216796875,relaxed,LOCALLY_SOLVED,false,vuf endbus,249.67484550549597,endbus ph1,230.83014408329305,sourcebus ph1,2.176652682584951,endbus,0.04219647650986406,0.661063971815413,line1 c1,82.611460752993,7.272867101043114,148.55590463626015,151.552734375,2.9968297387398257,-19.689934110178946,-17.573421832681305,1.9501080882589808e-14,-2.116512277497656,0.0010986122886686065,-9.999989356053891,6.9382058987347115,3.061783457319184,-2.6336799106860887e-15,1.545063629269105e-15,1.2675243485726774e-15,0.9999989356053891
2,7/1/1,vvw,ponly,7.216796875,enforced,LOCALLY_SOLVED,true,,249.38374089428234,endbus ph1,230.76302608237236,endbus ph2,2.000018963887679,endbus,0.04547534162449516,0.6610698020011774,line1 c1,90.05832263818041,7.373243483739947,148.6013192283682,151.552734375,2.9514151466317973,-19.990358280198347,-16.986696111441752,2.9167646177300305e-14,-3.0036621687566245,0.0010986122886687988,-9.999990875508056,4.968900907194763,5.031089968313291,-9.012576747031765e-15,6.565135295451162e-15,3.1635023865888564e-15,0.9999990875508056
2,7/1/1,vvw,ponly,8.1298828125,relaxed,LOCALLY_SOLVED,false,vuf endbus,251.46544386652906,endbus ph1,230.77749437954319,sourcebus ph1,2.8645127836767594,endbus,0.04839775689433347,0.7677477789202898,line1 c1,94.80908934995826,9.695524913292648,165.91223988698326,170.7275390625,4.81529917551673,-27.00096514983003,-23.72119894933152,1.7411611522247997e-14,-3.279766200498531,0.0010986122886681034,-9.999990801646062,8.775255393910431,1.224735407735632,-1.9875654743160332e-16,1.0870041097514676e-16,1.0728530674283293e-16,0.9999990801646061
2,7/1/1,vvw,ponly,8.1298828125,enforced,LOCALLY_INFEASIBLE,false,infeasible: vuf endbus,,,,,,,,,,,,,,,,,,,,,,,,,,
2,7/1/1,vvw,ponly,7.67333984375,relaxed,LOCALLY_SOLVED,false,vuf endbus,250.6163853964888,endbus ph1,230.80422489430455,sourcebus ph1,2.51678756679886,endbus,0.04544117695221514,0.7147053294517626,line1 c1,89.00149947149345,8.447133471733673,157.2754837864152,161.14013671875003,3.864652932334822,-23.327187217067312,-20.6345744015813,2.57959612899065e-14,-2.6926128154860396,0.0010986122886695155,-9.999990229205235,7.817016020709608,2.18297420849564,-7.341917440164394e-15,4.00675481842987e-15,3.940164607072141e-15,0.9999990229205235
2,7/1/1,vvw,ponly,7.67333984375,enforced,LOCALLY_SOLVED,true,,252.64735743364918,endbus ph3,227.34806149236357,endbus ph2,2.000021861280476,endbus,0.057482808715797896,0.7148947153035146,line1 c1,116.10646547978666,8.953979104424022,157.17155353441632,161.14013671875003,3.968583184333707,-24.503564290618755,-18.760001876347282,-4.73307209005699e-13,-5.743562414270997,0.0010986122886733137,-9.999994492924902,1.1721385894477585,8.827855903477191,1.973058823975548e-13,-2.422822761226957e-13,1.7683563675010836e-14,0.9999994492924902
2,7/1/1,vvw,ponly,7.901611328125,relaxed,LOCALLY_SOLVED,false,vuf endbus,251.05230939993277,endbus ph1,230.79094443019622,sourcebus ph1,2.6901639540537374,endbus,0.04694712905788556,0.7412973602057955,line1 c1,91.9598900231266,9.061981209581775,161.6033901205551,165.933837890625,4.330447770069923,-25.159588231475173,-22.176541872152473,3.6183181311529116e-14,-2.9830463593227345,0.0010986122886710724,-9.999990605742745,8.290753101480798,1.7092375042619739,-1.4919974373154735e-14,8.036083121830064e-15,8.165599108012665e-15,0.9999990605742746
2,7/1/1,vvw,ponly,7.901611328125,enforced,LOCALLY_INFEASIBLE,false,infeasible: vuf endbus,,,,,,,,,,,,,,,,,,,,,,,,,,
2,7/1/1,vvw,ponly,7.7874755859375,relaxed,LOCALLY_SOLVED,false,vuf endbus,250.8372352342837,endbus ph1,230.7976075890638,sourcebus ph1,2.6033086063346,endbus,0.04620189398275934,0.7280195395569254,line1 c1,90.49612600825553,8.752225399520363,159.44191707799388,163.5369873046875,4.09507022669362,-24.242249297130996,-21.40503445068047,2.9842437825291933e-14,-2.8372148464505567,0.0010986122886701272,-9.999990418975603,8.052106397063232,1.9478840219123879,-1.0255412299752245e-14,5.545212682916526e-15,5.5775725726151464e-15,0.9999990418975603
2,7/1/1,vvw,ponly,7.7874755859375,enforced,LOCALLY_INFEASIBLE,false,infeasible: vuf endbus,,,,,,,,,,,,,,,,,,,,,,,,,,
2,7/1/1,vvw,ponly,7.73040771484375,relaxed,LOCALLY_SOLVED,false,vuf endbus,250.72753515869078,endbus ph1,230.80092222671271,sourcebus ph1,2.5599991596056277,endbus,0.04582359826449238,0.7213670463533325,line1 c1,89.75294852947678,8.599097657430237,158.35933333284254,162.33856201171872,3.97922867887619,-23.78443297332265,-21.01964525439808,2.7607091194310257e-14,-2.7647877189245973,0.0010986122886700032,-9.999990324923333,7.934047393671241,2.065942931252106,-8.636713319053766e-15,4.6885126173463875e-15,4.670195215964024e-15,0.9999990324923334
2,7/1/1,vvw,ponly,7.73040771484375,enforced,LOCALLY_INFEASIBLE,false,infeasible: vuf endbus,,,,,,,,,,,,,,,,,,,,,,,,,,
2,7/1/1,vvw,ponly,7.701873779296875,relaxed,LOCALLY_SOLVED,false,vuf endbus,250.6721417337123,endbus ph1,230.80257509054687,sourcebus ph1,2.5383801622866,endbus,0.04563292060618909,0.7180373488365837,line1 c1,89.37829575703377,8.52297030416719,157.81756842483173,161.73934936523438,3.9217809404026527,-23.555738742941134,-20.82706624147554,2.6655396813477975e-14,-2.7286725014656232,0.0010986122886697603,-9.999990277309982,7.875393752617281,2.1245965246927128,-7.954088043922429e-15,4.328676380526952e-15,4.2858065772836205e-15,0.9999990277309981
2,7/1/1,vvw,ponly,7.701873779296875,enforced,LOCALLY_SOLVED,true,,253.00000122497585,endbus ph3,227.07639995013503,endbus ph2,1.9997736031285784,endbus,0.05840079468335733,0.7182445232377419,line1 c1,118.10436537148335,9.071213740154686,157.68735044819934,161.73934936523438,4.051998917035049,-24.808619866802477,-18.857976694220906,7.337208803990541e-8,-5.950643245953657,0.0010986134672824578,-10.000000045656897,0.863719888469405,9.136280148109954,-3.043519989542118e-8,3.628699755445609e-8,-1.6032775183593243e-9,1.0000000045656896
2,7/1/1,vvw,pq,5.390625,relaxed,LOCALLY_SOLVED,true,,242.23318516730978,endbus ph1,230.92796939481977,sourcebus ph3,1.645332435909578,endbus,0.007691939189642877,0.4387136749827575,line1 c1,14.980378276669123,3.167599290701595,113.01108466307193,113.203125,0.19204033692807876,-2.8090293020119907,-2.8089282390494694,-9.865234120312953e-5,-2.410621318022508e-6,0.0010986123444876328,-9.968618079928794,5.777384702275984,4.191233377652811,0.791344081738458,6.781917825085874,-5.603906447334325,0.9999978593936374
2,7/1/1,vvw,pq,20.0,relaxed,LOCALLY_SOLVED,false,vuf endbus,265.394408036085,endbus ph3,230.1729098202519,sourcebus ph1,8.750375000734987,endbus,0.11363850798934959,1.8766060317369777,line1 c1,237.45249398906955,55.1894977985353,354.88838961262945,419.99999999999994,65.11161038737048,-124.25411169975185,-80.07681435652067,-7.631025868816112,-36.546271474415086,0.0010986122886680327,-9.93037579116745,9.02593591942156,0.9044398717458891,1.1779504065194366,4.304913098842831,-9.959005272658013,0.999999652570059
2,7/1/1,vvw,pq,20.0,enforced,LOCALLY_INFEASIBLE,false,infeasible: vuf endbus,,,,,,,,,,,,,,,,,,,,,,,,,,
2,7/1/1,vvw,pq,12.6953125,relaxed,LOCALLY_SOLVED,false,vuf endbus,254.53950560412235,endbus ph1,230.57859652488807,sourcebus ph1,5.261526590110747,endbus,0.06677072565201266,1.2376654301479388,line1 c1,131.95527625172494,24.012292471192335,247.54034951409096,266.6015625,19.061212985909037,-60.6510264415952,-47.47491800304337,-0.0011497857796182568,-13.174958652772222,0.0010986126304395874,-9.609520328404361,9.768236386517634,-0.15871605811322623,2.767133938688088,2.1404399457105354,-9.998735099248474,0.9999996263203321
2,7/1/1,vvw,pq,12.6953125,enforced,LOCALLY_INFEASIBLE,false,infeasible: vuf endbus,,,,,,,,,,,,,,,,,,,,,,,,,,
2,7/1/1,vvw,pq,9.04296875,relaxed,LOCALLY_SOLVED,false,vuf endbus,250.54902349426814,endbus ph1,230.78458671060068,sourcebus ph1,3.7350893081563488,endbus,0.0431656072633429,0.8772482644635219,line1 c1,83.80533663527763,12.053790085759472,185.16666329037162,189.90234375,4.7356804596284,-28.892037731923686,-24.27457956344806,-3.040001979823143e-12,-4.617458168472581,0.0010986122886681622,-9.98143404562216,7.233401149649697,2.7480328959724627,0.6090431546360586,6.90491081984738,-9.614997872730934,0.9999997958565501
2,7/1/1,vvw,pq,9.04296875,enforced,LOCALLY_INFEASIBLE,false,infeasible: vuf endbus,,,,,,,,,,,,,,,,,,,,,,,,,,
2,7/1/1,vvw,pq,7.216796875,relaxed,LOCALLY_SOLVED,false,vuf endbus,246.85275044457836,endbus ph1,230.88952421658024,sourcebus ph1,2.791695067978088,endbus,0.024997284271949555,0.6634270932129162,line1 c1,49.19508142698602,6.922853680844756,150.04188349191045,151.552734375,1.5108508830895317,-13.31378661408838,-12.214623946312484,-1.6011720442221394e-8,-1.0991626517641768,0.0010986122886680297,-9.993804311583137,6.045654153920255,3.9481501576628824,0.35172343522143185,7.965512176300746,-9.187564212828708,0.9999991699651638
2,7/1/1,vvw,pq,7.216796875,enforced,LOCALLY_SOLVED,true,,248.6659190907545,endbus ph1,230.86071946041147,sourcebus ph1,2.0000212856796438,endbus,0.03306361783259936,0.6595681724673772,line1 c1,64.4520403609684,7.022747377847042,149.15605106291724,151.552734375,2.396683312082737,-17.391628486819272,-15.67091968904136,1.4829632525452466e-14,-1.720708797777925,0.0010986122886680297,-9.946376310205297,4.002948120960758,5.943428189244539,1.0341710298749553,-0.6060334991452776,-8.042055376207436,0.9999995571161306
2,7/1/1,vvw,pq,8.1298828125,relaxed,LOCALLY_SOLVED,false,vuf endbus,248.87834216783995,endbus ph1,230.83852687924178,sourcebus ph1,3.261750772280536,endbus,0.03435994643210488,0.7716949756579732,line1 c1,67.14682074843662,9.323740187770275,167.8198746384031,170.7275390625,2.907664424096912,-20.936842462502163,-18.192582233154937,-2.3585357251877047e-11,-2.7442602293236433,0.0010986122886681034,-9.990535888147004,6.614232884262014,3.3763030038849915,0.43481032592964947,7.500099626938797,-9.412762240557237,0.9999993367592216
2,7/1/1,vvw,pq,8.1298828125,enforced,LOCALLY_SOLVED,true,,251.4865017242378,endbus ph1,229.54766323272926,endbus ph2,2.000021724038352,endbus,0.047223884999434064,0.7629650634611945,line1 c1,93.48950700904084,9.755780480292772,165.82831036467744,170.7275390625,4.899228697822577,-27.423554349041225,-23.776235599944762,1.5798885361531275e-14,-3.647318749096476,0.0010986122886681034,-9.87728092376104,3.574747434002798,6.302533489758242,1.5618113461917464,-6.018010566229651,-7.763870910106924,0.9999996656398793
2,7/1/1,vvw,pq,8.58642578125,relaxed,LOCALLY_SOLVED,false,vuf endbus,249.75959984676783,endbus ph1,230.81180237159947,sourcebus ph1,3.4976236889893104,endbus,0.038768463932731846,0.8247565065281941,line1 c1,75.51388067629546,10.646652050204882,176.54124938063603,180.31494140624997,3.7736920256139506,-24.880033800741515,-21.241014100669286,-3.374311756906098e-12,-3.6390197000688524,0.0010986122886681344,-9.986601276863196,6.9420744077238705,3.044526869139325,0.517370843242673,7.197724632486362,-9.52525293952416,0.9999993882622291
2,7/1/1,vvw,pq,8.58642578125,enforced,LOCALLY_SOLVED,true,,252.71160097164267,endbus ph1,227.76644900040873,endbus ph2,2.000021847359588,endbus,0.05414434353555433,0.8129965098543872,line1 c1,107.89112403596525,11.323863410055312,173.8445026609624,180.31494140624997,6.470438745287566,-32.642176569198675,-27.904023084829216,2.248699603802452e-14,-4.7381534843694855,0.0010986122886681344,-9.822771131803634,3.302056618551783,6.520714513251851,1.874328329841116,-8.80326944797438,-7.581557745729114,0.9999996969791531
2,7/1/1,vvw,pq,8.814697265625,relaxed,LOCALLY_SOLVED,false,vuf endbus,250.1649080243513,endbus ph1,230.7982552100182,sourcebus ph1,3.6161669270781447,endbus,0.04097135711724667,0.8510694083762802,line1 c1,79.66709908688586,11.339876889941957,180.86538903358894,185.10864257812503,4.243253544536096,-26.878149287483843,-22.7597029871144,-2.4035385328089396e-12,-4.118446300367038,0.0010986122886681485,-9.984170044936842,7.091436622864252,2.892733422072591,0.5623436506387611,7.05061617338473,-9.572445224131187,0.9999994093379649
2,7/1/1,vvw,pq,8.814697265625,enforced,LOCALLY_SOLVED,true,,252.99999752635193,endbus ph1,226.01363766658702,endbus ph2,2.000022101313508,endbus,0.06059918868380146,0.8401936831505556,line1 c1,121.76428142402165,12.338385941763631,177.86934905736686,185.10864257812503,7.239293520758161,-35.38356339806261,-29.275929372270447,2.801144897125915e-13,-6.107634025792443,0.0010986122886694082,-9.927540904430362,2.3258490352242003,7.601691869206187,1.201619926359586,-9.666469131267172,-6.4972410427123375,0.9999997942827911
2,7/1/1,vvw,pq,8.9288330078125,relaxed,LOCALLY_SOLVED,false,vuf endbus,250.35946341801042,endbus ph1,230.79143589778937,sourcebus ph1,3.675588266176856,endbus,0.042070157388013604,0.8641755207358869,line1 c1,81.73271460010162,11.694291821182444,183.0188501355047,187.5054931640625,4.486643028557791,-27.88315322182718,-23.517499198306798,-2.5540618621580307e-12,-4.365654023517824,0.0010986122886680778,-9.982849017894138,7.163167669253631,2.8196813486405055,0.5853921791841737,6.977743967118337,-9.59423066472541,0.9999997925875782
2,7/1/1,vvw,pq,8.9288330078125,enforced,LOCALLY_INFEASIBLE,false,infeasible: vuf endbus,,,,,,,,,,,,,,,,,,,,,,,,,,
2,7/1/1,vvw,pq,8.87176513671875,relaxed,LOCALLY_SOLVED,false,vuf endbus,250.2628393277985,endbus ph1,230.7948497302193,sourcebus ph1,3.645864519542273,endbus,0.04152109362524053,0.8576264558471519,line1 c1,80.70100895619191,11.516437027610108,181.94282022647113,186.30706787109372,4.364247644622599,-27.380190876041304,-23.138731641424908,-2.4320472002423986e-12,-4.241459234613967,0.001098612288668113,-9.983514300474504,7.127492016187642,2.856022284286861,0.5738685001291279,7.014166019665844,-9.583462679282032,0.9999994142159252
2,7/1/1,vvw,pq,8.87176513671875,enforced,LOCALLY_SOLVED,true,,252.99999952314593,endbus ph1,225.16996117876644,endbus ph2,2.0000222294014995,endbus,0.06367665854366505,0.8481718158687583,line1 c1,128.42730651678482,12.696484920963403,178.84066167986978,186.30706787109372,7.46640619122394,-36.20226228327727,-29.435991939526684,6.686480243982089e-14,-6.766270343750653,0.0010986122886881356,-9.975275560428933,1.777331033502376,8.19794452692656,0.7027408885097746,-9.738508881236754,-5.726570880426541,0.9999998363143581
2,7/1/1,vvw,pq,8.900299072265625,relaxed,LOCALLY_SOLVED,false,vuf endbus,250.31132029974006,endbus ph1,230.79314413677437,sourcebus ph1,3.6607217170423567,endbus,0.04179570629447588,0.8609018549474942,line1 c1,81.21713008247329,11.605198712138055,182.48100343163068,186.90628051757812,4.4252770859474655,-27.63157709724517,-23.328165273713036,-2.4830275384594265e-12,-4.30341182352965,0.0010986122886680176,-9.983178888910494,7.145363177836324,2.837815711074169,0.5796745571774956,6.995959917302902,-9.588869855638842,0.9999994166009654
2,7/1/1,vvw,pq,8.900299072265625,enforced,LOCALLY_SOLVED,true,,253.00000086213382,endbus ph1,224.63879226661146,endbus ph2,2.00002249448964,endbus,0.06560585011333368,0.852543257668031,line1 c1,132.59408497417803,12.909793258970764,179.29936299629497,186.90628051757812,7.606917521283152,-36.66760538543385,-29.511428332970524,6.309052894480037e-14,-7.1561770524634,0.0010986122891630792,-9.993310026637365,1.4561301568043061,8.537179869833023,0.36571336933124815,-9.789857264290102,-5.207354163844684,0.9999999577849916
2b,3/3/3,vvw,qonly,0.0,relaxed,LOCALLY_SOLVED,true,,230.91364324171468,sourcebus ph1,228.40070175756338,endbus ph2,1.8125913296292377e-14,sourcebus,1.1488164784526057e-18,0.09130611378066177,line1 c1,5.096191308968314e-15,0.18853421783767685,0.0,0.0,0.0,0.0,0.0,0.0,0.0,0.0,2.499786872335274e-7,2.499786872335274e-7,2.4997868720517935e-7,1.6419890695528394,1.6419890695528379,1.6419890695528387,0.16419890695528586
2b,3/3/3,vvw,qonly,20.0,relaxed,LOCALLY_SOLVED,false,therm line1 c3,254.73037914168177,endbus ph3,230.58082956599267,sourcebus ph2,1.4461659236796493e-14,sourcebus,3.307773230420917e-17,1.4462835529419793,line1 c3,2.1409882796163198e-13,48.95399448843412,378.75595734560335,419.99999999999994,41.24404265439661,-131.23486516374797,-43.74495505458265,-43.74495505458263,-43.74495505458268,0.0002753033401438343,2.499786341978769e-7,2.49978634197877e-7,2.4997863419787694e-7,-9.999945568149325,-9.999945568149325,-9.999945568149325,0.9999945568149327
2b,3/3/3,vvw,qonly,10.0,relaxed,LOCALLY_SOLVED,true,,247.71873407241557,endbus ph2,230.9372865092844,sourcebus ph2,7.317956196717563e-12,endbus,7.405178197992919e-14,0.714343743724017,line1 c2,4.397252453059272e-11,11.564530615991588,206.59291073871896,209.99999999999997,3.4070892612810155,-29.25290878021185,-9.750969593389293,-9.750969593412842,-9.75096959340972,0.001098612288667894,2.500075203180362e-7,2.4998668357872993e-7,2.5004319202662555e-7,-0.9459510393097957,-0.9459510393359803,-0.9459510392689676,0.09459510393360135
2b,3/3/3,vvw,qonly,15.0,relaxed,LOCALLY_SOLVED,false,therm line1 c2,252.74692277187998,endbus ph2,230.79031181778967,sourcebus ph2,8.692623403908167e-10,endbus,1.2849435666792377e-11,1.0925242555693315,line1 c2,1.3089963912387776e-8,27.605313666014307,299.67492286584275,315.0,15.325077134157228,-79.68111986316795,-26.56037328559213,-26.56037329028943,-26.560373287286374,0.0010024013645759666,2.3784058660320549e-7,2.5467889050614957e-7,2.5422464866640464e-7,-3.599978749240028,-3.5999787460191404,-3.5999787405996235,0.3599978749240036
2b,3/3/3,vvw,qonly,12.5,relaxed,LOCALLY_SOLVED,true,,250.49206176528656,endbus ph3,230.8714479752524,sourcebus ph3,1.794820349325434e-9,endbus,2.3586081599470206e-11,0.9050308119172567,line1 c3,2.0332469827869254e-8,18.787726930198147,254.1898208162778,262.5,8.31017918372221,-52.27761448712913,-17.425871497763243,-17.42587149086454,-17.42587149850135,0.0010986123098870593,2.536724731558087e-7,2.3773511119034936e-7,2.528121839042842e-7,-2.474541187014329,-2.4745411993210533,-2.4745412003286877,0.24745412003287007
2b,3/3/3,vvw,qonly,13.75,relaxed,LOCALLY_SOLVED,true,,251.67818575877305,endbus ph3,230.8335003146094,sourcebus ph2,1.3086612490224283e-14,sourcebus,4.541372849916699e-17,0.9987091438161266,line1 c1,1.7841121535590108e-13,22.99817723102428,277.1784922970332,288.75,11.571507702966777,-65.12740946015225,-21.70913648671739,-21.70913648671743,-21.709136486717426,0.002223263821032051,2.499904564195823e-7,2.4999045641958237e-7,2.4999045641958226e-7,-3.114707676401648,-3.114707676401624,-3.1147076764016264,0.31147076764016585
2b,3/3/3,vvw,qonly,14.375,relaxed,LOCALLY_SOLVED,false,therm line1 c3,252.22422385687207,endbus ph1,230.8122745354697,sourcebus ph3,1.3818161569840066e-9,endbus,4.966181363831057e-12,1.0457042179303007,line1 c3,1.5534582851848322e-8,25.258122373207115,288.49158133668914,301.875,13.383418663310875,-72.24090925322639,-24.08030308709434,-24.080303080694605,-24.08030308543744,0.0010730849758659915,2.480928755851016e-7,2.5059177128172473e-7,2.538530125880877e-7,-3.3887128141041742,-3.388712820419363,-3.388712825061815,0.3388712825061824
2b,3/3/3,vvw,qonly,14.0625,relaxed,LOCALLY_SOLVED,false,therm line1 c1,251.9541798034451,endbus ph1,230.82302528478647,sourcebus ph3,7.742174893204903e-9,endbus,5.151289531215647e-11,1.0222093766109928,line1 c1,6.335444312077673e-8,24.116896959360325,282.8513410845833,295.3125,12.461158915416704,-68.62352136985763,-22.874507144265703,-22.874507112757904,-22.87450711283401,0.0010928309324977903,3.046416257104364e-7,2.2578818521826858e-7,2.5171650255865894e-7,-3.2615229166134783,-3.2615228935675247,-3.2615229494312294,0.3261522949431239
2b,3/3/3,vvw,qonly,13.90625,relaxed,LOCALLY_SOLVED,false,therm line1 c1,251.81700838571973,endbus ph1,230.8283097163856,sourcebus ph3,9.279825683943394e-9,endbus,9.187046502789056e-11,1.010454632271078,line1 c1,1.312452945571777e-7,23.554514573685097,280.018834256017,292.03125,12.012415743983018,-66.85729812804995,-22.285766067930815,-22.285766027115237,-22.285766033003892,0.0013205320695032843,3.331870090405183e-7,2.25787821050139e-7,2.2589944636093467e-7,-3.190319765141093,-3.190319751928994,-3.190319833439468,0.31903198334394756
2b,3/3/3,vvw,qonly,13.828125,relaxed,LOCALLY_SOLVED,false,therm line1 c3,251.74782195312892,endbus ph2,230.83091861151945,sourcebus ph2,7.634076599677204e-14,endbus,1.038790352925972e-15,1.0045799511287377,line1 c3,2.2565391689229835e-12,23.275549550298184,278.5996071783357,290.390625,11.791017821664296,-65.98755548005599,-21.995851826685126,-21.99585182668573,-21.99585182668512,0.001725347220051244,2.499891684465541e-7,2.499891684465253e-7,2.499891684465375e-7,-3.15296373697347,-3.152963736972901,-3.1529637369740704,0.31529637369740804
2b,3/3/3,vvw,qonly,13.7890625,relaxed,LOCALLY_SOLVED,false,therm line1 c1,251.7130627735512,endbus ph2,230.8322130836889,sourcebus ph2,5.253988767947073e-14,endbus,7.152827843657796e-16,1.0016439729926645,line1 c1,1.602335684094963e-12,23.136658775350163,277.88928073281147,289.5703125,11.681031767188577,-65.55626704254966,-21.852089014182997,-21.85208901418352,-21.85208901418315,0.0019621843362139894,2.499893765069694e-7,2.499893765069323e-7,2.499893765069412e-7,-3.133931411290345,-3.1339314112897108,-3.133931411290524,0.31339314112905337
2b,3/3/3,vvw,qcap,0.0,relaxed,LOCALLY_SOLVED,true,,230.91364789164595,sourcebus ph3,228.40079858747285,endbus ph3,8.297989834250779e-14,endbus,6.458974582595946e-16,0.09130547369682776,line1 c2,1.2777488624121608e-12,0.18853421825769284,0.0,0.0,0.0,0.0,0.0,0.0,0.0,0.0,2.499842258777964e-7,2.499842258777964e-7,2.4998425055123224e-7,1.6424683010856016,1.6424683010855743,1.642468301085902,0.16424683010859212
2b,3/3/3,vvw,qcap,20.0,relaxed,LOCALLY_SOLVED,false,therm line1 c3,255.22274984280602,endbus ph1,230.66472443951255,sourcebus ph2,1.72922957232497e-14,endbus,5.786779966946359e-17,1.3786765403920342,line1 c3,3.4777642693350743e-13,42.21196065510647,368.0545714829647,419.99999999999994,51.94542851703523,-136.95595776175878,-45.651985920586284,-45.6519859205862,-45.651985920586306,0.0001552201728338698,2.4999375737881436e-7,2.4999375737881436e-7,2.4999375737881436e-7,2.2728570353451595e-5,2.272857035345164e-5,2.2728570353451652e-5,2.2729945164705735e-6
2b,3/3/3,vvw,qcap,10.0,relaxed,LOCALLY_SOLVED,true,,247.85583414503213,endbus ph1,230.94478759580298,sourcebus ph1,2.8123574583376055e-10,endbus,3.614193182006237e-12,0.7120718327362467,line1 c1,6.371580965059194e-9,11.441978499998974,206.46613452533794,209.99999999999997,3.5338654746620346,-29.822536315368335,-9.940845439622233,-9.940845437516572,-9.940845438229529,0.001098612288667894,2.509501308821313e-7,2.4925527797238923e-7,2.497317860784454e-7,0.0016334889175009973,0.0016334893479365725,0.0016334892364015428,0.00016334893669535906
2b,3/3/3,vvw,qcap,15.0,relaxed,LOCALLY_SOLVED,false,therm line1 c2,253.17982810343383,endbus ph3,230.81635767491377,sourcebus ph1,4.614165605191711e-12,endbus,6.95460859837802e-14,1.0797609340267145,line1 c2,1.5709628503409713e-10,26.53462924470449,298.5535117385677,315.0,16.446488261432314,-82.8349525033334,-27.61165083444894,-27.611650834416746,-27.611650834467703,0.000942042150610852,2.499883758707853e-7,2.499883758701113e-7,2.499883758701797e-7,0.000355368911041111,0.00035536889520178884,0.00035536897338455314,3.5536906131313585e-5
2b,3/3/3,vvw,qcap,12.5,relaxed,LOCALLY_SOLVED,true,,250.8197475959591,endbus ph1,230.89057155044716,sourcebus ph1,2.054399403698967e-9,endbus,2.7395381258776536e-11,0.8973330092422348,line1 c1,5.3517274816619915e-8,18.26158527978462,253.63730054228677,262.5,8.86269945771323,-53.987951282367284,-17.995983769465866,-17.99598374974509,-17.995983763156328,0.0010986124850395074,2.993952101569513e-7,2.424576104699036e-7,2.2786403564599092e-7,0.0004763195314561292,0.00047631957701127487,0.000476319392763378,4.7631963871951856e-5
2b,3/3/3,vvw,qcap,13.75,relaxed,LOCALLY_SOLVED,true,,252.070425444085,endbus ph1,230.85662583289238,sourcebus ph1,2.2787562607458182e-11,endbus,3.2092682270848217e-13,0.9883807014806916,line1 c1,5.436420324236906e-10,22.2067382386673,276.3471365787032,288.75,12.40286342129675,-67.62125808270028,-22.540419360990814,-22.540419360796722,-22.540419360912747,0.001092782724801854,2.501438738204545e-7,2.4991703100780465e-7,2.4989644211647004e-7,0.00039199235682927893,0.0003919923480736635,0.00039199233763476425,3.919924366419974e-5
2b,3/3/3,vvw,qcap,14.375,relaxed,LOCALLY_SOLVED,false,therm line1 c1,252.64063881618276,endbus ph1,230.83695742818668,sourcebus ph1,2.407031347351989e-11,endbus,3.4725451638996813e-13,1.0341319012965056,line1 c1,6.481175556115608e-10,24.32548103989383,287.5130812080087,301.875,14.361918791991313,-75.1291965906105,-25.043065530294324,-25.043065530081286,-25.043065530234887,0.0010381971665190223,2.5027497636552185e-7,2.4991703715135727e-7,2.500152164517102e-7,0.00037033337039328644,0.0003703333811247292,0.0003703333871182154,3.703334715119043e-5
2b,3/3/3,vvw,qcap,14.0625,relaxed,LOCALLY_SOLVED,false,therm line1 c1,252.35962645791454,endbus ph1,230.8469381618107,sourcebus ph1,2.181514666120612e-11,endbus,3.4117973617613834e-13,1.0112612989081822,line1 c1,6.774480908980604e-10,23.254508467524186,281.9458912226559,295.3125,13.36660877734408,-71.34140624127643,-23.780468747180926,-23.780468746953968,-23.78046874714153,0.001071452251027141,2.497713644141622e-7,2.4991703440906524e-7,2.4999244137729176e-7,0.00038001546013464554,0.0003800154734912238,0.00038001547746611297,3.800155596946243e-5
2b,3/3/3,vvw,qcap,13.90625,relaxed,LOCALLY_SOLVED,true,,252.21609268369204,endbus ph1,230.85182640521555,sourcebus ph1,1.5628678473863592e-11,endbus,4.180681401078929e-13,0.9998193866257092,line1 c1,4.260725594303253e-10,22.727647964180974,279.15043450472564,292.03125,12.880815495274378,-69.47051551052323,-23.156838503607023,-23.156838503403183,-23.15683850351303,0.0010837259327700756,2.500045938327834e-7,2.4991703249652466e-7,2.49798242384862e-7,0.00038566031206516637,0.0003856603060551864,0.00038566029973907825,3.8566039309799295e-5
2b,3/3/3,vvw,qcap,13.984375,relaxed,LOCALLY_SOLVED,false,therm line1 c1,252.2881197284811,endbus ph1,230.84939213336963,sourcebus ph1,2.037186979484279e-11,endbus,3.29076302489231e-13,1.0055404053983727,line1 c1,7.009736070064816e-10,22.99034625993758,280.5491486987965,293.671875,13.122726301203524,-70.40363752406091,-23.467879174749733,-23.46787917454597,-23.467879174765216,0.0010779733189136274,2.4996586460167994e-7,2.499170336968883e-7,2.498873696536769e-7,0.00038275947118935797,0.0003827594895840399,0.00038275949435455673,3.827595759249577e-5
2b,3/3/3,vvw,qcap,13.9453125,relaxed,LOCALLY_SOLVED,false,therm line1 c1,252.2521719818391,endbus ph1,230.85061186880188,sourcebus ph1,2.3602271937775585e-11,endbus,3.674707144639774e-13,1.0026798607804492,line1 c1,6.860819294279053e-10,22.85881280316146,279.85003752680217,292.8515625,13.001524973197798,-69.93645403223415,-23.312151344168537,-23.312151343949253,-23.312151344116362,0.0010809476118476343,2.50017336026278e-7,2.4991703286084915e-7,2.498554599302977e-7,0.0003841893480682181,0.0003841893487463904,0.0003841893403942776,3.8418943003250225e-5
2b,3/3/3,vvw,ponly,0.0,relaxed,LOCALLY_SOLVED,true,,230.8976733381301,sourcebus ph1,228.0669179845827,endbus ph1,1.5509690463795513e-14,sourcebus,9.352804657343426e-17,0.09561615805840118,line1 c1,1.8475591546800048e-13,0.20673883136183346,0.0,0.0,0.0,0.0,0.0,0.0,0.0,0.0,-3.064958982835882e-14,1.2865970665634137e-14,1.778330814043799e-14,-5.653086745685267e-22,-5.651350300726374e-22,-5.654045682441446e-22,3.064958982835883e-15
2b,3/3/3,vvw,ponly,20.0,relaxed,LOCALLY_SOLVED,false,therm line1 c1,255.2227487220231,endbus ph3,230.66472425022448,sourcebus ph1,1.3510051320118229e-14,endbus,2.4291658285351e-17,1.3786766891642477,line1 c1,1.8201531888372282e-13,42.21197477154363,368.0545958505179,419.99999999999994,51.94540414948206,-136.9559449298571,-45.65198164328569,-45.65198164328569,-45.65198164328571,0.0001552203888084691,3.6773284765687844e-14,-5.1425185589113483e-14,1.8523445582329946e-14,6.0453477336564775e-16,6.045347733269541e-16,6.045347732953208e-16,5.142873880591402e-15
2b,3/3/3,vvw,ponly,10.0,relaxed,LOCALLY_SOLVED,true,,247.8555980094494,endbus ph1,230.94477466818864,sourcebus ph1,1.6211273453903534e-14,sourcebus,6.109593960133192e-17,0.71207566791997,line1 c1,1.168984866679556e-13,11.442183549379283,206.46635419664852,209.99999999999997,3.533645803351426,-29.82155610385398,-9.94051870128466,-9.940518701284645,-9.940518701284669,0.001098612288664702,1.25215084349044e-14,6.032967560543812e-15,-1.2921351183363434e-14,6.211468190354156e-16,6.211468191072414e-16,6.211468191016011e-16,1.2936272251877187e-15
2b,3/3/3,vvw,ponly,15.0,relaxed,LOCALLY_SOLVED,false,therm line1 c1,253.1797858603194,endbus ph1,230.8163551011303,sourcebus ph1,4.573528538591829e-8,endbus,5.359145881684045e-10,1.07976217420365,line1 c1,1.085384221544285e-6,26.534730904239574,298.5536237121185,315.0,16.44637628788148,-82.83464409282664,-27.611548282736532,-27.611547949923178,-27.611547860166937,0.0009420486596560067,2.423796214719778e-7,1.1566788230309409e-7,-3.5804749217014945e-7,1.4619138597091724e-15,1.461717160260243e-15,1.4617365215452024e-15,3.580474921701495e-8
2b,3/3/3,vvw,ponly,12.5,relaxed,LOCALLY_SOLVED,true,,250.81968489739052,endbus ph3,230.89056787276547,sourcebus ph1,1.549898597953894e-14,mid2,4.389659956084193e-17,0.8973344539129255,line1 c2,1.0041771456358439e-13,18.261682407411755,253.63740806440015,262.5,8.86259193559984,-53.987624056907045,-17.995874685635684,-17.995874685635677,-17.995874685635687,0.0010986124849554635,1.226916299319372e-16,8.421069165664154e-15,5.711538341526016e-16,1.0758854509900846e-15,1.0758854508459597e-15,1.075885450850535e-15,8.489519149883673e-16
2b,3/3/3,vvw,ponly,13.75,relaxed,LOCALLY_SOLVED,true,,252.07037651932995,endbus ph1,230.85662294071022,sourcebus ph1,2.6222848698488387e-14,endbus,1.5057409353959901e-16,0.9883819664123857,line1 c1,4.571526314808544e-13,22.2068336232728,276.34724226078345,288.75,12.402757739216552,-67.6209415425124,-22.540313847504223,-22.54031384750401,-22.540313847504155,0.0010927844669902677,1.6298681329527743e-13,-2.9185376143215046e-14,-1.2336628676269863e-13,1.2662923798656308e-15,1.2662923613543786e-15,1.2662923982011249e-15,1.6299173231959016e-14
2b,3/3/3,vvw,ponly,14.375,relaxed,LOCALLY_SOLVED,false,therm line1 c1,252.64059368814904,endbus ph1,230.83695473305653,sourcebus ph2,1.3624609696259191e-14,mid2,7.153062798987519e-17,1.0341331409146635,line1 c1,2.460549730211783e-13,24.325578902185228,287.51318937260777,301.875,14.361810627392257,-75.1288830876605,-25.042961029220162,-25.042961029220145,-25.042961029220194,0.001038201656877832,9.511208221486001e-15,1.581074563143655e-14,-1.42704470862216e-14,1.3625081004534969e-15,1.362508100388337e-15,1.3625081005969118e-15,1.5869344842986233e-15
2b,3/3/3,vvw,ponly,14.0625,relaxed,LOCALLY_SOLVED,false,therm line1 c1,252.35957961719333,endbus ph1,230.84693538331965,sourcebus ph1,1.3710641420130915e-14,endbus,8.173473053299953e-17,1.0112625458003182,line1 c1,1.8994837256455675e-13,23.25460483391563,281.9459978877805,295.3125,13.366502112219525,-71.34109007443824,-23.78036335814608,-23.78036335814607,-23.780363358146094,0.0010714554806467744,1.3356140538264831e-15,1.611255512236151e-14,-6.70101592033028e-15,1.3143658801051513e-15,1.3143658800957638e-15,1.3143658801187197e-15,1.6166075288637562e-15
2b,3/3/3,vvw,ponly,13.90625,relaxed,LOCALLY_SOLVED,true,,252.2160448585894,endbus ph1,230.85182357497672,sourcebus ph1,1.467143268269626e-11,endbus,1.7621607358061364e-13,0.9998206406659859,line1 c1,3.5603125722714463e-10,22.727743756700207,279.15054059495617,292.03125,12.880709405043866,-69.47019864422458,-23.156732881489905,-23.15673288137028,-23.156732881364395,0.0010837284580345675,8.922327569650183e-11,1.8076374605218144e-11,-1.0728905890863218e-10,1.2902302263991604e-15,1.2902202285238802e-15,1.2902285510556552e-15,1.0728905891639013e-11
2b,3/3/3,vvw,ponly,13.984375,relaxed,LOCALLY_SOLVED,false,therm line1 c3,252.28807240842534,endbus ph3,230.84938933009565,sourcebus ph2,3.976471476220092e-13,endbus,4.69226896654022e-15,1.0055416554698857,line1 c3,9.381884352272299e-12,22.99044232114585,280.54925505815345,293.671875,13.122619941846603,-70.40332091267605,-23.467773637556512,-23.467773637559443,-23.467773637560104,0.0010779762040354895,-2.1210347786395784e-12,-8.568311062474669e-13,2.988535351029575e-12,1.3022762192263249e-15,1.3022768922353542e-15,1.3022763373236933e-15,2.9885356347678244e-13
2b,3/3/3,vvw,ponly,13.9453125,relaxed,LOCALLY_SOLVED,false,therm line1 c1,252.25212441265288,endbus ph1,230.85060905234116,sourcebus ph1,1.7038472243884888e-12,endbus,2.0400925334033672e-14,1.0026811127282842,line1 c1,4.1259687364399783e-11,22.85890872515332,279.8501437466745,292.8515625,13.001418753325433,-69.93613726567143,-23.312045755233278,-23.31204575522003,-23.312045755218136,0.0010809503191671196,9.696132468245916e-12,3.118777705411637e-12,-1.2804279648811497e-11,1.2962284689624748e-15,1.2962255874885108e-15,1.2962280963888335e-15,1.2804279714422658e-12
2b,3/3/3,vvw,pq,0.0,relaxed,LOCALLY_SOLVED,true,,230.91364371532524,sourcebus ph1,228.40071148846266,endbus ph1,1.8280113848694838e-14,sourcebus,7.698609538931604e-18,0.09130605194788773,line1 c1,1.8617357601700254e-14,0.18853423685280407,0.0,0.0,0.0,0.0,0.0,0.0,0.0,0.0,-1.713352203830381e-14,1.6270024880216932e-14,8.571045051471922e-16,1.6420379696272573,1.6420379696272525,1.6420379696272807,0.16420379696272808
2b,3/3/3,vvw,pq,20.0,relaxed,LOCALLY_SOLVED,false,therm line1 c1,254.73037851363043,endbus ph1,230.58082950517465,sourcebus ph2,1.615564826737264e-14,endbus,7.507957280560143e-17,1.4462835971735812,line1 c1,2.39222690804047e-13,48.95399927131779,378.7559664335673,419.99999999999994,41.24403356643263,-131.23486009232826,-43.74495336410941,-43.74495336410939,-43.744953364109435,0.00027530377694651165,7.314826234104197e-15,-1.6056125760420734e-15,-5.753404098661863e-15,-9.999952687022477,-9.999952687022477,-9.999952687022477,0.9999952687022476
2b,3/3/3,vvw,pq,10.0,relaxed,LOCALLY_SOLVED,true,,247.71871905827356,endbus ph1,230.9372856968889,sourcebus ph2,1.555454729191812e-14,mid2,4.4093459115965404e-17,0.7143439908920832,line1 c2,1.5094060478935316e-13,11.564544109301577,206.59292440682603,209.99999999999997,3.407075593173925,-29.2528464580378,-9.750948819345934,-9.750948819345917,-9.750948819345947,0.0010986122886680327,-1.2264709177128118e-14,5.521631479325712e-15,7.305175263771487e-15,-0.9460537189521518,-0.9460537189521661,-0.9460537189521581,0.0946053718952166
2b,3/3/3,vvw,pq,15.0,relaxed,LOCALLY_SOLVED,false,therm line1 c2,252.7469317303391,endbus ph1,230.7903123551671,sourcebus ph1,1.7985953527583705e-14,mid2,4.966487618898663e-17,1.0925239866462133,line1 c2,1.8330148219678897e-13,27.605290667541894,299.6749001737075,315.0,15.32509982629251,-79.68118516755527,-26.560395055851753,-26.56039505585174,-26.56039505585178,0.0010024002371015566,-7.789500662451074e-15,2.555760767845894e-14,-1.7326909155471953e-14,-3.599904575934158,-3.599904575934132,-3.599904575934128,0.3599904575934158
2b,3/3/3,vvw,pq,12.5,relaxed,LOCALLY_SOLVED,true,,250.4920683626135,endbus ph2,230.87144836249604,sourcebus ph2,1.4914294997568206e-14,mid1,8.631304327701282e-17,0.9050306506472102,line1 c2,1.7494117432331212e-13,18.78771576284771,254.18980989527702,262.5,8.310190104722981,-52.27764893748873,-17.425882979162914,-17.425882979162903,-17.42588297916292,0.0010986123098878364,-1.2576574338730089e-14,2.977926244273483e-14,-1.6694576841282018e-14,-2.4744912262222183,-2.474491226222209,-2.474491226222198,0.24744912262222182
2b,3/3/3,vvw,pq,13.75,relaxed,LOCALLY_SOLVED,true,,251.67819573957712,endbus ph2,230.83350090541322,sourcebus ph2,1.3169001097542487e-14,mid1,6.289921818200879e-17,0.9987088733209619,line1 c2,1.5056857264519784e-13,22.99815624004154,277.17847158596766,288.75,11.571528414032306,-65.12747146385685,-21.70915715461896,-21.70915715461894,-21.709157154618953,0.002223206844849446,-1.0229735804728288e-14,3.009706043248901e-14,-1.9117184741886877e-14,-3.114628826961712,-3.1146288269616873,-3.114628826961694,0.31146288269617123
2b,3/3/3,vvw,pq,14.375,relaxed,LOCALLY_SOLVED,false,therm line1 c1,252.22423298255765,endbus ph3,230.81227507579038,sourcebus ph2,1.680618249056845e-14,mid1,1.3232350802552579e-17,1.0457039587205943,line1 c1,7.527870448628464e-14,25.25810110711938,288.49156035867145,301.875,13.383439641328598,-72.2409723411412,-24.080324113713733,-24.080324113713726,-24.080324113713754,0.0010730843500827015,1.2475882721419568e-14,-6.471787866615612e-15,-5.44584364852487e-15,-3.3886388586980334,-3.388638858698017,-3.388638858698023,0.3388638858698033
2b,3/3/3,vvw,pq,14.0625,relaxed,LOCALLY_SOLVED,false,therm line1 c1,251.9541889518103,endbus ph1,230.82302582624263,sourcebus ph1,1.326752842362058e-14,endbus,8.252111144056777e-17,1.0222091222026182,line1 c1,2.0173822500385854e-13,24.116876642815306,282.8513210686458,295.3125,12.461178931354189,-68.62358206853139,-22.874527356177136,-22.87452735617712,-22.87452735617715,0.0010928305980988126,2.3515698776823268e-14,-4.472902430641749e-15,-1.8453068700635373e-14,-3.2614495275159765,-3.2614495275159556,-3.2614495275159925,0.32614495275159927
2b,3/3/3,vvw,pq,13.90625,relaxed,LOCALLY_SOLVED,false,therm line1 c1,251.81701864028906,endbus ph3,230.82831032324088,sourcebus ph2,1.5414516218167153e-14,mid2,2.5866702435348012e-17,1.0104543508061974,line1 c1,1.4576451205879316e-13,23.55449241854366,280.01881238911557,292.03125,12.012437610884463,-66.85736417524055,-22.285788058413512,-22.285788058413498,-22.28578805841354,0.0013204924378494953,-1.331065901810936e-15,-1.6118758251956e-15,3.714560511206462e-15,-3.1902381174735366,-3.190238117473534,-3.1902381174735344,0.31902381174735367
2b,3/3/3,vvw,pq,13.828125,relaxed,LOCALLY_SOLVED,false,therm line1 c1,251.74783212547516,endbus ph1,230.83091921289167,sourcebus ph2,1.6125821543905857e-14,endbus,6.224053843386011e-17,1.0045796742006636,line1 c1,1.4500995771267656e-13,23.275527884177848,278.5995857938923,290.390625,11.791039206107712,-65.98761981145837,-21.995873270486126,-21.995873270486104,-21.99587327048614,0.001725298869185911,1.7445922827699705e-14,-3.6858249889850406e-16,-1.631305443873547e-14,-3.1528831115028524,-3.152883111502838,-3.1528831115028444,0.3152883111502852
2b,3/3/3,vvw,pq,13.7890625,relaxed,LOCALLY_SOLVED,false,therm line1 c1,251.71307283106592,endbus ph1,230.83221367865556,sourcebus ph1,1.98363793464003e-14,endbus,5.811743073735966e-17,1.0016436997994635,line1 c1,1.5659732065513958e-13,23.136637488024217,277.8892597262886,289.5703125,11.681052773711409,-65.55633008835161,-21.85211002945054,-21.85211002945052,-21.852110029450547,0.0019621317775373112,1.0248038721126741e-14,9.13522439521427e-15,-1.8625166001712255e-14,-3.1338518245613476,-3.133851824561335,-3.133851824561356,0.3133851824561356
2b,4/3/2,vvw,qonly,0.0,relaxed,LOCALLY_SOLVED,true,,230.92012225798072,sourcebus ph3,227.54583649621645,endbus ph1,0.23804944336063275,endbus,0.0015774554242608792,0.104201663808355,line1 c1,3.1106738304885515,0.1969890845776145,0.0,0.0,0.0,0.0,0.0,0.0,0.0,0.0,2.4997868618360764e-7,2.499786862169176e-7,2.4997868714158507e-7,2.3615816559557596,0.9140631741917171,1.6518870898232452,0.23615816559557726
2b,4/3/2,vvw,qonly,20.0,relaxed,LOCALLY_SOLVED,false,therm line1 c1,255.64353526530286,endbus ph1,230.44201942087432,sourcebus ph1,2.857116524057265,endbus,0.023378661350792584,1.5551363646898546,line1 c1,45.70282043344272,48.12229888425693,375.30856009336844,420.0,44.6914399066316,-132.43255035420418,-55.28512156155476,-42.16485970711597,-34.982569085533434,0.0004736226645372932,2.499936628365853e-7,2.4999374436877523e-7,2.4999367808966567e-7,-9.999820517258348,-1.544853676985259,-9.99999119686598,0.9999991196865983
2b,4/3/2,vvw,qonly,10.0,relaxed,LOCALLY_SOLVED,false,vuf endbus,248.68838197759965,endbus ph1,230.85748902797008,sourcebus ph1,2.121312451419178,endbus,0.013472300996861454,0.8225170734894187,line1 c1,27.83939373376318,12.191120252974477,206.43284624964826,210.0,3.567153750351748,-29.636973496113555,-13.804477434058837,-9.64770005491885,-6.184796007135869,0.001098612288668449,2.49986399691824e-7,2.499863825611763e-7,2.4998635742894145e-7,-4.973539998126724,8.942338753863377,-6.463902674042671,0.894233875386338
2b,4/3/2,vvw,qonly,5.0,relaxed,LOCALLY_SOLVED,true,,241.71632507427458,endbus ph1,230.96702480234265,sourcebus ph3,0.8791669169194618,endbus,0.0019562257486498962,0.36608524000741816,line1 c1,4.168588749412843,2.4127311124889466,104.8670950067925,105.0,0.13290499320750548,-1.2764344760793411,-1.1442167184663505,-0.13221775761289314,-9.769756624458086e-14,0.0010986122886681715,2.407440207898205e-7,2.514854117859651e-7,2.4513598923690224e-7,1.11169248707176,5.182276387369691,-0.6710376136710514,0.5182276387369698
2b,4/3/2,vvw,qonly,7.5,relaxed,LOCALLY_SOLVED,true,,245.4318777093451,endbus ph1,230.93363743899732,sourcebus ph1,1.6027142738872453,endbus,0.00846566449863486,0.5967435640078265,line1 c1,17.555180856287027,6.386978278363861,156.59603432276242,157.49999999999997,0.9039656772375615,-10.874052048865583,-5.916951670845977,-3.466998492079871,-1.4901018859397364,0.0010986629780050199,2.49985986188483e-7,2.4998598443175834e-7,2.4998598236358393e-7,-2.4929513553326785,8.153933190055845,-3.2370126040633314,0.8153933190055849
2b,4/3/2,vvw,qonly,8.75,relaxed,LOCALLY_SOLVED,true,,247.11665816330935,endbus ph1,230.89812854694176,sourcebus ph1,1.886919245252481,endbus,0.011348853266746717,0.7106245787987806,line1 c1,23.426276885211493,9.063831339961693,181.79491716132338,183.75,1.955082838676625,-19.645111838884365,-9.585921411990999,-6.362415127360453,-3.6967752995329173,0.0010986122886685087,2.499843676333723e-7,2.499843552203965e-7,2.4998434122802295e-7,-3.844850190794221,8.823840171222567,-4.681498102589363,0.8823840171222571
2b,4/3/2,vvw,qonly,9.375,relaxed,LOCALLY_SOLVED,true,,247.91668340706735,endbus ph1,230.87803636542955,sourcebus ph1,2.008749840520779,endbus,0.012489357287142342,0.7669372373344056,line1 c1,25.77527497259347,10.575287117907097,194.18976650020437,196.875,2.685233499795636,-24.492354821262737,-11.630407316844032,-7.947684501259469,-4.914263003159233,0.0010986122886684768,2.499874099956344e-7,2.4998739549681617e-7,2.4998737684429284e-7,-4.473494821660771,8.884094568814618,-5.56253577864635,0.8884094568814621
2b,4/3/2,vvw,qonly,9.6875,relaxed,LOCALLY_SOLVED,false,vuf endbus,248.30712623356803,endbus ph1,230.86783068312346,sourcebus ph1,2.0656943449990037,endbus,0.012985786138667776,0.7948120806787483,line1 c1,26.817026261529566,11.370394102189785,200.33023214924324,203.43750000000003,3.1072678507567897,-27.027812753016846,-12.703635136621527,-8.784702704118667,-5.539474912276651,0.0010986122886683907,2.4998429253091223e-7,2.4998427753975515e-7,2.499842569669341e-7,-4.736512696722298,8.908126786364639,-6.0198110930620246,0.8908126786364642
2b,4/3/2,vvw,qonly,9.53125,relaxed,LOCALLY_SOLVED,false,vuf endbus,248.1129753392328,endbus ph1,230.87294761789676,sourcebus ph1,2.0374276282760473,endbus,0.012740191593958533,0.7808970445486614,line1 c1,26.301010435895417,10.969622599965092,197.26476348783515,200.15625,2.8914865121648425,-25.750701513552045,-12.163336763270419,-8.36269719820082,-5.224667552080804,0.0010986122886683604,2.4998427299182736e-7,2.4998425819783763e-7,2.499842385674448e-7,-4.608732176152978,8.894971313133688,-5.7920496429696895,0.8894971313133692
2b,4/3/2,vvw,qonly,9.453125,relaxed,LOCALLY_SOLVED,false,vuf endbus,248.0150814724821,endbus ph1,230.87549514431,sourcebus ph1,2.0231474960698765,endbus,0.012615670242781672,0.7739228976890704,line1 c1,26.039782347730057,10.771647845685479,195.72845896291744,198.51562499999994,2.7871660370825113,-25.11916963432434,-11.895913356092036,-8.15428508397597,-5.068971194256331,0.001098612288668418,2.499842815654594e-7,2.49984266483519e-7,2.499842468208107e-7,-4.542112644125389,8.889301072189545,-5.6773703836550125,0.8889301072189548
2b,4/3/2,vvw,qonly,9.4140625,relaxed,LOCALLY_SOLVED,false,vuf endbus,247.96594297174872,endbus ph1,230.87676652877815,sourcebus ph1,2.015964557094672,endbus,0.012552771770353808,0.7704315195379763,line1 c1,25.907998375159686,10.673265059244502,194.95941116767906,197.6953125,2.7359013323209114,-24.805173323893342,-11.762915238863373,-8.050756119774693,-4.991501965255274,0.001098612288668521,2.4998746119723663e-7,2.499874466413669e-7,2.4998742774307237e-7,-4.508059339171027,8.886654621135984,-5.619950446705036,0.8886654621135988
2b,4/3/2,vvw,qcap,0.0,relaxed,LOCALLY_SOLVED,true,,230.92012464324858,sourcebus ph3,227.54586366361775,endbus ph1,0.23804610769850273,endbus,0.0015775405306138067,0.10420151972798603,line1 c1,3.1108426291615636,0.1969890872501337,0.0,0.0,0.0,0.0,0.0,0.0,0.0,0.0,2.4999408889884763e-7,2.499940895016148e-7,2.499941134002305e-7,2.3618111903760703,0.9143427747352101,1.652131965297262,0.23618111903760836
2b,4/3/2,vvw,qcap,20.0,relaxed,LOCALLY_SOLVED,false,therm line1 c1,256.39372117788196,endbus ph1,230.5187260219866,sourcebus ph1,2.647493452322208,endbus,0.02323873534978261,1.4565303924533262,line1 c1,45.44521757620599,43.17038052772809,367.3133575856198,420.0,52.68664241438019,-136.5452680545783,-58.581130719993624,-42.13403822777319,-35.83009910681149,0.0002618718934478681,2.4999405906414505e-7,2.499940616603363e-7,2.499940595696407e-7,2.8318724644069924e-5,4.552241330726489e-5,1.2940093852724388e-5,4.552309974450678e-6
2b,4/3/2,vvw,qcap,10.0,relaxed,LOCALLY_SOLVED,true,,250.0806898097528,endbus ph1,230.88390354930343,sourcebus ph1,1.9810089990236617,endbus,0.01563012497238736,0.8049710613338066,line1 c1,31.67148552571958,11.655112365385573,205.74089308854911,210.0,4.259106911450905,-32.19015787240874,-16.113062423674794,-8.790637169018234,-7.2864582797157045,0.0010986122886680327,2.499953612458244e-7,2.499953609521301e-7,2.4999535839410573e-7,5.542859158989567e-5,9.999930272723724,2.3060593132186645e-5,0.9999930272723725
2b,4/3/2,vvw,qcap,15.0,relaxed,LOCALLY_SOLVED,false,vuf endbus,254.57076092844991,endbus ph1,230.70976018243732,sourcebus ph1,2.5314068072405935,endbus,0.022477453864210357,1.1859034088524234,line1 c1,43.945611592555125,25.993794369951335,294.71229312640213,314.99999999999994,20.28770687359782,-83.8986217969209,-37.024831572032454,-24.83494793810781,-22.038842286780657,0.0009936342019621163,2.49988266768501e-7,2.4998826682344555e-7,2.4998826668085693e-7,9.751326166077466e-6,9.999984305769077,2.268483833453085e-5,0.9999984305769081
2b,4/3/2,vvw,qcap,12.5,relaxed,LOCALLY_SOLVED,false,vuf endbus,253.0540336280028,endbus ph1,230.7973697182704,sourcebus ph1,2.3792543248145517,endbus,0.02099458433245071,1.0110022432829269,line1 c1,42.06196420470095,18.50964526239429,252.50672918454762,262.5,9.993270815452382,-56.50646964002806,-26.79687050175033,-15.63400651101723,-14.075592627260491,0.0010986577814703358,2.49987970653344e-7,2.499879707303161e-7,2.4998796879707586e-7,0.00015658904095393583,9.999862514848568,4.599251258140324e-5,0.9999862514848571
2b,4/3/2,vvw,qcap,11.25,relaxed,LOCALLY_SOLVED,false,vuf endbus,251.6792784726228,endbus ph1,230.84263642154212,sourcebus ph1,2.180636366690764,endbus,0.01839385266209933,0.908852365985689,line1 c1,37.0489396856628,14.9027905021782,229.42457929208945,236.25000000000003,6.82542070791059,-43.923438888335085,-21.341728064457723,-12.054064008762323,-10.527646815115046,0.0010986122887541366,2.499873947922433e-7,2.499874183321507e-7,2.4998731184872237e-7,0.00020218034900377146,9.999732405148617,5.3524736011918077e-5,0.999973240514862
2b,4/3/2,vvw,qcap,10.625,relaxed,LOCALLY_SOLVED,false,vuf endbus,250.91069025964728,endbus ph1,230.863812797757,sourcebus ph1,2.080945748474056,endbus,0.017032320125438465,0.8571445333562341,line1 c1,34.4043863199638,13.23346955233792,217.66003492130764,223.12499999999997,5.464965078692341,-37.94180698641993,-18.69547176026686,-10.379877836563123,-8.866457389589945,0.001098612288668294,2.4999547515051557e-7,2.499954751882801e-7,2.4999547361711234e-7,5.3346379539739135e-5,9.999939080349463,2.0663925063364772e-5,0.9999939080349467
2b,4/3/2,vvw,qcap,10.3125,relaxed,LOCALLY_SOLVED,false,vuf endbus,250.50376743993513,endbus ph1,230.87400053114771,sourcebus ph1,2.031002657841313,endbus,0.016336223390860518,0.8311176471247067,line1 c1,33.04890388740366,12.432834846694666,211.72003331078915,216.5625,4.842466689210845,-35.03578334950127,-17.395742503464703,-9.57424126507436,-8.065799580962207,0.0010986122886681002,2.4999528874116595e-7,2.499952886605893e-7,2.499952867428122e-7,5.4160771085521256e-5,9.99993516074633,2.1786050111295655e-5,0.9999935160746334
2b,4/3/2,vvw,qcap,10.15625,relaxed,LOCALLY_SOLVED,true,,250.29429985494048,endbus ph1,230.878988505941,sourcebus ph1,2.0060114851744832,endbus,0.01598440540334579,0.8180595405258552,line1 c1,32.362910185326,12.04109890846181,208.73538830418013,213.28125,4.545861695819875,-33.60523310867581,-16.752196754525077,-9.179637159948415,-7.673399194202311,0.001098612288668067,2.499953300477626e-7,2.499953298779838e-7,2.4999532767841476e-7,5.473613013257811e-5,9.999932851069198,2.2401857667075182e-5,0.9999932851069202
2b,4/3/2,vvw,qcap,10.234375,relaxed,LOCALLY_SOLVED,false,vuf endbus,250.39954484432704,endbus ph1,230.87650352302046,sourcebus ph1,2.018508582487782,endbus,0.01616062510782159,0.8245923619873524,line1 c1,32.70659020086136,12.236249536598804,210.2289378170664,214.92187499999997,4.692937182933576,-34.31859756970389,-17.07342774890555,-9.376244650930868,-7.868925169867475,0.0010986122886680158,2.4999531188416547e-7,2.4999531175871115e-7,2.4999530970629013e-7,5.44339410398719e-5,9.999934036726344,2.2088956114994465e-5,0.9999934036726348
2b,4/3/2,vvw,qcap,10.1953125,relaxed,LOCALLY_SOLVED,false,vuf endbus,250.34705096729255,endbus ph1,230.87774827943755,sourcebus ph1,2.0122604004683837,endbus,0.016072592605816158,0.8213268968184442,line1 c1,32.53492051059897,12.138494720409089,209.48247033314397,214.1015625,4.619092166856031,-33.9614347251005,-16.912675603082008,-9.277766517943821,-7.770992604074675,0.0010986122886681093,2.4999532219245283e-7,2.499953220477215e-7,2.499953199253986e-7,5.4581416824235485e-5,9.999933452494556,2.224411378987036e-5,0.9999933452494559
2b,4/3/2,vvw,ponly,0.0,relaxed,LOCALLY_SOLVED,true,,230.90080028248266,sourcebus ph3,227.96699154881773,endbus ph1,0.0755248572550872,endbus,0.0005252485954802778,0.09827548954706562,line1 c1,1.0483780131946665,0.20760806256156153,0.0,0.0,0.0,0.0,0.0,0.0,0.0,0.0,0.9629139925992852,0.22570190925964567,-1.1886159018589308,-2.9211293045197647e-16,4.326034824023214e-16,-1.4123432355982047e-16,0.11886159018589308
2b,4/3/2,vvw,ponly,20.0,relaxed,LOCALLY_SOLVED,false,therm line1 c2,256.15089806955643,endbus ph3,230.55026319917565,sourcebus ph1,2.0722611676890477,endbus,0.01862437058479894,1.4414106554274235,line1 c2,37.858802525220646,43.00199086596137,368.483905222408,420.0,51.51609477759202,-136.78102558993658,-55.46465834404643,-43.068643967232305,-38.247723278657865,0.0003028819027230123,-9.999865387708889,-8.015360556930312e-5,9.999945541314462,-9.34421258180044e-16,7.950826814108428e-16,1.498180119551039e-16,0.9999945541314462
2b,4/3/2,vvw,ponly,10.0,relaxed,LOCALLY_SOLVED,true,,249.75009805446985,endbus ph3,230.93347003782623,sourcebus ph1,0.1903986872039574,endbus,0.005256599745221622,0.7171790071232481,line1 c3,11.932839172310626,11.44689802460093,206.58422859311597,210.0,3.4157714068840495,-29.04893013765417,-10.383609694950414,-9.48030309919678,-9.185017343506981,0.0010986122886690042,-9.999620063791276,0.00031812075422804083,9.999301943037105,3.6092352572683407e-14,-2.3560540769888517e-14,-1.2877630857850141e-14,0.9999620063791277
2b,4/3/2,vvw,ponly,15.0,relaxed,LOCALLY_SOLVED,false,therm line1 c1,253.993629720523,endbus ph3,230.73451226608282,sourcebus ph1,1.4353406616089008,endbus,0.014568042270766099,1.1228695618074862,line1 c1,29.730578484676546,26.882970100312935,298.54040557926345,314.99999999999994,16.4595944207365,-82.625140293863,-34.829108889639,-25.04546311982657,-22.750568284397428,0.0010216641329062008,-9.999954443631891,2.799106593971788,7.200847849660106,2.1259449683086545e-15,-1.9863533853493666e-16,-2.338798673759092e-15,0.9999954443631891
2b,4/3/2,vvw,ponly,12.5,relaxed,LOCALLY_SOLVED,true,,252.81527784402735,endbus ph3,230.84943545786965,sourcebus ph1,0.6327019846868456,endbus,0.010194163265861514,0.9181236920975234,line1 c1,21.92382186671674,18.348729701881055,253.7772651853592,262.5,8.722734814640809,-53.38965250331812,-21.34912764303205,-15.961919502102125,-16.07860535818394,0.0013606990410065102,-9.999910824390096,5.0644854070568796e-5,9.999860179536048,1.4957014314876094e-14,-1.0287393262379487e-14,-4.9634606559259644e-15,0.9999910824390096
2b,4/3/2,vvw,ponly,13.75,relaxed,LOCALLY_SOLVED,false,therm line1 c1,253.98461204101181,endbus ph3,230.80034540870577,sourcebus ph1,0.9080963775381874,endbus,0.012578812220707504,1.0213820234851752,line1 c1,27.038534176162564,22.37307783188672,276.46971424761955,288.75,12.280285752380449,-67.18952559450994,-27.27538786581173,-19.807138394619788,-20.106999334078434,0.0013275852520618255,-9.999948358316349,0.2822113386248113,9.717737019691537,3.44323517136753e-16,-3.7330489856228983e-17,-3.713602058403512e-16,0.9999948358316348
2b,4/3/2,vvw,ponly,13.125,relaxed,LOCALLY_SOLVED,false,vmax endbus ph3,253.48807554011566,endbus ph3,230.82600544567538,sourcebus ph1,0.755249048357408,endbus,0.01148731027029437,0.9700602340159498,line1 c1,24.74311466969359,20.310977353115582,265.1972132407872,275.62500000000006,10.42778675921281,-60.15323939073659,-24.214951465674044,-17.783987564166832,-18.15430036089572,0.001098613396941823,-9.99992117682633,4.31104581727982e-5,9.999878066368174,1.0754876679831115e-14,-7.168637519273967e-15,-3.832414469232082e-15,0.999992117682633
2b,4/3/2,vvw,ponly,12.8125,relaxed,LOCALLY_SOLVED,false,vmax endbus ph3,253.15615243661483,endbus ph3,230.8378261890951,sourcebus ph1,0.6941389525959227,endbus,0.010845252031775532,0.9441476586804264,line1 c1,23.33164176696389,19.318198989448867,259.5050087457913,269.0625,9.557491254208683,-56.7408046005876,-22.77693112796446,-16.86338893271091,-17.100484539912237,0.0010986123437823742,-9.999916422057858,4.605190441093377e-5,9.999870370153467,1.252987325613167e-14,-8.49316316622578e-15,-4.306467849784978e-15,0.9999916422057857
2b,4/3/2,vvw,ponly,12.65625,relaxed,LOCALLY_SOLVED,true,,252.98694618336776,endbus ph3,230.84365668924804,sourcebus ph1,0.663481371012282,endbus,0.010521137980548774,0.9311498967994678,line1 c1,22.62666415590063,18.83051630080382,256.645590522024,265.78124999999994,9.135659477975944,-55.05619503077214,-22.061813894300215,-16.410151440614666,-16.58422969585726,0.0010986123008256876,-9.99991373307675,4.8151137753024055e-5,9.99986558193902,1.365055781049391e-14,-9.329628983393219e-15,-4.603793034783484e-15,0.9999913733076751
2b,4/3/2,vvw,ponly,12.734375,relaxed,LOCALLY_SOLVED,false,vmax endbus ph3,253.07183966278964,endbus ph3,230.8407479709235,sourcebus ph1,0.6788221687180171,endbus,0.010683504853202047,0.9376523089277907,line1 c1,22.978973873195613,19.073625996950565,258.0764129847937,267.42187500000006,9.34546201520634,-55.89646344609579,-22.419061779090466,-16.6361675088968,-16.841234158108513,0.0010986123145542244,-9.999915105456498,4.703169748748287e-5,9.999868073759032,1.3066256445214909e-14,-8.893831788068428e-15,-4.448659049945474e-15,0.9999915105456498
2b,4/3/2,vvw,ponly,12.6953125,relaxed,LOCALLY_SOLVED,true,,253.0294675113825,endbus ph3,230.8422039547532,sourcebus ph1,0.6711551387162941,endbus,0.010602404370642008,0.9344019892318325,line1 c1,22.802763810849296,18.951887610634444,257.3612801582059,266.6015625,9.240282341794126,-55.4757948528122,-22.240361030280642,-16.523006333356673,-16.712427489174885,0.0010986123064071762,-9.999914426412369,4.757231591379844e-5,9.999866854096478,1.3351959818099948e-14,-9.107058354332851e-15,-4.524432949081605e-15,0.9999914426412368
2b,4/3/2,vvw,pq,0.0,relaxed,LOCALLY_SOLVED,true,,230.91364385906687,sourcebus ph3,228.40069712535202,endbus ph1,3.7238652492885313e-6,endbus,2.4304868927616458e-8,0.09130627035290496,line1 c1,4.782305031657612e-5,0.1885342368355771,0.0,0.0,0.0,0.0,0.0,0.0,0.0,0.0,1.0687323809225044,4.114744621119652e-6,-1.0687364956671255,1.9933178732730719,1.6420267448161336,1.2907676622291389,0.22617482277968443
2b,4/3/2,vvw,pq,20.0,relaxed,LOCALLY_SOLVED,false,therm line1 c2,255.56929139350052,endbus ph1,230.46938154948947,sourcebus ph1,2.286921417672757,endbus,0.01954705316548504,1.5173135274720042,line1 c2,38.13076409195699,48.928355787599436,377.1225872166228,420.0,42.877412783377224,-131.52393452395557,-55.491742021263015,-41.5556568120087,-34.47653569068388,0.0004088778252943811,-6.122939561851068,2.8982705878677333,3.2246689739833334,-7.906277202382536,-9.570732152426075,-9.46579450458266,0.9999987779730434
2b,4/3/2,vvw,pq,10.0,relaxed,LOCALLY_SOLVED,true,,249.50421317681398,endbus ph3,230.92968614119354,sourcebus ph1,0.14078741049431415,endbus,0.005165267101106755,0.7193105588086959,line1 c3,11.633162133225275,11.53059836911451,206.67360784607013,210.0,3.3263921539298913,-28.646672719907016,-10.032704469646667,-9.689000423470487,-8.924967826789864,0.0010986122886680327,-9.971142286198074,0.04057509616182936,9.930567190036243,-0.7524737661199664,-0.12791641277089263,-1.1742293925962346,0.9999748965962156
2b,4/3/2,vvw,pq,15.0,relaxed,LOCALLY_SOLVED,false,therm line1 c1,253.9786545332787,endbus ph3,230.75204679679842,sourcebus ph1,1.1203135224431349,endbus,0.010619748130204372,1.1325478293932132,line1 c1,21.92431773958734,26.952534936628332,298.96177581949723,314.99999999999994,16.03822418050269,-81.79585750802305,-32.032189205883434,-27.382686244713888,-22.380982057425726,0.001058728559020598,-9.939671824335967,1.2266305737937109,8.713041250542256,-1.096341316832448,3.8115164648269513,-4.907328959991716,0.9999952012809471
2b,4/3/2,vvw,pq,12.5,relaxed,LOCALLY_SOLVED,true,,252.33159832768047,endbus ph3,230.84816701049598,sourcebus ph1,0.6596633514027286,endbus,0.009110132070745675,0.9260237925984174,line1 c1,19.390607034859144,18.477944734012052,253.97581107893532,262.5,8.52418892106468,-52.85596681484568,-20.002000628790334,-17.500985636518806,-15.352980549536538,0.0010987868737013518,-9.882824124047648,0.25978090118573666,9.623043222861911,-1.5258712371546477,2.303510727095766,-2.719500041139502,0.9999932066910571
2b,4/3/2,vvw,pq,13.75,relaxed,LOCALLY_SOLVED,false,therm line1 c1,253.55526918823168,endbus ph3,230.80341573971373,sourcebus ph1,0.9169912011002578,endbus,0.01094577679024966,1.0304619926874277,line1 c1,23.207488269374092,22.4694964796114,276.6876432469225,288.75,12.062356753077452,-66.80038512365046,-25.55165442082954,-21.97322218798704,-19.275508514833867,0.0010986215285940287,-9.89158323136662,0.40474310150197745,9.486840129864643,-1.4681406811392064,3.3544784619216865,-3.1620869660882978,0.9999946481392572
2b,4/3/2,vvw,pq,13.125,relaxed,LOCALLY_SOLVED,true,,252.95877465412937,endbus ph3,230.82621235383218,sourcebus ph1,0.7913382126763747,endbus,0.010036846866707557,0.978550546549149,line1 c1,21.26212990795859,20.429174114960144,265.40335952267475,275.62500000000006,10.2216404773253,-59.63326838476778,-22.73937003915151,-19.64377509034525,-17.250123255271017,0.0010987502494337012,-9.884816799380433,0.33149855448395993,9.553318244896474,-1.5129795446885068,2.8365208455477586,-2.955151553422617,0.9999940509421441
2b,4/3/2,vvw,pq,13.4375,relaxed,LOCALLY_SOLVED,false,therm line1 c1,253.2602866521161,endbus ph3,230.8149349803358,sourcebus ph1,0.8547534479734016,endbus,0.010491754143129441,1.0045731545593348,line1 c1,22.22516683127792,21.438213790437093,271.06305075428446,282.18749999999994,11.124449245715473,-63.1699682233725,-24.13543305043755,-20.780546265034676,-18.253988907900272,0.001680016238554869,-9.88776974445056,0.367942730413354,9.519827014037206,-1.4935859492727275,3.095630344888174,-3.0613343506287616,0.9999943719018232
2b,4/3/2,vvw,pq,13.28125,relaxed,LOCALLY_SOLVED,false,vmax endbus ph3,253.11036966575955,endbus ph3,230.82060197677035,sourcebus ph1,0.8232123191847968,endbus,0.010264542590697633,0.9915804348894025,line1 c1,21.740577106097426,20.930905216656086,268.2376295112835,278.90625,10.668620488716485,-61.38894894661213,-23.43498885010729,-20.204573996576976,-17.749386099927868,0.0017645040621116575,-9.88617019715375,0.3496910640863783,9.536479133067372,-1.5041245222786357,2.9661231222448556,-3.0090545491230327,0.9999942176584196
2b,4/3/2,vvw,pq,13.203125,relaxed,LOCALLY_SOLVED,true,,253.03478977349937,endbus ph3,230.82341396098371,sourcebus ph1,0.8073190420297736,endbus,0.010150780004012044,0.9850702861396551,line1 c1,21.50058984894483,20.679343786288477,266.82160766779975,277.265625,10.444017332200284,-60.50793454595789,-23.086590017025898,-19.922360679771504,-17.49898384916048,0.001281583004816501,-9.885459935483196,0.3405867159206574,9.544873219562538,-1.5087787652692302,2.9013511703058352,-2.98231829654803,0.999994135980043
2b,4/3/2,vvw,pq,13.2421875,relaxed,LOCALLY_SOLVED,false,vmax endbus ph3,253.07263282713103,endbus ph3,230.82200970667049,sourcebus ph1,0.8152763406161742,endbus,0.010207678829999255,0.9883265427530133,line1 c1,21.620387459005038,20.8049502960889,267.52989591322665,278.08593749999994,10.55604158677328,-60.94764367982649,-23.260640208374074,-20.062995898096343,-17.624007573356078,0.0015084270006316168,-9.88580706983654,0.3451370754871586,9.540669994349381,-1.506505997419983,2.9337410328074363,-2.995738891611151,0.9999941772219987
2b,5/3/1,vvw,qonly,0.0,relaxed,LOCALLY_SOLVED,true,,230.9266669638536,sourcebus ph3,226.6863555269554,endbus ph1,0.4765507534252789,endbus,0.0031515857916022587,0.11746233447655338,line1 c1,6.214402402685053,0.22238967151731814,0.0,0.0,0.0,0.0,0.0,0.0,0.0,0.0,2.499786848300161e-7,2.4997868475738045e-7,2.499786868480747e-7,3.0733556088059273,0.1828679211959339,1.6762284120232955,0.30733556088059377
2b,5/3/1,vvw,qonly,20.0,relaxed,LOCALLY_SOLVED,false,vuf endbus,256.2878718983552,endbus ph1,230.3523764170251,sourcebus ph1,5.336624115106656,endbus,0.04271291806082018,1.6338111017599422,line1 c1,83.80323957672209,46.80921128903946,367.00572665793334,419.99999999999994,52.99427334206661,-133.50860352493814,-67.09838813511345,-40.82546348316067,-25.584751906664003,0.0006837988121784211,2.4632974519282645e-7,2.579046954630747e-7,2.519948749501003e-7,-4.842726559710046,9.999956468164148,-9.999992276342828,0.9999992276342831
2b,5/3/1,vvw,qonly,10.0,relaxed,LOCALLY_SOLVED,false,vuf endbus,250.3686281410832,endbus ph1,230.74181733195533,sourcebus ph1,3.9325461546928113,endbus,0.029239352620534235,0.9357288709303234,line1 c1,59.7389687503856,14.2314193080415,205.98821116002327,209.99999999999997,4.011788839976704,-29.39420117108157,-19.76989951584207,-6.258598610825021,-3.365703044414478,0.0010986122886685878,2.499873777699596e-7,2.499874290866541e-7,2.4998735824629063e-7,-9.998716295567927,9.999948007628099,-9.99989145565846,0.9999948007628101
2b,5/3/1,vvw,qonly,5.0,relaxed,LOCALLY_SOLVED,true,,242.83248660875165,endbus ph1,230.9335590159149,sourcebus ph3,1.848014119800227,endbus,0.0021573665453774446,0.41316923305474884,line1 c1,4.618215171318805,2.7284179838253233,104.79835130946842,104.99999999999999,0.20164869053156398,-2.7130110154119245,-2.360405620361126,-0.3526053950508095,1.1031254387071456e-14,0.001098612288670392,2.49984881897845e-7,2.499848677137427e-7,2.499848532833525e-7,-0.49033423782043506,9.016895099311899,-3.605702273263215,0.9016895099311902
2b,5/3/1,vvw,qonly,7.5,relaxed,LOCALLY_SOLVED,false,vuf endbus,246.7461838919691,endbus ph1,230.8546562789071,sourcebus ph1,3.021916934500357,endbus,0.01609612155606785,0.6828703184936499,line1 c1,33.02633827456656,7.474665174888144,156.29946591748745,157.49999999999997,1.2005340825125277,-11.703918976579509,-9.154105439848832,-2.371999857409009,-0.17781367932166842,0.0010987728187335697,2.4998681934908994e-7,2.4998676237058076e-7,2.4998675879678745e-7,-7.358522958260408,9.999903431568155,-8.41434011191678,0.9999903431568159
2b,5/3/1,vvw,qonly,6.25,relaxed,LOCALLY_SOLVED,false,vuf endbus,244.9574067656152,endbus ph1,230.91366416406123,sourcebus ph1,2.4524711065283413,endbus,0.00814100659393382,0.5470621217322528,line1 c1,16.25073788595579,4.77180215181588,130.68021279747242,131.25,0.569787202527583,-6.609055856207085,-5.267179708422089,-1.341876147772527,-1.2469033164414114e-11,0.001098612288669476,2.499952981893254e-7,2.4999529707788333e-7,2.4999529671993404e-7,-3.894961374160588,9.999928557644045,-6.060944166361307,0.9999928557644047
2b,5/3/1,vvw,qonly,5.625,relaxed,LOCALLY_SOLVED,false,vuf endbus,243.90132891689223,endbus ph1,230.92944979638457,sourcebus ph3,2.1679353535616825,endbus,0.004424263642969386,0.479542191387425,line1 c1,8.761523803131826,3.670874256985345,117.77486233245189,118.12500000000001,0.3501376675481227,-4.566127112885235,-3.6577748046489353,-0.9083523082363109,1.1208769814423474e-14,0.0010986123911343397,2.499841562612135e-7,2.4998415385152487e-7,2.4998415285740083e-7,-2.011946863631817,9.999410019368455,-4.780653159004554,0.9999410019368458
2b,5/3/1,vvw,qonly,5.3125,relaxed,LOCALLY_SOLVED,false,vuf endbus,243.32989490380322,endbus ph1,230.93231100900204,sourcebus ph3,2.0243365428302473,endbus,0.002830341785974103,0.44607750512544103,line1 c1,5.566766340256769,3.18368541370804,111.29830963223188,111.56249999999999,0.26419036776810234,-3.6346894223379347,-2.9483493577664435,-0.6863400645715027,1.1308474366505999e-14,0.0010986122887034293,2.499940475962331e-7,2.4999404005092867e-7,2.4999403548253514e-7,-1.0988858624576971,9.924544321694462,-4.110918034922972,0.9924544321694466
2b,5/3/1,vvw,qonly,5.15625,relaxed,LOCALLY_SOLVED,true,,243.0781251568258,endbus ph1,230.9327820318194,sourcebus ph3,1.9376882033547045,endbus,0.002305987777469744,0.42961210638610264,line1 c1,4.688019281778657,2.9518213547779646,108.05071573348195,108.28125,0.23053426651804543,-3.1702006181163207,-2.6452645621420277,-0.524936055974305,1.1441075967398424e-14,0.001098612288668773,2.4998443225612964e-7,2.4998443032230095e-7,2.4998442880464153e-7,-0.7838358273347636,9.498238903288136,-3.8734646208226633,0.949823890328814
2b,5/3/1,vvw,qonly,5.234375,relaxed,LOCALLY_SOLVED,true,,243.20349360388187,endbus ph1,230.93251047758585,sourcebus ph3,1.981336875824034,endbus,0.0025293143837208654,0.43784169613885265,line1 c1,5.010478693694799,3.066674423882456,109.67510516493925,109.92187500000001,0.24676983506075612,-3.401644795259621,-2.7947163923106455,-0.6069284029489872,1.0959505210327384e-14,0.0010986122886729045,2.499843501299921e-7,2.4998433280423016e-7,2.4998432082850126e-7,-0.9387097552036501,9.71761647015208,-3.9957493196602787,0.9717616470152084
2b,5/3/1,vvw,qonly,5.2734375,relaxed,LOCALLY_SOLVED,true,,243.2666312269936,endbus ph1,230.93240117090238,sourcebus ph3,2.0028988959673537,endbus,0.002671379553643406,0.4419590270931739,line1 c1,5.23569569133709,3.124904722030595,110.48685213840884,110.7421875,0.2553353615911691,-3.5179613162004535,-2.8710656764847045,-0.6468956397157593,9.931777450445453e-15,0.0010986122886821614,2.4998413192314783e-7,2.4998412768074186e-7,2.499841249263084e-7,-1.0182742915123781,9.822217531939252,-4.05427966855393,0.9822217531939256
2b,5/3/1,vvw,qcap,0.0,relaxed,LOCALLY_SOLVED,true,,230.92668083004358,sourcebus ph3,226.6856344903944,endbus ph1,0.4763913786070672,endbus,0.0031556743837813585,0.11746253421785172,line1 c1,6.222524677462402,0.22238969358566862,0.0,0.0,0.0,0.0,0.0,0.0,0.0,0.0,2.49984071278313e-7,2.4998410078135683e-7,2.499841255542166e-7,3.07458550971514,0.18621289513174766,1.6776006460432216,0.30745855097151503
2b,5/3/1,vvw,qcap,20.0,relaxed,LOCALLY_SOLVED,false,vuf endbus,256.73115821513016,endbus ph1,230.38643474431456,sourcebus ph1,5.439040720927089,endbus,0.04551752611666651,1.571008197296781,line1 c1,88.41708028938541,43.71307763007827,360.8321478734146,419.99999999999994,59.16785212658531,-135.29436804475313,-69.17963058516798,-39.19476742061489,-26.91997003897024,0.0005719146016955334,2.499958574466733e-7,2.4999592075878525e-7,2.499958645848941e-7,0.0002775517372776917,9.999966506470937,6.7967394954114694e-6,0.9999966506470941
2b,5/3/1,vvw,qcap,10.0,relaxed,LOCALLY_SOLVED,false,vuf endbus,253.0151523066584,endbus ph1,230.79143915779875,sourcebus ph1,3.586575582794141,endbus,0.033136509374825665,0.8915665175730556,line1 c1,65.97258236495146,13.06370191492809,204.07332846402926,209.99999999999997,5.926671535970707,-33.84642887007181,-25.072142789598196,-4.543207370303621,-4.231078710169994,0.0010986122886685878,2.499874030898359e-7,2.4998740532529277e-7,2.4998740137628605e-7,6.223055803254168e-5,9.999969591505113,2.8761425620815723e-5,0.9999969591505116
2b,5/3/1,vvw,qcap,5.0,relaxed,LOCALLY_SOLVED,true,,243.481702705726,endbus ph1,230.9645733179483,sourcebus ph1,1.7977299613121076,endbus,0.007068061667903713,0.4104020879160361,line1 c1,14.014777282708224,2.7273339908554566,104.7431173229094,104.99999999999999,0.2568826770905863,-2.9060380294450994,-2.90142281336472,-0.004615216080401761,2.2968874280938056e-14,0.0010986280647677187,2.499841633537726e-7,2.499841487158598e-7,2.499841455726557e-7,0.8046692480769406,9.999405010648484,7.98468412740701e-5,0.9999405010648488
2b,5/3/1,vvw,qcap,7.5,relaxed,LOCALLY_SOLVED,false,vuf endbus,249.25478180040517,endbus ph1,230.89022852169438,sourcebus ph1,2.7178598499927933,endbus,0.02203890218964954,0.6573813277355075,line1 c1,44.16573901651738,7.027798567102679,155.4654578337054,157.49999999999997,2.034542166294595,-14.629391657541987,-12.952377957163097,-1.1523961839047632,-0.5246175164741265,0.001098612481657176,2.4999392985239566e-7,2.499939384535823e-7,2.4999392312898863e-7,9.405228851230354e-5,9.999961486579688,3.5448943525848506e-5,0.9999961486579689
2b,5/3/1,vvw,qcap,6.25,relaxed,LOCALLY_SOLVED,false,vuf endbus,246.6390977772136,endbus ph1,230.93047502788028,sourcebus ph1,2.268692826959022,endbus,0.01520074434439043,0.5360392593287993,line1 c1,29.747621513932284,4.64814211986032,130.36060211339176,131.25,0.8893978866082453,-7.7221296265198385,-7.381613858392032,-0.3404149354670846,-0.00010083266072232409,0.0010986123320467778,2.499873428519455e-7,2.4998734951698057e-7,2.4998733967402987e-7,0.0002748870067527748,9.999932115301991,4.3029409043480766e-5,0.9999932115301995
2b,5/3/1,vvw,qcap,5.625,relaxed,LOCALLY_SOLVED,false,vuf endbus,245.0546711251448,endbus ph1,230.9473674525773,sourcebus ph1,2.047547653431061,endbus,0.011362215342125231,0.4741214966946324,line1 c1,22.266234572429234,3.6335215461768025,117.62392538975443,118.12500000000001,0.5010746102455776,-4.875447559405701,-4.794331805334308,-0.08111575393915192,-1.3224066322989477e-10,0.001098612288668526,2.4999407750901756e-7,2.499940821123791e-7,2.4999407591046723e-7,0.0005160526477930902,9.999956827353111,1.8774069735715016e-5,0.9999956827353115
2b,5/3/1,vvw,qcap,5.3125,relaxed,LOCALLY_SOLVED,true,,244.2746709532341,endbus ph1,230.95608864378391,sourcebus ph1,1.924419636043978,endbus,0.009232802577371047,0.4424016592808665,line1 c1,18.20954415114267,3.164185172365613,111.19807686310132,111.56249999999999,0.3644231368986617,-3.808531365618109,-3.785615167268445,-0.022916198349597624,-6.718411809079726e-14,0.0014378791121171883,2.4998413406088826e-7,2.4998414529753225e-7,2.4998413008040367e-7,0.34072961860367434,9.999809390277786,6.227721466878186e-5,0.999980939027779
2b,5/3/1,vvw,qcap,5.46875,relaxed,LOCALLY_SOLVED,true,,244.64267208479393,endbus ph1,230.95116905421114,sourcebus ph1,1.9906434777451643,endbus,0.010386594261935757,0.4584740451710614,line1 c1,20.43212200488939,3.398212695764084,114.41818685146454,114.84375,0.4255631485354572,-4.280030691573091,-4.239526143702106,-0.04050454786664419,-4.340379460479567e-12,0.0021592681776489314,2.4999394136753043e-7,2.4999395983161043e-7,2.4999393701864967e-7,0.06354744920452218,9.999946994185871,1.99856549201725e-5,0.9999946994185874
2b,5/3/1,vvw,qcap,5.546875,relaxed,LOCALLY_SOLVED,false,vuf endbus,244.84319893654086,endbus ph1,230.94914827913715,sourcebus ph1,2.0203023591385283,endbus,0.010896420262475118,0.46634995102721943,line1 c1,21.401811007805303,3.5158258389108896,116.02302727371514,116.484375,0.4613477262848553,-4.558124327541463,-4.500931444232066,-0.05719288328324048,-2.6155587802678794e-11,0.0021178557077711304,2.499840158938531e-7,2.4998405422330653e-7,2.499840096484368e-7,0.003960748127452465,9.999867001287592,5.5006850504545096e-5,0.9999867001287596
2b,5/3/1,vvw,qcap,5.5078125,relaxed,LOCALLY_SOLVED,true,,244.73789202772983,endbus ph1,230.9500251237796,sourcebus ph1,2.0064260494672554,endbus,0.010660566067448887,0.46245517042430717,line1 c1,20.95532456996176,3.4575329793708303,115.22161633484791,115.66406249999999,0.44244616515207724,-4.410046008332133,-4.362926185233807,-0.04711982308685414,-1.147070766987204e-11,0.0018449576718421803,2.4998386897515475e-7,2.4998389518215535e-7,2.499838645239795e-7,0.01338463707007957,9.99985991351507,5.5820553334530394e-5,0.9999859913515075
2b,5/3/1,vvw,ponly,0.0,relaxed,LOCALLY_SOLVED,true,,230.9039197426272,sourcebus ph3,227.86752781722646,endbus ph1,0.15094456057875943,endbus,0.0010511414898860736,0.10105874517709874,line1 c1,2.0980308259314646,0.2102129336982548,0.0,0.0,0.0,0.0,0.0,0.0,0.0,0.0,1.926771111095095,0.45028975632292995,-2.377060867418025,-5.380893411004122e-16,7.907415684884834e-16,-2.552856106636502e-16,0.23770608674180252
2b,5/3/1,vvw,ponly,20.0,relaxed,LOCALLY_SOLVED,false,vuf endbus,256.37146592987375,endbus ph1,230.40571351879393,sourcebus ph1,4.793871696940087,endbus,0.04087376723074845,1.5132646203438953,line1 c1,80.37733658372335,44.86279951408226,364.83553778806413,419.99999999999994,55.164462211935785,-133.99573886785387,-68.21400242522661,-38.87520555666342,-26.906530885963853,0.0005012462115297489,-9.999987207044574,3.9665159840064836,6.033471223038096,3.3613812455789347e-15,-2.6935291886295462e-15,-3.297753614556783e-16,0.9999987207044574
2b,5/3/1,vvw,ponly,10.0,relaxed,LOCALLY_SOLVED,true,,250.21859080341412,endbus ph1,230.8418788057971,sourcebus ph1,1.7575941115488485,endbus,0.02376761271967223,0.7972253149548733,line1 c1,47.47074235259784,12.072367623207445,205.83520799764133,209.99999999999997,4.1647920023586416,-30.03283038709606,-19.604467408299282,-4.661858501672414,-5.766504477124363,0.0010986122886680327,-9.999970097636576,9.58370647714721e-6,9.9999605139301,7.085274301191754e-16,-4.2186977212125085e-16,-3.0124706903076965e-16,0.9999970097636576
2b,5/3/1,vvw,ponly,15.0,relaxed,LOCALLY_SOLVED,false,vuf endbus,254.8838694329608,endbus ph1,230.62391966779973,sourcebus ph1,3.421844701072048,endbus,0.036223659165657215,1.1995809102158346,line1 c1,73.25014303617918,27.236107439430047,292.6555471407302,314.99999999999994,22.344452859269737,-79.1203045978314,-44.554010518571936,-18.30439917833654,-16.261894900922922,0.001098690810997227,-9.999996612719432,1.5458420002181772,8.454154612501256,3.962583373276591e-16,-1.2273112774970141e-16,-3.118343874903796e-16,0.9999996612719432
2b,5/3/1,vvw,ponly,12.5,relaxed,LOCALLY_SOLVED,false,vuf endbus,253.47028159746907,endbus ph1,230.72653329859622,sourcebus ph1,2.731706119598995,endbus,0.0342747312460921,1.0291897401555519,line1 c1,69.21052293332627,19.660252106469017,252.60590688019744,262.5,9.89409311980256,-53.92114122267594,-32.94177741984131,-9.698803441556054,-11.28056036127857,0.001098612421886358,-9.999974412020626,4.518863472655317e-6,9.999969893157154,1.9892431642668305e-16,-1.6401860564587248e-16,-3.952505565851345e-17,0.9999974412020626
2b,5/3/1,vvw,ponly,11.25,relaxed,LOCALLY_SOLVED,false,vuf endbus,251.99628510848615,endbus ph1,230.78607547570059,sourcebus ph1,2.252591985769871,endbus,0.029243293477570275,0.9143757329587365,line1 c1,58.618669815027474,15.659643754292393,229.50190346273556,236.25000000000003,6.74809653726447,-41.47177824886633,-26.209769408563982,-6.991904482489105,-8.27010435781325,0.001098612487702772,-9.999972959421473,6.666294113016616e-6,9.999966293127361,3.561032977268849e-16,-2.424095910646041e-16,-1.209737557820469e-16,0.9999972959421474
2b,5/3/1,vvw,ponly,10.625,relaxed,LOCALLY_SOLVED,true,,251.15009305948166,endbus ph1,230.81451522674172,sourcebus ph1,2.006617692156452,endbus,0.026555044111784856,0.8561171214657373,line1 c1,53.131236389734255,13.813385961807281,217.7422993625611,223.12499999999997,5.382700637438864,-35.64924528211096,-22.88617296531821,-5.780992599755011,-6.982079717037743,0.0010986122887091763,-9.999971778823316,7.933236335288992e-6,9.99996384558698,4.929342199103585e-16,-3.080675701235734e-16,-1.94428888745177e-16,0.9999971778823316
2b,5/3/1,vvw,ponly,10.9375,relaxed,LOCALLY_SOLVED,false,vuf endbus,251.58318207987168,endbus ph1,230.80042209221946,sourcebus ph1,2.1299841373774298,endbus,0.027911015253452437,0.8853225767146463,line1 c1,55.895584052669086,14.723518647318379,223.64029084027726,229.6875,6.047209159722744,-38.53580378664246,-24.543299054209953,-6.375289710343293,-7.617215022089215,0.0010986122916349927,-9.999972417043592,7.264453192352788e-6,9.9999651525904,4.1710603669711247e-16,-2.73425745096339e-16,-1.5254924669064668e-16,0.9999972417043592
2b,5/3/1,vvw,ponly,10.78125,relaxed,LOCALLY_SOLVED,false,vuf endbus,251.36921541455226,endbus ph1,230.80750127691903,sourcebus ph1,2.0683957131666175,endbus,0.02723604638346969,0.8707392501366757,line1 c1,54.51870050930216,14.26518458527549,220.69587801406612,226.40625,5.710371985933893,-37.08624993450802,-23.71350103871205,-6.075316556571293,-7.297432339224671,0.0010986122890202469,-9.999972116947813,7.602794083688742e-6,9.999964514153731,4.528061587673341e-16,-2.920364005730157e-16,-1.7049600146593553e-16,0.9999972116947813
2b,5/3/1,vvw,ponly,10.703125,relaxed,LOCALLY_SOLVED,false,vuf endbus,251.26030901335923,endbus ph1,230.8110165252394,sourcebus ph1,2.0375304526916054,endbus,0.02689630822281802,0.8634330824196039,line1 c1,53.826306351385334,14.03846589045043,219.22023831244152,224.765625,5.545386687558462,-36.36616171585626,-23.299519653121482,-5.9274434099015645,-7.139198652833217,0.0010986122887886986,-9.999971947166726,7.756620609482165e-6,9.999964190546118,4.684754434391307e-16,-3.021202031389188e-16,-1.7636594751997167e-16,0.9999971947166726
2b,5/3/1,vvw,ponly,10.6640625,relaxed,LOCALLY_SOLVED,false,vuf endbus,251.20536604337664,endbus ph1,230.81276795945018,sourcebus ph1,2.0220800173742495,endbus,0.02672586806101071,0.8597763319202758,line1 c1,53.47910770595925,13.925720767161048,218.4815567030696,223.94531250000003,5.463755796930414,-36.00730472991686,-23.092765877027347,-5.8540395720394365,-7.0604992808500775,0.001098612288738477,-9.999971865351215,7.849826260115898e-6,9.999964015524956,4.791125416836291e-16,-3.0729263018811476e-16,-1.8205914459455449e-16,0.9999971865351215
2b,5/3/1,vvw,pq,0.0,relaxed,LOCALLY_SOLVED,true,,230.91364400427287,sourcebus ph3,228.40068067260438,endbus ph1,7.776603414883516e-6,endbus,5.1857410926440616e-8,0.09130651380577769,line1 c1,0.00010205444298566498,0.1885342367673685,0.0,0.0,0.0,0.0,0.0,0.0,0.0,0.0,2.137462919251648,9.034449041774313e-6,-2.137471953700689,2.344596036621266,1.6420137058005202,0.9394971713127941,0.3172676836066971
2b,5/3/1,vvw,pq,20.0,relaxed,LOCALLY_SOLVED,false,vuf endbus,255.90416689016035,endbus ph1,230.3781482169998,sourcebus ph1,4.707135653785003,endbus,0.0369840788708971,1.5838033958529392,line1 c1,72.46219378039359,46.92815575973163,369.849672746815,419.99999999999994,50.150327253184955,-134.48568014877117,-66.09581880121223,-42.425833821859186,-25.964027525699755,0.0006023325912861421,-9.093480651057908,3.8853007687382286,5.2081798823196745,-4.160333958086664,5.480208104480851,-8.536665902172599,0.9999990120590905
2b,5/3/1,vvw,pq,10.0,relaxed,LOCALLY_SOLVED,false,vuf endbus,249.23700691635273,endbus ph3,230.8641536636031,sourcebus ph1,2.0519212217082243,endbus,0.019428465300164247,0.8061486384196703,line1 c1,37.769714399078964,11.91789179532214,206.26298085313542,209.99999999999997,3.737019146864551,-30.596309860579773,-16.1126186894061,-8.791627700145076,-5.692063471028599,0.0010986122886680327,-9.919679545181495,0.2330588364137914,9.68662070876772,-1.2647153469987944,9.997071079311812,-2.483728592792258,0.9999977359375691
2b,5/3/1,vvw,pq,5.0,relaxed,LOCALLY_SOLVED,true,,239.8761744591681,endbus ph3,230.99609100327615,sourcebus ph1,0.00028011031692517076,endbus,7.755246515457908e-6,0.32145410315456957,line1 c3,0.015478529583421798,2.318815796718629,104.88464068427294,104.99999999999999,0.11535931572703717,-0.03682830155659842,-0.020183944439488857,-0.012401752847049658,-0.0042426042700599055,0.001098732300695432,-7.853793824640438,-1.9803667882574153e-5,7.853813628308321,2.5810380766990533,1.871486210587318,1.1616998918751735,0.8267033022392655
2b,5/3/1,vvw,pq,7.5,relaxed,LOCALLY_SOLVED,true,,245.30030544669583,endbus ph3,230.95329642132003,sourcebus ph1,0.9220115781118084,endbus,0.009326605461302883,0.5561532799341864,line1 c1,18.501145871285996,6.156630011023171,156.73703610273157,157.49999999999997,0.7629638972683983,-10.223326620077748,-5.044866244731158,-3.3562670026478303,-1.82219337269876,0.0010986122886680327,-9.988709415792101,0.038918894481224826,9.949790521310877,-0.47389480621291236,6.170090663871793,-1.000289701716638,0.999994554511814
2b,5/3/1,vvw,pq,8.75,relaxed,LOCALLY_SOLVED,true,,247.38039651501006,endbus ph3,230.91585891260533,sourcebus ph1,1.5446363622380785,endbus,0.01438171275568019,0.6827511479234681,line1 c1,28.165006572686995,8.802403051218752,181.8346457122037,183.75,1.9153542877963226,-19.897357511345056,-9.996699759343711,-6.281276301839239,-3.6193814501621095,0.0010986122886681915,-9.959439971451882,0.1299665204479265,9.829473451003954,-0.899392735588732,9.371474383059294,-1.8386861963631793,0.9999967591836649
2b,5/3/1,vvw,pq,9.375,relaxed,LOCALLY_SOLVED,true,,248.34225684135285,endbus ph3,230.89147579737002,sourcebus ph1,1.813018340935812,endbus,0.01691468533108717,0.744996562499302,line1 c1,32.97298137754247,10.302402051185124,194.13458202608308,196.875,2.740417973916931,-25.134832924426703,-12.914580823234893,-7.591906029111428,-4.628346072080385,0.0010986122886681808,-9.937813950648264,0.180266887261704,9.757547063386546,-1.1132485112419404,9.99772582939135,-2.18854171931616,0.9999973418238752
2b,5/3/1,vvw,pq,9.6875,relaxed,LOCALLY_SOLVED,true,,248.79124927177472,endbus ph3,230.87789764950892,sourcebus ph1,1.933532929912061,endbus,0.018163511310198496,0.7757233965853806,line1 c1,35.344419643587635,11.096951876578,200.22074073021292,203.43750000000003,3.216759269787106,-27.83132666761564,-14.500215134001932,-8.181032699934503,-5.150078833679203,0.0010986122886681043,-9.927281175540033,0.20639704024202654,9.720884135297977,-1.2035784385738184,9.997486270497062,-2.346039450973104,0.9999975629771869
2b,5/3/1,vvw,pq,9.84375,relaxed,LOCALLY_SOLVED,true,,249.01469537726987,endbus ph3,230.87104985993963,sourcebus ph1,1.9929615304962691,endbus,0.0187946996170387,0.7909709995733564,line1 c1,36.55194568466069,11.504115996749354,203.2472438275206,206.71874999999997,3.471506172479355,-29.20569160693504,-15.303375635737726,-8.483643075749594,-5.418672895447724,0.0010986122886681386,-9.923177193607433,0.21961320259644457,9.703563991010988,-1.2370872772692547,9.997507885011386,-2.416747567141763,0.9999991527362019
2b,5/3/1,vvw,pq,9.921875,relaxed,LOCALLY_SOLVED,false,vuf endbus,249.12593301277232,endbus ph3,230.86760681965458,sourcebus ph1,2.0224998757984225,endbus,0.019111225456167398,0.798568912050767,line1 c1,37.159460251417364,11.710191855102064,204.7564561754968,208.35937500000003,3.602918824503254,-29.89896566575871,-15.707283820421255,-8.636948984589997,-5.554732860747452,0.0010986122886680852,-9.921331298523269,0.22633017588866794,9.695001122634615,-1.2516886749843499,9.997206258631293,-2.450810627533594,0.999997696368054
2b,5/3/1,vvw,pq,9.8828125,relaxed,LOCALLY_SOLVED,true,,249.070298718791,endbus ph3,230.86932901154177,sourcebus ph1,2.007747280346177,endbus,0.01895281100692526,0.7947725441053496,line1 c1,36.85521617876636,11.60695717752244,204.0021917966397,207.53906250000003,3.5368707033603286,-29.551792559592965,-15.505151917714391,-8.56012065465781,-5.486519987220766,0.001098612288668182,-9.922216904048875,0.2229831594722465,9.699233744576643,-1.2446472823342067,9.997270240661729,-2.434004845978051,0.9999976757393748
2b,6/2/1,vvw,qonly,0.0,relaxed,LOCALLY_SOLVED,true,,230.9339548122878,sourcebus ph3,225.81483748120007,endbus ph1,0.6355680944645726,endbus,0.004131954304362658,0.13104422156038104,line1 c1,8.146979967860117,0.2483382977599707,0.0,0.0,0.0,0.0,0.0,0.0,0.0,0.0,2.499786841620248e-7,2.4997868515842524e-7,2.499786870367705e-7,3.08697053629323,-0.5708788485289963,2.421026372160745,0.308697053629324
2b,6/2/1,vvw,qonly,20.0,relaxed,LOCALLY_SOLVED,false,vuf endbus,257.1819845303094,endbus ph3,230.36779364232243,sourcebus ph1,6.360147445143001,endbus,0.06380575001244446,1.6850593648931234,line1 c1,127.37201118220452,44.20932808551926,354.044245776973,419.99999999999994,65.9557542230269,-130.90021327778396,-77.73302517556166,-23.698552407364463,-29.46863569485784,0.0009394166666767956,2.499923345383454e-7,2.4999234454424266e-7,2.4999233278800266e-7,9.999978051262612,9.999846247880367,-9.999993858729134,0.9999993858729137
2b,6/2/1,vvw,qonly,10.0,relaxed,LOCALLY_SOLVED,false,vuf endbus,253.7423177128727,endbus ph1,230.78372501731545,sourcebus ph1,4.320273485087835,endbus,0.04128986682735015,0.9659917545187336,line1 c1,82.53278336609557,14.163145646426035,202.45734644134043,209.99999999999997,7.542653558659529,-35.843605712326294,-30.918722956510724,-0.04377842572459606,-4.881104330090967,0.0021862951550599232,2.4999287644659334e-7,2.4999287294144384e-7,2.499928752161118e-7,5.6301913002030455,9.99997713787029,-9.999980728023335,0.9999980728023339
2b,6/2/1,vvw,qonly,5.0,relaxed,LOCALLY_SOLVED,false,vuf endbus,244.04063937246787,endbus ph1,230.8925604755949,sourcebus ph3,2.471412847343162,endbus,0.0066255576125234085,0.45507995708079574,line1 c1,12.951999767414456,3.082925679069403,104.64423927591875,104.99999999999999,0.35576072408123327,-4.040701161641775,-4.040701160684216,-9.575694129781222e-10,1.1104131163440203e-14,0.0010986122950309984,2.499871686664392e-7,2.4998715873398575e-7,2.499871506087341e-7,0.9168416870619644,9.999356941347333,-7.865402599611085,0.9999356941347337
2b,6/2/1,vvw,qonly,2.5,relaxed,LOCALLY_SOLVED,true,,237.55445789765912,endbus ph1,230.93163536233234,sourcebus ph3,0.7570731960757375,endbus,0.0055550348305018595,0.1686663301721665,line1 c1,11.125376974257605,0.4096536230805141,52.442322854844925,52.49999999999999,0.05767714515506617,-1.1826576125025473e-12,-1.1890256991816334e-12,2.537821069408455e-15,3.830265609677469e-15,0.0010986122886681715,2.4933611439553455e-7,2.4929982969027775e-7,2.4989885196064674e-7,2.333041517752348,3.5231055584357596,-0.8301140934577496,0.35231055584357684
2b,6/2/1,vvw,qonly,3.75,relaxed,LOCALLY_SOLVED,true,,241.824742607609,endbus ph1,230.92130650869007,sourcebus ph3,1.5257836221813528,endbus,0.0063659333585246065,0.31182263113703657,line1 c1,12.95187111482784,1.403180768110014,78.64039937484154,78.74999999999999,0.10960062515844582,-1.3685569548674807,-1.3685569548674745,-1.1253634664954988e-14,5.0732608567449806e-15,0.001098612288668958,2.5781499115446906e-7,2.6483671798853577e-7,2.470913886676925e-7,2.1500975529360993,6.399227269451778,-3.4047941660694927,0.6399227269451784
2b,6/2/1,vvw,qonly,4.375,relaxed,LOCALLY_SOLVED,false,vuf endbus,242.88688621706567,endbus ph1,230.90759403735325,sourcebus ph3,2.0258546743260086,endbus,0.005291453788747356,0.38387858116930246,line1 c1,10.684787063181982,2.1634595043599005,91.68057997698801,91.875,0.19442002301199857,-2.526025454461068,-2.5260254544610663,-1.105441634657297e-14,8.70512983680647e-15,0.0010986122886689844,2.499846258820417e-7,2.499846209329473e-7,2.499846173903221e-7,1.4753722498733417,8.568773023579656,-5.578581135641167,0.8568773023579659
2b,6/2/1,vvw,qonly,4.0625,relaxed,LOCALLY_SOLVED,true,,242.35292761345258,endbus ph1,230.9143585312469,sourcebus ph3,1.7791200390383133,endbus,0.005503309751457561,0.34797734666263364,line1 c1,11.2285885568069,1.7611452456870957,85.16832484788479,85.31250000000001,0.14417515211522236,-1.9117536760936187,-1.9117536760935596,-6.263486236051104e-14,3.585984390953241e-15,0.0010986122886714488,3.3771072420302644e-7,2.257848508239746e-7,2.847243375930785e-7,1.7688633225460857,7.5030778380531515,-4.5033070231187144,0.7503077838053155
2b,6/2/1,vvw,qonly,4.21875,relaxed,LOCALLY_SOLVED,true,,242.61689800880782,endbus ph1,230.91093093744303,sourcebus ph3,1.9036944865412613,endbus,0.005306430322040631,0.3659711393652835,line1 c1,10.790437561789483,1.9570794697120297,88.4266471647046,88.59375,0.16710283529538517,-2.20800769691919,-2.208007696919207,8.207054658846587e-15,8.388743590076852e-15,0.001098612288668115,2.4999444618955667e-7,2.4999444534882485e-7,2.4999444492526857e-7,1.606553485759444,8.042835673649018,-5.046194898763049,0.8042835673649021
2b,6/2/1,vvw,qonly,4.296875,relaxed,LOCALLY_SOLVED,true,,242.75117782534926,endbus ph1,230.909251049174,sourcebus ph3,1.9650723670286332,endbus,0.005276828168082286,0.37493619029813274,line1 c1,10.696997198959604,2.0589907654361483,90.05417574732975,90.234375,0.1801992526702545,-2.3642934490656264,-2.3642934490656407,4.203463575042742e-15,9.524145770418882e-15,0.0010986122886684768,2.499847940207764e-7,2.499847922494128e-7,2.4998479101586925e-7,1.5370325335538362,8.307439225921064,-5.313708078902535,0.8307439225921067
2b,6/2/1,vvw,qonly,4.3359375,relaxed,LOCALLY_SOLVED,true,,242.81887030826866,endbus ph1,230.9084198649296,sourcebus ph3,1.9955361682247617,endbus,0.005278740708244475,0.37941020966965583,line1 c1,10.68094100459184,2.1109077674263492,90.86751906268437,91.05468749999997,0.18716843731561017,-2.444489104329224,-2.4444891043292305,-2.320295107668876e-15,8.639612143101497e-15,0.0010986122886685729,2.4998470293704325e-7,2.499846999647682e-7,2.4998469786560024e-7,1.5052565682104415,8.438511512967551,-5.446455299054368,0.8438511512967555
2b,6/2/1,vvw,qcap,0.0,relaxed,LOCALLY_SOLVED,true,,230.93584613811754,sourcebus ph3,225.65948569165246,endbus ph1,0.6070673496704657,endbus,0.004884763361437124,0.1310551740041868,line1 c1,9.63973861670358,0.24951888410467726,0.0,0.0,0.0,0.0,0.0,0.0,0.0,0.0,2.499842119928242e-7,2.499842335174871e-7,2.499842533874061e-7,3.255327136769922,0.0008354424045644174,2.6052981037445337,0.3255327136769931
2b,6/2/1,vvw,qcap,20.0,relaxed,LOCALLY_SOLVED,false,vuf endbus,258.5525597231281,endbus ph3,230.3614938519057,sourcebus ph1,6.698545029492509,endbus,0.07092622268737357,1.6615183557875772,line1 c1,144.26237911257746,42.83447766653035,348.83927477226064,419.99999999999994,71.1607252277393,-130.57152075836413,-78.1169059690066,-20.99478139762635,-31.459833391731195,0.0009870049574617346,2.499907823353736e-7,2.499908015549654e-7,2.499907792437283e-7,9.999985491350758,9.999302752021505,4.914553782492494e-6,0.9999985491350761
2b,6/2/1,vvw,qcap,10.0,relaxed,LOCALLY_SOLVED,false,vuf endbus,253.99294389081786,endbus ph1,230.73698092095302,sourcebus ph1,4.378468019067281,endbus,0.05911767041251861,0.9742568741037622,line1 c1,116.105660055192,14.999330636076893,201.46766419175975,209.99999999999997,8.532335808240221,-39.11264148245437,-31.297802579932444,-2.0937138020146884e-13,-7.814838902521728,0.0010986123462441988,2.49994473083224e-7,2.499944788473055e-7,2.499944816613285e-7,2.25193574490954,9.999985112560863,9.751664592011532e-6,0.9999985112560866
2b,6/2/1,vvw,qcap,5.0,relaxed,LOCALLY_SOLVED,false,vuf endbus,245.90785571884356,endbus ph1,230.95397185377473,sourcebus ph1,2.0831149316608286,endbus,0.020424214854608717,0.4490445221292984,line1 c1,40.32200639454498,3.0593409298962126,104.32992221602404,104.99999999999999,0.670077783975942,-6.020844017267925,-6.020843985499182,-2.702291588874034e-14,-3.176871656040955e-8,0.0010986122886705307,3.362962279142942e-7,2.2578637922231182e-7,2.0030035449552457e-7,2.80491615585365,9.999919979085451,3.3273033945839735e-5,0.9999919979085453
2b,6/2/1,vvw,qcap,2.5,relaxed,LOCALLY_SOLVED,true,,237.7835970582221,endbus ph1,230.93973740738548,sourcebus ph3,0.7227094681942056,endbus,0.006453619528395222,0.16831712985557878,line1 c1,12.899773435490326,0.41207541293731276,52.442322854844925,52.49999999999999,0.05767714515506617,-1.1783657434609403e-11,-1.1824284167891812e-11,7.310266467947242e-15,3.33164668144633e-14,0.0010986122886690042,2.505017622003648e-7,2.4975742960273623e-7,2.4984566742993e-7,2.6035859492363707,3.7728495545963225,0.0004411599235286136,0.3772849554596331
2b,6/2/1,vvw,qcap,3.75,relaxed,LOCALLY_SOLVED,true,,242.30140609630416,endbus ph1,230.9548851509952,sourcebus ph3,1.4536016546802926,endbus,0.010281534569453204,0.310460253925636,line1 c1,20.577046748105243,1.4297019989793178,78.6196527304664,78.74999999999999,0.13034726953358167,-1.7260545717815152,-1.726054571781541,-2.2271551075812e-15,2.763689728429547e-14,0.001098612288669513,2.85817790909242e-7,2.257836105979494e-7,2.685315170634913e-7,3.1964522682762597,8.042308652143149,9.090574512614954e-5,0.8042308652143152
2b,6/2/1,vvw,qcap,4.375,relaxed,LOCALLY_SOLVED,true,,243.9834714073781,endbus ph1,230.96263149984,sourcebus ph3,1.8306806424868989,endbus,0.014153521065701665,0.38032640933331613,line1 c1,28.15141827849231,2.181738462593437,91.57045802862223,91.875,0.30454197137778083,-3.48554255941416,-3.4855425594141405,-5.6569204561281827e-14,3.769228861488761e-14,0.0010986122887229096,2.503777868623134e-7,2.49757476636763e-7,2.499498520448087e-7,3.155565994154004,9.999676971291137,5.1520188908082944e-5,0.999967697129114
2b,6/2/1,vvw,qcap,4.6875,relaxed,LOCALLY_SOLVED,true,,244.9823620152512,endbus ph1,230.96395946607106,sourcebus ph1,1.955676350528739,endbus,0.01727754305201056,0.41473834917962876,line1 c1,34.30198595320219,2.599358672484249,97.96966760991795,98.4375,0.4678323900820569,-4.673732346350944,-4.673732346348346,-4.440543558941669e-14,-2.5531893655515153e-12,0.0010986268167555064,2.7337568789610326e-7,2.2578355849698553e-7,2.2167290795056264e-7,2.954594983656642,9.999867824440187,4.0531245126220044e-5,0.9999867824440191
2b,6/2/1,vvw,qcap,4.84375,relaxed,LOCALLY_SOLVED,false,vuf endbus,245.4537997180017,endbus ph1,230.95918547544113,sourcebus ph1,2.0190861177752466,endbus,0.018848309234031826,0.4318904891517468,line1 c1,37.346903098570934,2.8240360025206916,101.15463515105871,101.71875000000001,0.5641148489412995,-5.316118749368913,-5.316118749093808,-5.356054698280173e-14,-2.750529993303528e-10,0.0015016253510612627,2.5162745945163985e-7,2.257863604482799e-7,2.4060122394157655e-7,2.8663776462017583,9.999894493834793,3.6581996080116054e-5,0.9999894493834797
2b,6/2/1,vvw,qcap,4.765625,relaxed,LOCALLY_SOLVED,true,,245.22088107314298,endbus ph1,230.96164914333437,sourcebus ph1,1.987225795883334,endbus,0.018059552965945098,0.4233094781030037,line1 c1,35.82851281862631,2.7102679893979844,99.56326189216354,100.07812500000001,0.5148631078364829,-4.98713142277782,-4.987131422751665,-3.21738937055581e-14,-2.6121543411220506e-11,0.0011519108114466763,3.3191093233952845e-7,2.257836070028083e-7,2.1948454534983983e-7,2.909289130877555,9.99988890836808,3.842059797754932e-5,0.9999888908368083
2b,6/2/1,vvw,qcap,4.8046875,relaxed,LOCALLY_SOLVED,true,,245.33800445065717,endbus ph1,230.9604370655199,sourcebus ph1,2.003119958147564,endbus,0.018453195728672763,0.42759846072097285,line1 c1,36.5894734470645,2.766796173859869,100.35922906272529,100.89843749999999,0.5392084372746853,-5.149309521681151,-5.1493095215967095,-2.8427605333257016e-14,-8.441307303621236e-11,0.002062659641876314,2.5319205991578985e-7,2.2578434644524005e-7,1.948992920425703e-7,2.887228603074337,9.999896613009282,3.74466844858888e-5,0.9999896613009286
2b,6/2/1,vvw,ponly,0.0,relaxed,LOCALLY_SOLVED,true,,230.90341507700396,sourcebus ph3,227.7642716947818,endbus ph1,0.1999570804885858,endbus,0.0013888318770343194,0.10144948549327817,line1 c1,2.772138825456499,0.21282829211870732,0.0,0.0,0.0,0.0,0.0,0.0,0.0,0.0,3.1177974219892026,-0.5120332364560587,-2.6057641855331437,-5.314670031633548e-16,1.3500243969828395e-15,-8.245421173962902e-16,0.31177974219892024
2b,6/2/1,vvw,ponly,20.0,relaxed,LOCALLY_SOLVED,false,vuf endbus,257.47957913826997,endbus ph3,230.29119132381732,sourcebus ph1,6.625789212343762,endbus,0.06450361049945387,1.6751076864448935,line1 c1,130.9418821658051,46.87688828721935,358.7822336695247,419.99999999999994,61.2177663304752,-129.10496116297762,-75.50770234139861,-23.423288830657732,-30.17396999092128,0.0010205497037751865,-9.999988328396256,9.999981431182164,6.897214092832301e-6,2.5834281569289564e-17,1.8771223673101133e-17,-6.141215009378092e-17,0.9999988328396257
2b,6/2/1,vvw,ponly,10.0,relaxed,LOCALLY_SOLVED,false,vuf endbus,252.05271174411743,endbus ph1,230.7628761825738,sourcebus ph1,3.071165138941125,endbus,0.04124886904620993,0.8901028910283602,line1 c1,81.46174578690928,13.388251505819323,203.84649534544877,209.99999999999997,6.153504654551201,-33.29285846380575,-27.007460486363822,-0.02076578207210014,-6.264632195369829,0.0010987913525367654,-9.999990213445399,5.96905240872003,4.03093780472537,1.58031232474682e-16,7.745552891216426e-17,-2.2191308327657709e-16,0.9999990213445399
2b,6/2/1,vvw,ponly,5.0,relaxed,LOCALLY_SOLVED,true,,240.9063660198144,endbus ph1,230.96211402959935,sourcebus ph1,0.3050845696406925,endbus,0.006464938833750335,0.3445098730409521,line1 c1,12.78699791964487,2.3841712928428715,104.87935537705289,104.99999999999999,0.12064462294709699,-0.9065641412223937,-0.9063775989843161,-2.6397949551550642e-11,-0.0001865422116795038,0.0010986125206546848,-9.999900068325847,3.5337496420820513,6.4661504262437965,-1.308950416491448e-18,1.3656797556878048e-18,-1.4896724326820225e-18,0.9999900068325847
2b,6/2/1,vvw,ponly,7.5,relaxed,LOCALLY_SOLVED,true,,247.92458143226088,endbus ph1,230.8809570307504,sourcebus ph1,1.5457481241382052,endbus,0.028214496065426954,0.6247510307562079,line1 c1,55.402007165019384,6.8480393211850705,155.60341501322898,157.49999999999997,1.8965849867709883,-15.158572750764188,-12.898625642802047,-1.5252874480755213e-14,-2.2599471079621276,0.001098612288668218,-9.999985968687804,3.375339107494133,6.624646861193671,2.361686910757068e-15,-1.351391497826785e-15,-1.1878194820485197e-15,0.9999985968687805
2b,6/2/1,vvw,ponly,8.75,relaxed,LOCALLY_SOLVED,false,vuf endbus,250.3085221435172,endbus ph1,230.82337320897216,sourcebus ph1,2.3375432906917375,endbus,0.034705102728052814,0.7589607443353465,line1 c1,68.21125851159216,9.869380312726832,179.96674648628778,183.75,3.783253513712226,-23.970040005518648,-20.019671415689466,-5.433338826707117e-8,-3.9503685354957927,0.0010986122886681915,-9.999989102030916,4.937087558835793,5.062901543195124,1.9376673988905528e-16,-9.510380207090938e-17,-1.120110232975461e-16,0.9999989102030916
2b,6/2/1,vvw,ponly,8.125,relaxed,LOCALLY_SOLVED,true,,249.19280263796108,endbus ph1,230.85288721562208,sourcebus ph1,1.9369366198916877,endbus,0.0316460600549156,0.6923206322571276,line1 c1,62.173448771692385,8.296383192839233,167.8550389018717,170.62500000000003,2.7699610981283262,-19.51544346680478,-16.431449807749445,-1.972962107552184e-11,-3.083993659035605,0.0010986122886680327,-9.99998782489714,4.105958188518109,5.894029636379032,1.0394327360012163e-15,-5.836588637789205e-16,-5.375472928163947e-16,0.999998782489714
2b,6/2/1,vvw,ponly,8.4375,relaxed,LOCALLY_SOLVED,false,vuf endbus,249.76909789092613,endbus ph1,230.83828079206248,sourcebus ph1,2.1367388356184853,endbus,0.033210646590830575,0.7257479548493172,line1 c1,65.25991625682751,9.067368289558695,173.92689006210819,177.1875,3.2606099378917897,-21.731260929266103,-18.221690659803265,-9.237155429879203e-10,-3.5095702685391257,0.001098612288668115,-9.999988504884449,4.515278888659351,5.484709616225099,5.70433743546623e-16,-3.202497382102644e-16,-2.9483249633377727e-16,0.999998850488445
2b,6/2/1,vvw,ponly,8.28125,relaxed,LOCALLY_SOLVED,false,vuf endbus,249.48572439712123,endbus ph1,230.84562390965039,sourcebus ph1,2.0366848882742095,endbus,0.032437682629093224,0.709062094707692,line1 c1,63.734611477299396,8.677978704906359,170.89513516104515,173.90624999999997,3.0111148389548203,-20.620326161478893,-17.3254091235285,-1.3094987187200549e-10,-3.2949170378194474,0.0010986122886682422,-9.999988180705449,4.3088450355616335,5.691143145143816,7.930495802150472e-16,-4.46072297142559e-16,-4.0924029565939194e-16,0.9999988180705449
2b,6/2/1,vvw,ponly,8.203125,relaxed,LOCALLY_SOLVED,true,,249.3404713932983,endbus ph1,230.84926593951909,sourcebus ph1,1.9867644858393751,endbus,0.03204434284183429,0.7006984504975601,line1 c1,62.958796790797216,8.486205016353146,169.37615269783112,172.265625,2.889472302168894,-20.067114807949977,-16.8780997027537,-5.041988565411978e-11,-3.1890151051458537,0.0010986122886681386,-9.999988007042385,4.2068859288930325,5.793102078149352,9.126120201929874e-16,-5.130011252548853e-16,-4.713462477000908e-16,0.9999988007042384
2b,6/2/1,vvw,ponly,8.2421875,relaxed,LOCALLY_SOLVED,false,vuf endbus,249.41339844051836,endbus ph1,230.8474474623971,sourcebus ph1,2.011714377439384,endbus,0.032241609432935026,0.7048820266367727,line1 c1,63.34785171236183,8.581848044244055,170.1359073982955,173.0859375,2.9500301017044928,-20.343529358597667,-17.10167772802942,-8.109552116547885e-11,-3.241851630487153,0.001098612288668022,-9.99998809489623,4.257748107300359,5.742239987595871,8.520117261999843e-16,-4.791246707526306e-16,-4.3982131794293403e-16,0.9999988094896229
2b,6/2/1,vvw,pq,0.0,relaxed,LOCALLY_SOLVED,true,,230.91364412181713,sourcebus ph3,228.40066503817727,endbus ph1,1.0452838101158673e-5,endbus,7.011225001036897e-8,0.09130671183220088,line1 c1,0.00013798621129745196,0.18853423678014575,0.0,0.0,0.0,0.0,0.0,0.0,0.0,0.0,3.2061980363893765,-1.0687223512683048,-2.137475685121071,2.6958664103688728,1.2907342720124384,0.9395099199254091,0.4188961870332821
2b,6/2/1,vvw,pq,20.0,relaxed,LOCALLY_SOLVED,false,vuf endbus,256.20699552938106,endbus ph3,230.31382818952483,sourcebus ph1,6.096195319012041,endbus,0.05623154365840809,1.6907379240532607,line1 c1,111.72240733962114,47.469594697992335,363.1051796094251,419.99999999999994,56.89482039057485,-130.3240966620765,-75.37203696429286,-26.9912460419985,-27.96081365578511,0.000952686646386175,-9.834464535013192,9.67989448788922,0.15457004712394407,1.8119552869643833,2.509871032009988,-9.998797993457583,0.9999993732617556
2b,6/2/1,vvw,pq,10.0,relaxed,LOCALLY_SOLVED,false,vuf endbus,249.9957379110696,endbus ph1,230.8126029023356,sourcebus ph1,3.258517581622228,endbus,0.031582793673863525,0.8966561470797614,line1 c1,62.400330184260596,13.203400582686722,205.52302800104005,209.99999999999997,4.476971998959911,-31.470474904841684,-22.367114615892213,-3.4369454352398394,-5.666414853709627,0.0010986122886680327,-9.998962766345864,4.178538535759333,5.8204242305865295,0.14345791182532902,9.085095606929086,-8.131549199071909,0.9999991828758473
2b,6/2/1,vvw,pq,5.0,relaxed,LOCALLY_SOLVED,true,,240.59604151228265,endbus ph1,230.97835144449354,sourcebus ph3,0.41075172527392806,endbus,0.001818596322851587,0.34446793758209154,line1 c1,3.5892125669730697,2.3432271584957745,104.88253730774298,104.99999999999999,0.11746269225700878,-0.5963752816777503,-0.5962990603522148,-6.46658580267145e-5,-1.155546750877406e-5,0.0010986122956375965,-9.78875168500714,3.250622195686054,6.5381294893210855,2.0441122884626597,2.647893889897878,-0.426357991216883,0.9999902729455631
2b,6/2/1,vvw,pq,7.5,relaxed,LOCALLY_SOLVED,false,vuf endbus,245.10913911238288,endbus ph1,230.92818453561816,sourcebus ph3,2.1313904881561525,endbus,0.016468989423096034,0.6272850560736041,line1 c1,32.660978080379195,6.738132117533861,156.57586796510407,157.49999999999997,0.924132034895897,-11.018607666680506,-8.023763423617254,-1.5491899447520652,-1.4456542983111873,0.0012455922078952282,-9.996466174261776,2.912690435605108,7.083775738656668,0.2656351452160397,9.566284147014413,-7.058273489038257,0.9999994900175391
2b,6/2/1,vvw,pq,6.25,relaxed,LOCALLY_SOLVED,true,,242.6258718008502,endbus ph1,230.9461185900368,sourcebus ph3,1.347808584046588,endbus,0.009111271775290218,0.48691223189333327,line1 c1,17.777308385286453,4.249808001031437,130.9843100356785,131.25,0.2656899643215027,-4.368659897717846,-3.2823444887816384,-0.6788106047434381,-0.407504804192769,0.0010986122886920135,-9.9760015580553,2.773689327437281,7.202312230618017,0.692028615511598,6.597570802974964,-4.85686514810698,0.9999975534520505
2b,6/2/1,vvw,pq,6.875,relaxed,LOCALLY_SOLVED,true,,243.77371783488212,endbus ph1,230.93232957171927,sourcebus ph3,1.7665209094614374,endbus,0.01283436773832348,0.5573396510910068,line1 c1,25.107311664473745,5.437646661365318,143.86858610671743,144.375,0.5064138932825424,-7.079487692423389,-5.202426610153547,-1.125554066686835,-0.7515070155830061,0.001098774517126982,-9.990017293871329,2.5380747139190283,7.4519425799523,0.4463049798089736,8.251419361246656,-6.667456086373049,0.9999981683325749
2b,6/2/1,vvw,pq,7.1875,relaxed,LOCALLY_SOLVED,true,,244.3742576566152,endbus ph1,230.93059189647482,sourcebus ph3,1.9766150855343556,endbus,0.014818203055178029,0.5924033974964437,line1 c1,29.19882677011586,6.078423127677101,150.25053899791303,150.9375,0.6869610020869832,-8.863620776896349,-6.426657768509622,-1.4038921416810595,-1.0330708667056672,0.001098618804248475,-9.993444172386273,2.741304532278801,7.252139640107472,0.3615921159926118,9.386691922080667,-6.8848752069142245,0.9999983764234278
2b,6/2/1,vvw,pq,7.34375,relaxed,LOCALLY_SOLVED,false,vuf endbus,244.7265962803045,endbus ph1,230.92934722980215,sourcebus ph3,2.0608126274915834,endbus,0.015659746112153376,0.6098815671163454,line1 c1,30.96986242598503,6.40594485645813,153.42100715777156,154.21875000000003,0.797742842228466,-9.91326006566757,-7.1851671126031675,-1.4946918477152562,-1.2334011053491454,0.0010986787395734728,-9.995016845360535,2.8331073951388857,7.161909450221647,0.3151720892308988,9.589375759955493,-6.978799877605296,0.9999984759231937
2b,6/2/1,vvw,pq,7.265625,relaxed,LOCALLY_SOLVED,false,vuf endbus,244.5319319063959,endbus ph1,230.9299080456072,sourcebus ph3,2.025364382655618,endbus,0.015276538029379404,0.6011562787958211,line1 c1,30.15758526276913,6.2432782902743975,151.83933845445094,152.578125,0.7387865455490417,-9.371896547550154,-6.771089361727791,-1.4688442622956404,-1.131962923526722,0.0010986443623081444,-9.994066474859402,2.7914637274374905,7.2026027474219125,0.3439766153204976,9.596958052598405,-6.936735120995033,0.9999984230777365
2b,6/2/1,vvw,pq,7.2265625,relaxed,LOCALLY_SOLVED,true,,244.44790879284383,endbus ph1,230.9302360265628,sourcebus ph3,2.002812971435383,endbus,0.015059390058750744,0.5967831299834817,line1 c1,29.70147233644051,6.161184446833323,151.04584345195002,151.7578125,0.7119690480499763,-9.112882078017366,-6.5893132357159985,-1.4414326360667271,-1.0821362062346407,0.001098628612368202,-9.993699047800066,2.767321842709603,7.226377205090463,0.35448400867049734,9.521660521678136,-6.911935371479867,0.9999983978507319
2b,7/1/1,vvw,qonly,0.0,relaxed,LOCALLY_SOLVED,true,,230.94121475857065,sourcebus ph3,224.94395300252103,endbus ph1,0.8353246934227365,endbus,0.005386368628445697,0.14482024896776188,line1 c1,10.620631598074867,0.29150225680513775,0.0,0.0,0.0,0.0,0.0,0.0,0.0,0.0,2.4997868263418855e-7,2.4997868502410234e-7,2.499786867792906e-7,3.114612850147091,-1.33368768608901,3.1632570156569577,0.3163257015656967
2b,7/1/1,vvw,qonly,20.0,relaxed,LOCALLY_SOLVED,false,vuf endbus,265.11329948119055,endbus ph3,230.2299761806567,sourcebus ph1,8.257786693533795,endbus,0.11564533718321103,1.8200246934882844,line1 c1,241.9215142374221,50.87321696349719,341.50614441294357,419.99999999999994,78.49385558705637,-124.33660045856374,-84.33847672085506,-3.3223252711995688,-36.67579846650913,0.0010986141467118904,2.4999451592670825e-7,2.49994516658716e-7,2.499945151878747e-7,9.999997996796175,3.2147045361060855,-9.999999022576734,0.9999999022576738
2b,7/1/1,vvw,qonly,10.0,relaxed,LOCALLY_SOLVED,false,vuf endbus,254.17705444133975,endbus ph1,229.72045492651696,endbus ph2,5.14672285327564,endbus,0.07504946477071611,1.055417613493786,line1 c1,148.21403100510304,17.55642213531045,198.6113303910922,209.99999999999997,11.388669608907765,-45.18558974167597,-36.17772101141741,2.2227009268737028e-14,-9.007868730258588,0.0010986650388880581,2.499954623019049e-7,2.499954622239279e-7,2.4999546240683563e-7,2.858024721053288,9.999987254695855,-9.999993360643538,0.999999336064354
2b,7/1/1,vvw,qonly,5.0,relaxed,LOCALLY_SOLVED,false,vuf endbus,245.88387849874917,endbus ph1,230.87328217249595,sourcebus ph3,2.952778837886366,endbus,0.016545813619887405,0.4943401477488983,line1 c1,32.64004399853023,3.5450213692028236,104.24315236774548,104.99999999999999,0.7568476322544981,-6.966539082141352,-6.9665390821413915,-6.211880113639232e-14,1.0055264304351138e-13,0.0010986122886719185,2.49987107719557e-7,2.499870435923521e-7,2.4998705136669065e-7,2.7588244578379357,9.999886486052443,-9.99988016296176,0.9999886486052446
2b,7/1/1,vvw,qonly,2.5,relaxed,LOCALLY_SOLVED,true,,238.67409291872812,endbus ph1,230.9229733989462,sourcebus ph3,0.987066810476411,endbus,0.007297398832925487,0.18430051322522173,line1 c1,14.614053725205844,0.47205732755328556,52.44232285484492,52.49999999999999,0.05767714515507727,-1.0175944143467644e-7,-1.0175944568982888e-7,7.638307302768278e-16,3.4913217027357363e-15,0.0010986122886683103,2.50536646329717e-7,2.497661322791931e-7,2.50074970762595e-7,3.2078740934733134,3.5515216033047645,-1.719633196851604,0.35515216033047736
2b,7/1/1,vvw,qonly,3.75,relaxed,LOCALLY_SOLVED,false,vuf endbus,242.59086866541224,endbus ph1,230.89413407212865,sourcebus ph3,2.0774462419638864,endbus,0.007917886674770178,0.34147700868326986,line1 c1,15.985223312555638,1.655793206471306,78.59302466161398,78.74999999999999,0.15697533838600064,-2.267010065137181,-2.267010065137096,-8.654426143125763e-14,1.9824586939320816e-15,0.0010986122886726588,3.258667087717436e-7,2.2578414086817487e-7,2.2388848638656396e-7,3.023515940735116,7.658969124136328,-6.239300932366256,0.765896912413633
2b,7/1/1,vvw,qonly,3.125,relaxed,LOCALLY_SOLVED,true,,241.2899096892363,endbus ph1,230.91401856985064,sourcebus ph3,1.4622319576109868,endbus,0.008600552104363751,0.2625444646530814,line1 c1,17.3292589385815,0.9564152882501186,65.54393043042369,65.625,0.08106956957630862,-0.9405593300908269,-0.9405593300908325,5.662473885880823e-16,5.138783034933875e-15,0.0010986122886681438,2.44103825599822e-7,2.515830607003512e-7,2.452745744018991e-7,3.5950943825084862,5.137432654387042,-3.40459411515823,0.5137432654387049
2b,7/1/1,vvw,qonly,3.4375,relaxed,LOCALLY_SOLVED,true,,241.97862948050232,endbus ph1,230.90435586442416,sourcebus ph3,1.7679842545669602,endbus,0.007994967670716533,0.3020449100224029,line1 c1,16.170146801270022,1.27677940629211,72.07732037510057,72.1875,0.11017962489943134,-1.5870257283158007,-1.587025728315799,-7.115608802408238e-15,5.224470000463084e-15,0.0010986122886686382,2.830192756711991e-7,2.2578534688227152e-7,2.5824978311377196e-7,3.330221555985739,6.389528645835341,-4.794243006939272,0.6389528645835345
2b,7/1/1,vvw,qonly,3.59375,relaxed,LOCALLY_SOLVED,true,,242.2834978626315,endbus ph1,230.89921415185574,sourcebus ph3,1.923776576689927,endbus,0.007859559696959109,0.3217976862977528,line1 c1,15.895916129410901,1.4594020100861311,75.3378721963916,75.46875,0.13087780360840906,-1.914808100247361,-1.9148081002473394,-2.588051830627375e-14,4.249946656718036e-15,0.001098612288669674,2.3888115195923837e-7,2.25784597232962e-7,2.4655191578799883e-7,3.1621198137917355,7.031456161163884,-5.520511898602442,0.7031456161163888
2b,7/1/1,vvw,qonly,3.671875,relaxed,LOCALLY_SOLVED,true,,242.43619661636674,endbus ph1,230.89665966197057,sourcebus ph3,2.0009830951755165,endbus,0.007864237683289695,0.33164944042355626,line1 c1,15.894456327505791,1.5559524552964201,76.96618501678141,77.10937500000001,0.14318998321860565,-2.087262197741581,-2.0872621977415355,-4.873022634600812e-14,3.8994739396935365e-15,0.00109861228867082,3.2311530423627313e-7,2.2578435618639571e-7,2.2839246403123618e-7,3.087745814042258,7.3476140240315555,-5.881552538206178,0.7347614024031559
2b,7/1/1,vvw,qonly,3.7109375,relaxed,LOCALLY_SOLVED,false,vuf endbus,242.51324146194167,endbus ph1,230.89539277767176,sourcebus ph3,2.0393154434031584,endbus,0.007885075703844844,0.33656652469726545,line1 c1,15.92854847579292,1.6054703941692923,77.77979542010186,77.9296875,0.14989207989813957,-2.176179119083331,-2.176179119083268,-6.564584157594643e-14,2.3301497580420455e-15,0.0010986122886716555,2.6159589941304817e-7,2.2578424523205084e-7,2.4743418713441606e-7,3.054262372004093,7.503932986796596,-6.060888314363616,0.75039329867966
2b,7/1/1,vvw,qcap,0.0,relaxed,LOCALLY_SOLVED,true,,230.94564674465815,sourcebus ph3,224.57989135365247,endbus ph1,0.7757002236546591,endbus,0.007034288221136736,0.14479692150604592,line1 c1,13.885330004631985,0.2978889536003142,0.0,0.0,0.0,0.0,0.0,0.0,0.0,0.0,2.4999410560084027e-7,2.4999410598225667e-7,2.4999411459856734e-7,3.5061510436397105,9.417722156596385e-5,3.596700462119816,0.3596700462119825
2b,7/1/1,vvw,qcap,20.0,relaxed,LOCALLY_SOLVED,false,vuf endbus,267.59661264185263,endbus ph3,230.22166251361026,sourcebus ph1,8.250796715256108,endbus,0.12400095602627463,1.7927257963362024,line1 c1,265.0533531913363,49.73335790818817,335.5215130656928,419.99999999999994,84.47848693430716,-125.25669500920398,-85.09723823815814,-2.026486610048652,-38.132970160997196,0.0010986122889068695,2.49988564247989e-7,2.4998856220233e-7,2.499885650630059e-7,9.999993176374513,3.0574264177669788,4.048928165999754e-6,0.9999993176374515
2b,7/1/1,vvw,qcap,10.0,relaxed,LOCALLY_SOLVED,false,vuf endbus,254.91629364470995,endbus ph1,228.8674998162956,endbus ph2,4.365147534123235,endbus,0.0736515390831143,0.9747805037526954,line1 c1,146.6883760722291,14.946161563927928,192.2005424219001,209.99999999999997,17.799457578099865,-47.612585954722306,-38.28835437312193,1.9138670432119214e-14,-9.32423158160039,0.0023082429842220514,2.499944052657287e-7,2.499944053128549e-7,2.499944052340106e-7,9.999980004907101,9.999979675883443,4.088669335785708e-6,0.9999980004907105
2b,7/1/1,vvw,qcap,5.0,relaxed,LOCALLY_SOLVED,false,vuf endbus,247.83438212096286,endbus ph1,229.77212671073028,endbus ph2,2.416015537385363,endbus,0.034650451359407974,0.48719212219368435,line1 c1,68.06571826580632,3.69029272893061,103.70314946925214,104.99999999999999,1.2968505307478395,-9.752554643534003,-9.558800354313249,-1.9163874456930356e-14,-0.19375428922073684,0.001098612288668449,3.5176757652145696e-7,2.2578636263275568e-7,1.8090989423589037e-7,4.443208062844244,9.999956526117233,2.228682669028163e-5,0.9999956526117236
2b,7/1/1,vvw,qcap,2.5,relaxed,LOCALLY_SOLVED,true,,239.15242940181435,endbus ph1,230.93975034247583,sourcebus ph3,0.904772253639481,endbus,0.009402820916793916,0.18386482154051342,line1 c1,18.77484401092553,0.4824598964497307,52.442322854843525,52.49999999999999,0.05767714515646505,-1.2155271084868355e-5,-1.215527119686059e-5,3.791732808199401e-14,7.407490526118475e-14,0.001098612288748286,2.490472290314458e-7,2.4611410131032955e-7,2.5130174765398674e-7,3.778700625424422,4.060563556907196,0.000253404450645981,0.4060563556907204
2b,7/1/1,vvw,qcap,3.75,relaxed,LOCALLY_SOLVED,true,,243.6638306300671,endbus ph1,230.95555927725994,sourcebus ph3,1.8502638317575137,endbus,0.017099368293685357,0.33813895012572237,line1 c1,34.07607783313778,1.7174320710551139,78.49579634736668,78.74999999999999,0.25420365263331135,-3.205851886808464,-3.205851886808449,-4.588367930743629e-14,3.0908530665859034e-14,0.0010986122886706233,2.499841706955741e-7,2.4998414513461886e-7,2.4998413970528325e-7,5.14567229776778,9.999255193935639,4.7586404479545264e-5,0.9999255193935642
2b,7/1/1,vvw,qcap,4.375,relaxed,LOCALLY_SOLVED,false,vuf endbus,246.0468140061324,endbus ph1,230.96350328298868,sourcebus ph3,2.11679415900017,endbus,0.025542668830911483,0.41199843532757124,line1 c1,50.696743963759815,2.57733755075151,91.179094167842,91.875,0.6959058321580169,-6.233474102079411,-6.233474086296242,-1.570682839251611e-13,-1.5783011083806264e-8,0.0010986122886734253,2.7016125629540383e-7,2.2578637824289967e-7,2.3297072240168783e-7,5.142139067888764,9.999843369854165,2.958336569977039e-5,0.9999843369854169
2b,7/1/1,vvw,qcap,4.0625,relaxed,LOCALLY_SOLVED,true,,244.90194442775987,endbus ph1,230.95951434486207,sourcebus ph3,1.9840402202627883,endbus,0.02133846017684631,0.3752472077815936,line1 c1,42.47242522519739,2.122707776406952,84.86782242416886,85.31250000000001,0.44467757583115386,-4.646820447707592,-4.646820447707247,-1.5473138681721153e-13,-1.9057522275317743e-13,0.00109861237573975,2.347070961945102e-7,2.5456559091969337e-7,2.5045944922677004e-7,5.108578556339431,9.999740902246636,3.624781803193445e-5,0.9999740902246639
2b,7/1/1,vvw,qcap,4.21875,relaxed,LOCALLY_SOLVED,false,vuf endbus,245.48747620337267,endbus ph1,230.9615022394827,sourcebus ph3,2.050342586850755,endbus,0.023435053530202074,0.39363935919241827,line1 c1,46.61267091630549,2.343551941511169,88.0306280369533,88.59375,0.5631219630466866,-5.407852430872065,-5.40785243081038,-4.2403941252428174e-14,-6.164248677464178e-11,0.0010986999245459288,2.318949130704862e-7,2.257863544988502e-7,2.0619599530622765e-7,5.115721989297666,9.99989292346999,3.196499329602674e-5,0.9999892923469993
2b,7/1/1,vvw,qcap,4.140625,relaxed,LOCALLY_SOLVED,false,vuf endbus,245.19770806465402,endbus ph1,230.96050718492396,sourcebus ph3,2.017214547161783,endbus,0.022387214288681997,0.3844543000763582,line1 c1,44.54689090998836,2.2315903018039056,86.45109924908473,86.95312499999999,0.5020257509152581,-5.022872077616133,-5.02287207761202,-8.270898496900658e-14,-4.029535822961837e-12,0.0010986153815022396,2.6260474575530716e-7,2.4163488933446904e-7,2.47722347729508e-7,5.110470913079739,9.999851962895061,3.392209609728799e-5,0.9999851962895064
2b,7/1/1,vvw,qcap,4.1015625,relaxed,LOCALLY_SOLVED,true,,245.05052678273702,endbus ph1,230.96001054558724,sourcebus ph3,2.000639079698552,endbus,0.021863219038967294,0.37985414638605797,line1 c1,43.51078940902723,2.1767732004514246,85.65994071550817,86.1328125,0.4728717844918351,-4.833973301202824,-4.833973301201717,-1.140136868792866e-13,-9.931771950821015e-13,0.0010986128159207926,2.5242666109339015e-7,2.5170435478079585e-7,2.4837893083711434e-7,5.109041935517662,9.999811573149668,3.502660610980054e-5,0.9999811573149671
2b,7/1/1,vvw,ponly,0.0,relaxed,LOCALLY_SOLVED,true,,230.9059079553862,sourcebus ph2,227.6610007619596,endbus ph1,0.26221073890887425,endbus,0.0018159042447717412,0.10204314080578034,line1 c1,3.624674887966664,0.2171967160279913,0.0,0.0,0.0,0.0,0.0,0.0,0.0,0.0,4.3090051977697605,-1.4734174169830627,-2.8355877807866974,-3.5354562078069205e-16,1.5895605362406372e-15,-1.245281210151512e-15,0.4309005197769761
2b,7/1/1,vvw,ponly,20.0,relaxed,LOCALLY_SOLVED,false,vuf endbus,266.7198520727001,endbus ph3,230.15515706158908,sourcebus ph1,8.680583199581998,endbus,0.11784980674589203,1.845823434232418,line1 c1,250.59125955621917,53.85235376316507,349.3826279063742,419.99999999999994,70.61737209362575,-123.61610491858119,-81.11412105107381,-4.982203982634995,-37.5197798848724,0.0010986122886680327,-9.999990001488959,9.999993899541021,-3.8980520636999155e-6,1.5699363580987986e-17,-1.027657605290021e-17,-7.600468592142553e-18,0.9999993899541021
2b,7/1/1,vvw,ponly,10.0,relaxed,LOCALLY_SOLVED,false,vuf endbus,253.81352100197313,endbus ph1,230.6681975758513,sourcebus ph1,4.021149941371708,endbus,0.06367619955068442,0.9804707198828972,line1 c1,126.37136089084608,15.68895494342106,200.6313238538759,209.99999999999997,9.368676146124066,-43.02155663940586,-35.39492190849712,2.7103326957829594e-14,-7.626634730908763,0.001098612300426266,-9.999992022195903,9.999941408148416,5.0614047491358285e-5,-3.65941110445052e-15,2.1045150177120673e-15,1.8993126563379105e-15,0.9999992022195903
2b,7/1/1,vvw,ponly,5.0,relaxed,LOCALLY_SOLVED,true,,243.35210294560736,endbus ph1,230.9349355627023,sourcebus ph1,0.74623354622172,endbus,0.0193523349618604,0.3909307031636238,line1 c1,38.354831242070354,2.671733622685883,104.70345635405923,104.99999999999999,0.2965436459407611,-4.007544408113654,-3.9107880563010635,1.1030760437130493e-14,-0.09675635181260206,0.0010986122886708083,-9.999974918044582,4.949714078291879,5.050260839752705,-4.912006033364274e-17,2.2072635206751668e-16,-1.3466536924203752e-16,0.9999974918044583
2b,7/1/1,vvw,ponly,7.5,relaxed,LOCALLY_SOLVED,false,vuf endbus,250.26986164022154,endbus ph1,230.81417727118992,sourcebus ph1,2.3863044694133113,endbus,0.04425127180205251,0.6944129291627554,line1 c1,86.66167127884496,7.992652200217703,153.97532778595854,157.49999999999997,3.5246722140414466,-21.941835457977366,-19.46755837148551,2.2015813112210582e-14,-2.4742770864918775,0.001098612288668958,-9.999989923369341,7.4695180362311655,2.5304718871381837,-4.724006052261872e-15,2.6380005577536158e-15,2.4529011238174587e-15,0.9999989923369341
2b,7/1/1,vvw,ponly,6.25,relaxed,LOCALLY_SOLVED,true,,247.4359200708417,endbus ph1,230.88016423125504,sourcebus ph1,1.5556681627388647,endbus,0.032964836801773235,0.5452229220409741,line1 c1,64.26446224955473,5.0086431407243746,129.74458282522568,131.25,1.5054171747743261,-12.179923494485617,-11.433658776513807,1.546037407438609e-14,-0.7462647179718248,0.0010986184293645396,-9.999986300809487,6.1352800105873495,3.8647062902221405,-1.6698227554372316e-15,6.054815022483537e-16,1.2684083540932233e-15,0.9999986300809487
2b,7/1/1,vvw,ponly,6.875,relaxed,LOCALLY_SOLVED,true,,248.90833443834606,endbus ph1,230.84884023812725,sourcebus ph1,1.9315850791765867,endbus,0.03949180524447595,0.6204720479165508,line1 c1,77.25671453901477,6.441380482957751,141.96570694246967,144.375,2.4092930575303484,-16.993300214285657,-15.317227362555316,1.6191430964419148e-14,-1.6760728517303571,0.0010986122886684363,-9.999988515579398,6.379911962978488,3.6200765526009135,-1.5484722485258305e-15,9.591867892886053e-16,6.785044787421473e-16,0.9999988515579398
2b,7/1/1,vvw,ponly,7.1875,relaxed,LOCALLY_SOLVED,false,vuf endbus,249.61124404278252,endbus ph1,230.83177256640224,sourcebus ph1,2.1552798840384377,endbus,0.041974836619131754,0.6575997272241673,line1 c1,82.17367181057425,7.200003121486194,147.99321359491546,150.9375,2.9442864050845508,-19.457825799107898,-17.37862942829836,1.9258711425300962e-14,-2.0791963708095627,0.0010986122886687086,-9.999989291468566,6.886506156563755,3.1134831349048153,-2.4970794238135832e-15,1.4725416243494986e-15,1.191583287294658e-15,0.9999989291468566
2b,7/1/1,vvw,ponly,7.03125,relaxed,LOCALLY_SOLVED,false,vuf endbus,249.26546287987276,endbus ph1,230.8403773702787,sourcebus ph1,2.0424346476617683,endbus,0.04076103246066322,0.6390766334653388,line1 c1,79.77280797863794,6.816433055975724,144.98536934413443,147.65625,2.6708806558655596,-18.222839876968568,-16.344047050209745,1.787609143321737e-14,-1.8787928267588387,0.0010986122886684768,-9.999988924919363,6.622705208412974,3.3772837165063914,-1.9963972727295585e-15,1.2087121967528e-15,9.116312513992728e-16,0.9999988924919363
2b,7/1/1,vvw,ponly,6.953125,relaxed,LOCALLY_SOLVED,true,,249.08834812013745,endbus ph1,230.84462701938364,sourcebus ph1,1.9867586860310575,endbus,0.040133447102405344,0.6297847119270351,line1 c1,78.52935466977065,6.627836930155127,143.4770413070684,146.01562500000003,2.5385836929316286,-17.607336302174293,-15.829636327426769,1.8163339473903008e-14,-1.7776999747475395,0.0010986122886685566,-9.999988725972655,6.498648211037028,3.5013405149356287,-1.7537161110423688e-15,1.0744171326118117e-15,7.841129359587471e-16,0.9999988725972655
2b,7/1/1,vvw,ponly,6.9921875,relaxed,LOCALLY_SOLVED,false,vuf endbus,249.17726329261345,endbus ph1,230.84250669683135,sourcebus ph1,2.014533695030486,endbus,0.04044899074987755,0.634433242230543,line1 c1,79.15472072499222,6.721868396463567,144.2315780413219,146.8359375,2.604359458678074,-17.914912032355925,-16.08659415086536,1.7238733404832116e-14,-1.828317881490584,0.0010986122886684174,-9.99998882681744,6.5600118924106665,3.439976934406775,-1.8697256657739314e-15,1.1388597585087529e-15,8.4473916901775275e-16,0.999998882681744
2b,7/1/1,vvw,pq,0.0,relaxed,LOCALLY_SOLVED,true,,230.9136442489894,sourcebus ph3,228.40064465897004,endbus ph1,1.4792720097286638e-5,endbus,9.782486729105391e-8,0.09130697633061602,line1 c1,0.00019250438671333662,0.18853423665104294,0.0,0.0,0.0,0.0,0.0,0.0,0.0,0.0,4.274928237401169,-2.137450614170638,-2.13747762323053,3.047132263279682,0.9394495079843888,0.9395230940003145,0.5249764419938272
2b,7/1/1,vvw,pq,20.0,relaxed,LOCALLY_SOLVED,false,vuf endbus,265.394408036085,endbus ph3,230.1729098202519,sourcebus ph1,8.750375000734987,endbus,0.11363850798934959,1.8766060317369777,line1 c1,237.45249398906955,55.1894977985353,354.88838961262945,419.99999999999994,65.11161038737048,-124.25411169975185,-80.07681435652067,-7.631025868816112,-36.546271474415086,0.0010986122886680327,-9.93037579116745,9.02593591942156,0.9044398717458891,1.1779504065194366,4.304913098842831,-9.959005272658013,0.999999652570059
2b,7/1/1,vvw,pq,10.0,relaxed,LOCALLY_SOLVED,false,vuf endbus,251.96671944544394,endbus ph1,230.7259943484751,sourcebus ph1,4.236588239883005,endbus,0.052165176779473,0.9856458329332439,line1 c1,101.54171412077606,15.261814572922091,202.9649208849436,209.99999999999997,7.035079115056364,-37.48635862780933,-30.597890386434017,-5.4355317613531937e-11,-6.888468241320962,0.0010986122886787186,-9.965779827717911,7.784415816378634,2.181364011339278,0.8265167554707017,6.277150444653257,-9.759167746988192,0.9999994876079841
2b,7/1/1,vvw,pq,5.0,relaxed,LOCALLY_SOLVED,true,,241.61995204374873,endbus ph1,230.9418990363607,sourcebus ph3,1.2360733954055194,endbus,0.005200810731430553,0.38931558264697186,line1 c1,10.14346221753908,2.5321001016601494,104.85866923397944,104.99999999999999,0.14133076602054206,-1.8899440777970777,-1.889944059555488,-1.715232609611606e-8,-1.089263712980429e-9,0.0010986122886681715,-9.928147385596944,5.66583027716061,4.262317108436334,1.1963654542906532,5.0236585242849,-3.736850570877283,0.9999970040472898
2b,7/1/1,vvw,pq,7.5,relaxed,LOCALLY_SOLVED,false,vuf endbus,247.51781340415195,endbus ph1,230.8741541040681,sourcebus ph1,2.9372618137492763,endbus,0.028030811843021055,0.6973358865704519,line1 c1,55.033035136049676,7.632418596713814,155.60569012008364,157.49999999999997,1.8943098799163227,-15.635901842177436,-14.039154208476361,-1.3431249673325953e-9,-1.5967476323579421,0.0010986122886680327,-9.993387144801295,6.189641830452597,3.803745314348697,0.36340092776596483,7.854155432555158,-9.248290096795756,0.9999992343006114
2b,7/1/1,vvw,pq,6.25,relaxed,LOCALLY_SOLVED,false,vuf endbus,244.14447183811953,endbus ph1,230.90357784321023,sourcebus ph3,2.3206476371094844,endbus,0.01451829279937783,0.5457139472278949,line1 c1,28.16047942903872,4.7918910486216895,130.73229253507722,131.25,0.5177074649227675,-6.29983969782365,-6.051034715599337,-0.002111279366388516,-0.2466937028579252,0.0010986647566687546,-9.991844991292684,5.538549419490782,4.453295571801901,0.4034636257409619,8.325989826216626,-8.953471372766595,0.9999987461357976
2b,7/1/1,vvw,pq,5.625,relaxed,LOCALLY_SOLVED,true,,242.61039471479396,endbus ph1,230.91966041895716,sourcebus ph3,1.887620407393042,endbus,0.00939581583150585,0.4682217639221272,line1 c1,18.366547247943853,3.5916948765233223,117.88740212015077,118.12500000000001,0.23759787984924952,-3.4374463410276133,-3.4261434024896933,-0.011075688501556956,-0.00022725003636307612,0.0019690112890104355,-9.979894672856899,5.836340817579773,4.143553855277125,0.6335116570401365,7.8311917857729005,-6.715345767512028,0.9999981735029481
2b,7/1/1,vvw,pq,5.9375,relaxed,LOCALLY_SOLVED,false,vuf endbus,243.21474720445158,endbus ph1,230.9058206186726,sourcebus ph3,2.150811917768906,endbus,0.01179666320427758,0.5072659178273615,line1 c1,23.02924612878576,4.192998656463214,124.3564750394017,124.6875,0.3310249605982918,-4.541751644231855,-4.453787264261018,-0.028721531869181763,-0.05924284810165599,0.0010986122892883553,-9.987570819129212,5.516547845486011,4.471022973643201,0.4981205534647978,8.340159792383869,-8.505965093837567,0.999998474763364
2b,7/1/1,vvw,pq,5.78125,relaxed,LOCALLY_SOLVED,false,vuf endbus,242.89790599076568,endbus ph1,230.91318302656632,sourcebus ph3,2.0261408893031416,endbus,0.010646500686091603,0.48779144145701264,line1 c1,20.80140623101002,3.887518359139127,121.12731593793946,121.40625,0.27893406206054294,-3.942073940947481,-3.9091570310752686,-0.024928363434380776,-0.007988546437831461,0.0013818026270092784,-9.984449946771564,5.709029911259778,4.275420035511787,0.5571596400214909,8.208585065667167,-7.581341972485836,0.9999983380188967
2b,7/1/1,vvw,pq,5.703125,relaxed,LOCALLY_SOLVED,true,,242.74532639510986,endbus ph1,230.91678086189833,sourcebus ph3,1.9629451960633562,endbus,0.010003131222081916,0.4780199334868228,line1 c1,19.56037738488881,3.7389360377144922,119.50919657429304,119.76562499999999,0.2564284257069449,-3.6789155625076058,-3.653286804371805,-0.024419091020032903,-0.0012096671157677482,0.0010986197868139726,-9.982349651970889,5.8216727998638635,4.160676852107025,0.5935881942648629,8.12197774083918,-7.10369989514396,0.9999982575913517
2b,7/1/1,vvw,pq,5.7421875,relaxed,LOCALLY_SOLVED,true,,242.82105402516683,endbus ph1,230.91498810162082,sourcebus ph3,1.9947063761140735,endbus,0.010328212760382852,0.4829085711799516,line1 c1,20.18740376110576,3.812872506939089,120.31854541136391,120.5859375,0.267392088636087,-3.8077863558945197,-3.7797731275426827,-0.024754572111753245,-0.0032586562400844623,0.0010986659663149558,-9.983454250412919,5.765168321217805,4.218285929195114,0.5747181944199184,8.168211917817455,-7.343349308448532,0.9999982988639784
3,3/3/3,vvw,none,13.90625,relaxed,LOCALLY_SOLVED,true,,252.21604485854644,endbus ph1,230.8518235749775,sourcebus ph1,1.3368272809992903e-14,endbus,2.8882068379078925e-17,0.99982064066523,line1 c1,1.7197978506205038e-13,22.7277437567002,279.1505405949561,292.03125,12.88070940504391,-69.47019864422451,-23.156732881408168,-23.15673288140815,-23.15673288140819,0.0010837284580337693,,,,,,,
3,3/3/3,vvw,qonly,13.90625,relaxed-cost,LOCALLY_SOLVED,true,,251.81700838571973,endbus ph1,230.8283097163856,sourcebus ph3,9.279825683943394e-9,endbus,9.187046502789056e-11,1.010454632271078,line1 c1,1.312452945571777e-7,23.554514573685097,280.018834256017,292.03125,12.012415743983018,-66.85729812804995,-22.285766067930815,-22.285766027115237,-22.285766033003892,0.0013205320695032843,3.331870090405183e-7,2.25787821050139e-7,2.2589944636093467e-7,-3.190319765141093,-3.190319751928994,-3.190319833439468,0.31903198334394756
3,3/3/3,vvw,qcap,13.90625,relaxed-cost,LOCALLY_SOLVED,true,,252.21609268369204,endbus ph1,230.85182640521555,sourcebus ph1,1.5628678473863592e-11,endbus,4.180681401078929e-13,0.9998193866257092,line1 c1,4.260725594303253e-10,22.727647964180974,279.15043450472564,292.03125,12.880815495274378,-69.47051551052323,-23.156838503607023,-23.156838503403183,-23.15683850351303,0.0010837259327700756,2.500045938327834e-7,2.4991703249652466e-7,2.49798242384862e-7,0.00038566031206516637,0.0003856603060551864,0.00038566029973907825,3.8566039309799295e-5
3,3/3/3,vvw,ponly,13.90625,relaxed-cost,LOCALLY_SOLVED,true,,252.2160448585894,endbus ph1,230.85182357497672,sourcebus ph1,1.467143268269626e-11,endbus,1.7621607358061364e-13,0.9998206406659859,line1 c1,3.5603125722714463e-10,22.727743756700207,279.15054059495617,292.03125,12.880709405043866,-69.47019864422458,-23.156732881489905,-23.15673288137028,-23.156732881364395,0.0010837284580345675,8.922327569650183e-11,1.8076374605218144e-11,-1.0728905890863218e-10,1.2902302263991604e-15,1.2902202285238802e-15,1.2902285510556552e-15,1.0728905891639013e-11
3,3/3/3,vvw,pq,13.90625,relaxed-cost,LOCALLY_SOLVED,true,,251.81701864028906,endbus ph3,230.82831032324088,sourcebus ph2,1.5414516218167153e-14,mid2,2.5866702435348012e-17,1.0104543508061974,line1 c1,1.4576451205879316e-13,23.55449241854366,280.01881238911557,292.03125,12.012437610884463,-66.85736417524055,-22.285788058413512,-22.285788058413498,-22.28578805841354,0.0013204924378494953,-1.331065901810936e-15,-1.6118758251956e-15,3.714560511206462e-15,-3.1902381174735366,-3.190238117473534,-3.1902381174735344,0.31902381174735367
3,4/3/2,vvw,none,11.171875,relaxed,LOCALLY_SOLVED,true,,253.03907424865886,endbus ph1,230.82018604052874,sourcebus ph1,1.8482656319866464,endbus,0.022281916849616577,0.8960543968301432,line1 c1,43.91942961908567,15.048869737447927,227.8463368718243,234.609375,6.7630381281757135,-41.36982364902593,-23.613628354644952,-8.209099543436322,-9.547095750944662,0.0010986122984785378,,,,,,,
3,4/3/2,vvw,qonly,11.171875,relaxed-cost,LOCALLY_SOLVED,true,,250.03673793206488,endbus ph1,230.8171327478794,sourcebus ph1,2.319106976746673,endbus,0.015268502516982743,0.9250297761733712,line1 c1,31.60772987159575,15.493862875598127,228.9903487389591,234.609375,5.619026261040894,-40.00957070731929,-18.152058957165128,-13.073216201961458,-8.784295548192711,0.0010986122886683276,2.499948314405472e-7,2.499948302577017e-7,2.4999482873388144e-7,-5.694625364586756,9.103118686558757,-8.001630840980997,0.910311868655876
3,4/3/2,vvw,qonly,11.171875,relaxed-VUF,LOCALLY_SOLVED,true,,254.85281270957822,endbus ph1,230.86717108590184,sourcebus ph2,0.48421874973368345,endbus,0.023562328498654226,0.8245602586410686,line1 c2,50.89836493991848,14.44100112171557,223.40303219133455,234.609375,11.20634280866546,-39.4485741630725,-27.354479587440693,-9.562304290131642,-2.5317902855001613,0.0010986122886682034,2.498370488233431e-7,2.498370354632923e-7,2.5223660344349025e-7,9.999539632718472,-8.415629471491023,-9.999529284268597,0.9999539632718475
3,4/3/2,vvw,qcap,11.171875,relaxed-cost,LOCALLY_SOLVED,true,,251.58637179742445,endbus ph1,230.8453394363134,sourcebus ph1,2.168186434891772,endbus,0.018225886088655725,0.9024132930509139,line1 c1,36.72315478051469,14.689194377562057,227.96232928688363,234.609375,6.647045713116384,-43.163930766087404,-21.007769287997498,-11.840344094544301,-10.31581738354561,0.0010986122887082026,2.49987394136257e-7,2.49987416800685e-7,2.499873085313314e-7,0.0002028347320468313,9.99972302458775,5.412051546178134e-5,0.9999723024587752
3,4/3/2,vvw,qcap,11.171875,relaxed-VUF,LOCALLY_SOLVED,true,,254.52520478171039,endbus ph1,230.89313850080407,sourcebus ph1,1.1103665998421095,endbus,0.019427783990716426,0.8365130618613408,line1 c1,40.13104679109456,13.79665481865893,224.6024937336508,234.609375,10.006881266349232,-43.3059322391011,-26.60408118556929,-9.813944284887215,-6.887906768644592,0.0018987582788612216,2.49995439174207e-7,2.499954387829446e-7,2.499954391068622e-7,9.99994955808871,0.00014826587090413388,9.291090775601242e-5,0.9999949558088714
3,4/3/2,vvw,ponly,11.171875,relaxed-cost,LOCALLY_SOLVED,true,,251.2528277841318,endbus ph3,230.8962841721754,sourcebus ph1,0.37021522610991736,endbus,0.007354574453782334,0.8061783061133646,line1 c1,16.1462582570234,14.493280646335439,229.0231076515727,234.609375,5.5862673484273095,-40.00088129579854,-15.402552492756794,-12.362238646696728,-12.236090156345018,0.0010986122913465273,-9.999860787988439,6.340042493302339e-5,9.999797387563508,5.082028167831553e-16,-2.244920363309658e-16,-2.9412739013602796e-16,0.9999860787988439
3,4/3/2,vvw,ponly,11.171875,relaxed-VUF,LOCALLY_SOLVED,true,,251.30762410056084,endbus ph3,230.89574786122716,sourcebus ph1,0.36960301868829,endbus,0.007696035129691606,0.8077267068433638,line1 c1,16.83024274576921,14.495341686419833,229.01937065692283,234.609375,5.590004343077171,-39.993902718105524,-15.459479149502597,-12.235794724885595,-12.298628843717324,0.0010986122922242712,-9.847615721905155,-0.15186917134297703,9.999484893248116,-8.135426301788965e-15,1.5118787634568576e-14,-6.9253920990280665e-15,0.9999484893248116
3,4/3/2,vvw,pq,11.171875,relaxed-cost,LOCALLY_SOLVED,true,,250.8895006247977,endbus ph3,230.89244553047052,sourcebus ph1,0.35984943510932227,endbus,0.007072038747623569,0.8119199340629798,line1 c1,15.43583040213873,14.619288139063858,229.17973462056463,234.609375,5.429640379435385,-39.45575426545596,-14.459386460289675,-13.204085872115684,-11.792281933050601,0.0010986122888640996,-9.906358563031791,0.12249360384469102,9.783864959187099,-1.3643687563981712,1.046922725051051,-2.067333024866408,0.9999893968203486
3,4/3/2,vvw,pq,11.171875,relaxed-VUF,LOCALLY_SOLVED,true,,251.8134917889675,endbus ph1,230.89932124770812,sourcebus ph2,0.028780137792011676,mid2,0.008970750095989967,0.8183195701097142,line1 c1,19.96582396190428,14.636884835160874,228.47734504194062,234.609375,6.132029958059393,-40.61752939567097,-21.55079250314437,-9.709951905968316,-9.356784986558283,0.0010986122933903315,-6.161092610671949,-2.0323259772091653,8.193418587881114,6.870232353372993,-5.537561734274709,-4.604321220917167,0.9398504245975735
3,5/3/1,vvw,none,6.9140625,relaxed,LOCALLY_SOLVED,true,,250.4642588093381,endbus ph1,230.87928376879458,sourcebus ph1,2.0056779040495774,endbus,0.02885266410505862,0.5965261170172524,line1 c1,56.32083792492091,5.998054323761296,142.8380573861807,145.19531249999997,2.3572551138192566,-13.540089091886342,-13.54002641393009,-8.997672510784106e-13,-6.267795535009523e-5,0.0010986123023392187,,,,,,,
3,5/3/1,vvw,qonly,6.9140625,relaxed-cost,LOCALLY_SOLVED,true,,245.95235654370603,endbus ph1,230.88290974466665,sourcebus ph1,2.7567603746709137,endbus,0.0124007186193121,0.6193163243558573,line1 c1,25.184775032789474,6.12737180977298,144.3238080201452,145.19531249999997,0.8715044798547567,-9.123659298027388,-7.278333916417592,-1.8452736401449261,-5.1741464868683645e-5,0.0010986123185006537,2.4998528519055417e-7,2.4998526360098507e-7,2.4998525369555647e-7,-5.782454482542836,9.999860333829039,-7.37488267058745,0.9999860333829043
3,5/3/1,vvw,qonly,6.9140625,relaxed-VUF,LOCALLY_SOLVED,true,,253.9312690551337,endbus ph1,230.89607141042268,sourcebus ph2,0.7942206520093592,endbus,0.037158822379235845,0.556966668108281,line1 c1,76.93004364485122,6.093179183502127,140.9343528106276,145.19531249999997,4.26095968937239,-18.403263792734943,-18.403263634712467,-1.5802249148231087e-7,1.572509766459285e-14,0.0010986122886680954,2.499946247043073e-7,2.499946247661035e-7,2.499946246104279e-7,9.999894181477504,-9.999914480317507,-6.0541468958129565,0.9999914480317511
3,5/3/1,vvw,qcap,6.9140625,relaxed-cost,LOCALLY_SOLVED,true,,248.11043792861005,endbus ph1,230.9100192095229,sourcebus ph1,2.5068126276079328,endbus,0.0189578129663706,0.6009136803529743,line1 c1,37.61497281652937,5.855930616258401,143.76072823382773,145.19531249999997,1.4345842661722452,-11.217562779430954,-10.288852733288108,-0.7266726498787999,-0.20203739626404865,0.001098612288668497,2.4999068051790496e-7,2.499906943825181e-7,2.4999066777805393e-7,0.00011855035161805827,9.999954146581175,4.0376118094223e-5,0.9999954146581178
3,5/3/1,vvw,qcap,6.9140625,relaxed-VUF,LOCALLY_SOLVED,true,,252.47847131804446,endbus ph1,230.9522440269994,sourcebus ph1,1.4438928279926302,endbus,0.027461304788784,0.5640673505609035,line1 c1,56.24387757376021,5.469380827357811,141.8094532054079,145.19531249999997,3.385859294592075,-16.4055615586329,-16.390605422475886,-0.014956136157026,1.1672537398609584e-14,0.0010986989479387734,2.49997588700266e-7,2.499975909815896e-7,2.4999758909907954e-7,9.99994571102596,5.592873809862018e-5,0.00024531196141790005,0.9999945711025964
3,5/3/1,vvw,ponly,6.9140625,relaxed-cost,LOCALLY_SOLVED,true,,244.06119565719248,endbus ph3,230.9543815654033,sourcebus ph1,0.4855370695594102,endbus,0.008410565830337972,0.49516094769482244,line1 c1,16.571716281240803,5.126420798772695,144.70654536607134,145.19531249999997,0.488767133928647,-6.64315755003748,-4.5661687626294425,-1.0550290507948923,-1.0219597366131463,0.001964313468973426,-9.999937249100391,6.776537193003817e-5,9.999869483728462,1.1610552513265095e-16,-3.7129533035724226e-17,-7.957071272912928e-17,0.9999937249100391
3,5/3/1,vvw,ponly,6.9140625,relaxed-VUF,LOCALLY_SOLVED,true,,244.0617583853138,endbus ph3,230.95437540419405,sourcebus ph1,0.4856222097696195,endbus,0.008414515938525073,0.49517691629811916,line1 c1,16.579659646691283,5.126465001697038,144.70646227579957,145.19531249999997,0.4888502242003989,-6.643335235225728,-4.566945869786422,-1.0541834834995072,-1.0222058819397997,0.0019600221621916608,-9.998471469573913,-0.0011058425198900495,9.9995773120938,-3.4818213615892333e-16,1.7840543111454823e-15,-1.4478741688823719e-15,0.99995773120938
3,5/3/1,vvw,pq,6.9140625,relaxed-cost,LOCALLY_SOLVED,true,,244.2470813111931,endbus ph3,230.96745633072325,sourcebus ph1,0.6039380286858779,endbus,0.00682474726237014,0.4959342382189856,line1 c1,13.318497593253921,5.075449076700577,144.75722437372684,145.19531249999997,0.43808812627312843,-6.616286526438131,-3.2990697926377974,-2.2175379680672243,-1.0996787657331097,0.0010986221360192534,-9.999636820696988,0.015338761928194729,9.984298058768793,0.07088669185214819,4.478610693146311,-0.5587299444611725,0.9999919343533319
3,5/3/1,vvw,pq,6.9140625,relaxed-VUF,LOCALLY_SOLVED,true,,249.24455919575166,endbus ph1,230.91568985599508,sourcebus ph2,0.03032273858592438,mid2,0.022117582210172983,0.5173733275901713,line1 c1,44.01331590478496,5.422882181706975,143.34637079515508,145.19531249999997,1.8489417048448864,-12.170474953262442,-11.918113153811476,1.9737580394901343e-14,-0.2523617994509858,0.0010986122886680954,-5.995379307308779,-2.847603999363797,8.842983306672576,6.986960173560787,-7.971780771120976,-2.8343761675885704,0.9286120935109767
3,6/2/1,vvw,none,6.1328125,relaxed,LOCALLY_SOLVED,true,,250.61050316436615,endbus ph1,230.10720589704744,endbus ph2,2.00412790105352,endbus,0.04130062215300313,0.5757763241057972,line1 c1,80.49596348119098,5.386213036447385,126.26086600241628,128.7890625,2.5281964975837123,-14.49377957905723,-14.218613428701152,-9.076562756298038e-15,-0.27516615035607006,0.0010986122886600138,,,,,,,
3,6/2/1,vvw,qonly,6.1328125,relaxed-cost,LOCALLY_SOLVED,true,,246.7276672270738,endbus ph1,230.88570464151968,sourcebus ph3,2.9730002704516876,endbus,0.014836184237433091,0.5816761912735349,line1 c1,29.266567247795866,5.024721978032935,127.74754815075298,128.7890625,1.0415143492470191,-8.692991255989323,-8.692991239895342,-1.519505474647152e-8,-8.989260104459123e-10,0.0010986122886687258,2.4998863599234087e-7,2.4998861158205883e-7,2.499886154692466e-7,0.12939694992408304,9.999933302744747,-9.99990388877726,0.999993330274475
3,6/2/1,vvw,qonly,6.1328125,relaxed-VUF,LOCALLY_SOLVED,true,,254.34129542611421,endbus ph1,229.15562461876965,endbus ph2,0.7724026621662446,endbus,0.04658884632594985,0.5204311902486267,line1 c1,92.78745709341197,5.171557902575799,122.88970564241922,128.7890625,5.899356857580784,-19.632313352784728,-19.63231335278476,1.3118302736667432e-14,1.2482470343756959e-14,0.00109861228866816,2.503309482039665e-7,2.510514826765623e-7,2.500326595428987e-7,9.99977151217402,-9.999803763016397,-1.0406389923300448,0.99998037630164
3,6/2/1,vvw,qcap,6.1328125,relaxed-cost,LOCALLY_SOLVED,true,,248.55631303461837,endbus ph1,230.90745950940936,sourcebus ph1,2.5930220323380615,endbus,0.03161186252562283,0.573775834966021,line1 c1,61.64053698556718,5.090834783682309,127.13283026754834,128.7890625,1.6562322324516598,-11.760098646158855,-11.297311907138335,-5.111719696756421e-14,-0.4627867390204711,0.0010986122886750618,2.4999066413904867e-7,2.49990709980846e-7,2.499906092330242e-7,1.9147155918766423,9.999964621887122,2.199481487456481e-5,0.9999964621887125
3,6/2/1,vvw,qcap,6.1328125,relaxed-VUF,LOCALLY_SOLVED,true,,253.04438100005513,endbus ph1,230.92581019242644,sourcebus ph1,1.5114641979466819,endbus,0.040323518852482414,0.5388073678964493,line1 c1,79.32976160459538,4.817885482228499,124.91281451856011,128.7890625,3.8762479814398842,-17.768089071075067,-17.768079611123515,1.5912703819677158e-14,-9.459951569944716e-6,0.0010986122890647289,2.4999759702183646e-7,2.499975972821203e-7,2.499975969182222e-7,9.999941154201064,4.4592142666618925e-5,2.8071996464955182,0.9999941154201067
3,6/2/1,vvw,ponly,6.1328125,relaxed-cost,LOCALLY_SOLVED,true,,244.62401979885993,endbus ph1,230.93396362801568,sourcebus ph1,0.8119017537360482,endbus,0.017643865121324282,0.47323558061249277,line1 c1,34.76473461956773,4.115435758079845,128.2265769924684,128.7890625,0.5624855075315738,-6.303781159113354,-5.715397501925251,4.237749641234527e-15,-0.5883836571881078,0.0014002451845613096,-9.999976386066164,3.032961050804348,6.967015335261821,4.228585108814694e-15,-2.772674260874522e-15,-1.6281687072936967e-15,0.9999976386066164
3,6/2/1,vvw,ponly,6.1328125,relaxed-VUF,LOCALLY_SOLVED,true,,245.84606617250316,endbus ph3,230.939652826726,sourcebus ph1,0.6010076981396648,endbus,0.023032021588376715,0.47337780415236125,line1 c1,46.25960276612432,4.219155118366291,128.24097724721884,128.7890625,0.5480852527811608,-6.4726647517475255,-4.953199891103384,1.5489629187666822e-14,-1.5194648606441588,0.0010986184121768241,-9.999542748916673,0.0009230800177731476,9.998619668898902,-7.459588125974295e-16,-1.1808873066255113e-16,8.827314759033293e-16,0.9999542748916672
3,6/2/1,vvw,pq,6.1328125,relaxed-cost,LOCALLY_SOLVED,true,,242.4300483877095,endbus ph1,230.94966533077348,sourcebus ph3,1.2643894848146728,endbus,0.008393426569743604,0.47358270617490994,line1 c1,16.37062208296513,4.041644147682128,128.55228137958682,128.7890625,0.23678112041316535,-3.925922224480523,-2.9806073514212597,-0.5954676757480041,-0.34984719731125935,0.0010986122886695179,-9.970298963655463,2.8563551599542043,7.1139438037012575,0.7698140736919965,6.285468136637898,-4.405091664003535,0.9999973756601737
3,6/2/1,vvw,pq,6.1328125,relaxed-VUF,LOCALLY_SOLVED,true,,249.36867222214568,endbus ph1,228.8362403450723,endbus ph2,0.03471164627895707,mid2,0.036696825378407676,0.48384241995373867,line1 c1,71.99532958240405,4.7611396184026455,126.77538640595594,128.7890625,2.013676094044059,-13.291009896230868,-12.501895827643503,1.859569067295293e-14,-0.7891140685873839,0.0010986755590077291,-7.246247560608975,-1.584677483389297,8.830925043998272,5.7802773888405365,-8.616542167499446,0.4214886047984921,0.9269288559623801
3,7/1/1,vvw,none,5.390625,relaxed,LOCALLY_SOLVED,true,,250.36717841670784,endbus ph1,224.36326227726724,endbus ph2,2.0009638597232917,endbus,0.05090678434967763,0.543865348801029,line1 c1,99.80987932566491,4.996268564491067,110.75587741951654,113.20312500000003,2.4472475804834914,-14.389425819729954,-13.94396836110313,-1.0790762588995446e-14,-0.4454574586268125,0.0010986122886576385,,,,,,,
3,7/1/1,vvw,qonly,5.390625,relaxed-cost,LOCALLY_SOLVED,true,,247.14018745278184,endbus ph1,230.87869597376783,sourcebus ph3,3.086820173089784,endbus,0.021837645388248134,0.539949798311322,line1 c1,42.600810295147255,4.230136204618378,112.0332407268493,113.203125,1.1698842731507009,-9.355221344945434,-9.355221342725377,-5.771493177605387e-15,-2.2200508103239757e-9,0.0010986122886690946,2.4998862120219365e-7,2.499886064571298e-7,2.4998860899584675e-7,3.1109804614523053,9.999938384085343,-9.999943962786803,0.9999943962786805
3,7/1/1,vvw,qonly,5.390625,relaxed-VUF,LOCALLY_SOLVED,true,,254.47132021362103,endbus ph1,221.78852855155208,endbus ph2,0.704576486127045,endbus,0.058532224058822295,0.48120565476822924,line1 c1,115.52487336431982,4.902512505852292,106.65026184478192,113.203125,6.5528631552180805,-19.91378659983029,-19.913786594470675,3.1166063255266267e-10,-5.671277020016018e-9,0.0010986122886681936,2.499888016905944e-7,2.499888016893708e-7,2.499888017129578e-7,9.999745086499546,-9.999791261504472,2.518444089119458,0.9999791261504474
3,7/1/1,vvw,qcap,5.390625,relaxed-cost,LOCALLY_SOLVED,true,,248.98994185083396,endbus ph1,229.31672367454055,endbus ph2,2.5811888672332244,endbus,0.03895070268363244,0.5312722523055974,line1 c1,76.09874291886504,4.4086622299830704,111.36135758402091,113.203125,1.8417674159791009,-12.434228369022238,-12.003861170400352,5.635105591332997e-15,-0.430367198621889,0.0010986122886690946,2.4999067442413204e-7,2.499906648950721e-7,2.499906733687466e-7,5.006030841466942,9.999966341548866,1.891831169632867e-5,0.9999966341548869
3,7/1/1,vvw,qcap,5.390625,relaxed-VUF,LOCALLY_SOLVED,true,,253.37836459750545,endbus ph1,223.58174768588893,endbus ph2,1.4988331866572333,endbus,0.0555152030233835,0.503255462401345,line1 c1,108.90247099098686,4.7402642790325595,109.05984020144071,113.203125,4.143284798559299,-18.690046460606844,-18.330012895600444,1.2282618710083267e-14,-0.3600335650064148,0.0010986122886681936,2.4999759672254415e-7,2.4999759639352023e-7,2.4999759678246495e-7,9.999938690279695,4.3225156687388725e-5,6.791969153148217,0.9999938690279698
3,7/1/1,vvw,ponly,5.390625,relaxed-cost,LOCALLY_SOLVED,true,,244.7755175918679,endbus ph1,230.92092679952123,sourcebus ph1,0.9783148003528108,endbus,0.023976585122581755,0.4393984061958609,line1 c1,47.468929168172096,3.3244458495677085,112.63493239793713,113.203125,0.5681926020628669,-6.308339841793657,-6.01385890794384,1.0707874107557638e-14,-0.29448093384982826,0.0010986856625633658,-9.999979617520532,5.145930145651892,4.854049471868641,-1.3030997265024277e-16,8.377376207070021e-17,6.536249465464487e-17,0.9999979617520532
3,7/1/1,vvw,ponly,5.390625,relaxed-VUF,LOCALLY_SOLVED,true,,245.81109061156573,endbus ph3,229.80467807980654,endbus ph2,0.7817788221327865,endbus,0.03164048294858217,0.4392943279970242,line1 c1,63.173101730975205,3.5555240669626333,112.67747645091318,113.203125,0.5256485490868323,-6.322169800405267,-5.0986554592253555,9.210712203467718e-15,-1.2235143411799214,0.0010986123082188026,-9.99967390768702,1.1083071084762186,8.89136679921082,-1.64519471061385e-14,-1.892628566677282e-15,1.881564879239825e-14,0.999967390768702
3,7/1/1,vvw,pq,5.390625,relaxed-cost,LOCALLY_SOLVED,true,,242.23318516730978,endbus ph1,230.92796939481977,sourcebus ph3,1.645332435909578,endbus,0.007691939189642877,0.4387136749827575,line1 c1,14.980378276669123,3.167599290701595,113.01108466307193,113.203125,0.19204033692807876,-2.8090293020119907,-2.8089282390494694,-9.865234120312953e-5,-2.410621318022508e-6,0.0010986123444876328,-9.968618079928794,5.777384702275984,4.191233377652811,0.791344081738458,6.781917825085874,-5.603906447334325,0.9999978593936374
3,7/1/1,vvw,pq,5.390625,relaxed-VUF,LOCALLY_SOLVED,true,,249.34483391599605,endbus ph1,222.7006190739614,endbus ph2,0.032871163760608946,mid2,0.04928882762029971,0.44623276253879274,line1 c1,97.24750162630876,4.442872039350702,111.14602842412565,113.203125,2.057096575874362,-13.585733613835488,-12.521603894388775,4.54862293329e-14,-1.0641297194467594,0.0010986122886681936,-7.796489115100901,-0.5071785432853418,8.303667658386242,5.0019433992647,-8.853703306518018,3.1273311193803095,0.9263081576415839
